temperature,oil_temperature,oil_pressure,voltage,current,vibration,load,power_factor,frequency,temp_oil_delta,apparent_power_ratio,temp_rate_of_change,vib_rate_of_change,rolling_temp_std,rolling_current_std,failure_label,failure_mode,is_failure
57.91,49.49,25.82,402.76,25.15,1.7,45.9,0.979,49.99,8.41,0.507,0.0143,0.0009,0.803,0.541,0,NORMAL,0
103.82,86.39,32.01,386.3,76.58,2.73,122.22,0.928,49.87,17.43,1.479,0.3085,0.1257,3.629,6.913,1,THERMAL_OVERLOAD,1
61.5,54.25,23.79,398.9,27.64,1.33,47.21,0.97,50.01,7.25,0.551,-0.0563,0.0124,0.42,1.026,0,NORMAL,0
58.84,49.96,23.52,396.52,32.41,1.26,54.61,0.974,50.08,8.88,0.643,0.0128,-0.0047,0.937,0.731,0,NORMAL,0
75.68,84.75,10.95,366.75,44.89,3.28,76.18,0.784,49.82,-9.08,0.823,0.191,-0.026,2.05,3.995,3,DIELECTRIC_FAULT,1
66.74,62.61,25.46,396.48,44.41,1.01,75.42,0.931,49.98,4.14,0.88,0.0027,-0.0007,0.606,1.409,0,NORMAL,0
66.0,59.23,23.7,399.38,43.26,1.08,74.92,0.969,49.95,6.77,0.864,0.0266,0.028,0.587,1.864,0,NORMAL,0
62.73,56.52,20.58,401.37,37.89,0.97,64.93,0.951,49.99,6.21,0.76,0.0023,-0.0045,1.142,1.503,0,NORMAL,0
56.66,48.54,26.49,397.7,31.79,1.28,54.11,0.98,50.04,8.12,0.632,-0.0139,0.0134,0.395,0.971,0,NORMAL,0
65.15,59.41,22.22,397.44,44.51,1.56,75.0,0.938,49.92,5.73,0.885,-0.0268,0.0103,0.51,1.255,0,NORMAL,0
82.61,81.01,43.7,410.25,33.4,2.75,64.36,0.782,49.71,1.59,0.685,0.3582,0.0828,3.079,2.837,3,DIELECTRIC_FAULT,1
59.58,51.45,23.0,399.45,33.48,1.59,60.95,0.945,49.91,8.13,0.669,-0.013,-0.007,0.553,0.573,0,NORMAL,0
64.34,55.26,23.4,397.43,34.83,1.4,58.43,0.939,50.05,9.09,0.692,0.0099,-0.0115,0.468,1.73,0,NORMAL,0
61.93,52.17,27.88,394.99,34.07,1.0,55.56,0.93,49.97,9.76,0.673,0.0017,-0.0062,0.655,1.277,0,NORMAL,0
59.03,54.59,28.92,393.7,27.63,1.92,46.85,0.933,49.93,4.43,0.544,0.0107,-0.0012,0.321,1.1,0,NORMAL,0
64.49,56.22,28.18,398.46,34.17,1.01,62.93,0.966,49.97,8.26,0.681,-0.0013,-0.0393,1.187,1.803,0,NORMAL,0
60.6,56.47,22.64,396.79,38.56,1.8,62.31,0.961,50.07,4.13,0.765,0.0344,0.0118,0.831,1.128,0,NORMAL,0
70.21,89.39,10.27,402.73,39.93,2.61,69.07,0.739,49.39,-19.18,0.804,0.228,0.0106,3.864,2.859,3,DIELECTRIC_FAULT,1
64.87,55.68,25.55,404.55,39.7,1.48,67.29,0.979,50.0,9.2,0.803,-0.0244,0.0165,0.738,1.988,0,NORMAL,0
60.3,53.98,20.73,402.56,32.58,1.61,54.43,0.973,50.16,6.32,0.656,-0.0016,0.0057,1.028,1.647,0,NORMAL,0
65.0,55.75,21.45,405.51,34.66,2.1,54.65,0.956,49.98,9.26,0.703,0.0471,-0.0158,0.571,1.451,0,NORMAL,0
87.13,82.28,54.15,380.21,43.36,3.44,85.66,0.695,49.81,4.85,0.824,0.1186,-0.0832,1.687,2.81,3,DIELECTRIC_FAULT,1
67.84,60.79,26.45,404.03,44.35,1.81,74.92,0.953,50.0,7.05,0.896,-0.0198,-0.0054,1.021,0.754,0,NORMAL,0
62.22,53.49,26.66,393.05,33.14,1.64,55.13,0.965,50.04,8.73,0.651,-0.0036,0.0602,0.725,0.974,0,NORMAL,0
77.94,70.03,26.33,391.98,39.0,7.7,68.49,0.939,50.1,7.92,0.764,0.0184,0.4237,1.888,2.839,2,MECHANICAL_FAULT,1
92.83,102.44,33.51,387.93,68.86,2.91,103.0,0.939,49.64,-9.61,1.336,0.1744,0.038,3.978,4.594,1,THERMAL_OVERLOAD,1
63.84,53.9,24.63,390.9,36.54,2.2,61.03,0.956,50.05,9.94,0.714,0.0062,-0.0247,0.426,1.454,0,NORMAL,0
106.38,98.88,59.94,343.2,113.29,15.62,150.28,0.753,48.32,7.5,1.944,0.7818,0.8884,9.603,11.548,4,CRITICAL_FAILURE,1
68.59,59.88,21.63,401.33,46.11,1.32,77.81,0.934,49.97,8.71,0.925,-0.0329,0.009,0.963,0.785,0,NORMAL,0
64.43,59.94,25.78,400.54,41.52,2.16,72.95,0.98,49.96,4.49,0.831,0.0086,0.0032,0.382,1.364,0,NORMAL,0
91.63,88.87,53.04,399.09,47.65,3.7,76.26,0.689,49.8,2.77,0.951,0.3196,0.0884,2.335,3.153,3,DIELECTRIC_FAULT,1
75.69,68.85,24.61,399.53,34.67,10.15,62.06,0.943,50.05,6.84,0.692,0.0482,0.1388,1.687,1.047,2,MECHANICAL_FAULT,1
114.17,92.93,26.05,389.36,72.78,2.55,120.98,0.905,49.77,21.24,1.417,0.2339,0.0235,4.317,3.694,1,THERMAL_OVERLOAD,1
65.67,59.14,26.47,398.93,37.63,2.18,61.9,0.943,49.97,6.53,0.751,0.0131,0.0023,0.452,0.607,0,NORMAL,0
65.85,57.91,19.89,398.94,37.45,0.89,60.76,0.969,50.11,7.94,0.747,0.0051,0.009,0.592,1.717,0,NORMAL,0
67.54,59.32,24.95,398.39,36.12,1.58,60.86,0.93,50.01,8.21,0.719,-0.0613,-0.0049,0.233,0.618,0,NORMAL,0
60.2,53.0,20.98,405.07,28.39,1.35,49.21,0.931,50.1,7.2,0.575,0.0399,0.0121,0.99,1.437,0,NORMAL,0
57.13,48.13,21.77,399.78,29.85,0.86,48.99,0.961,50.01,9.0,0.597,0.008,-0.0009,0.98,1.713,0,NORMAL,0
85.95,77.41,43.41,365.9,35.69,3.24,57.77,0.748,49.84,8.53,0.653,0.3375,0.184,1.657,4.44,3,DIELECTRIC_FAULT,1
63.13,55.37,23.59,402.27,31.67,0.81,51.84,0.949,49.95,7.77,0.637,-0.0212,0.0241,0.414,0.762,0,NORMAL,0
63.34,54.97,23.25,400.13,40.14,1.8,68.83,0.979,50.02,8.37,0.803,-0.0051,-0.002,0.868,1.554,0,NORMAL,0
65.45,56.7,24.86,402.14,46.09,0.91,76.24,0.933,49.94,8.74,0.927,0.004,-0.0004,0.337,0.741,0,NORMAL,0
61.07,53.61,26.29,398.83,34.4,0.89,55.66,0.935,50.04,7.46,0.686,0.0184,-0.0203,0.222,1.041,0,NORMAL,0
62.01,57.43,27.43,398.73,34.22,1.82,56.63,0.943,50.08,4.57,0.682,-0.0254,-0.0006,1.162,1.28,0,NORMAL,0
62.49,57.21,26.36,396.21,40.38,10.6,72.56,0.915,49.91,5.28,0.8,-0.0214,0.1606,1.381,2.262,2,MECHANICAL_FAULT,1
92.71,104.77,32.48,391.9,70.8,2.63,116.27,0.94,50.06,-12.06,1.387,0.5834,0.0598,3.101,4.854,1,THERMAL_OVERLOAD,1
85.28,79.15,52.69,406.64,38.12,2.0,65.29,0.689,49.72,6.13,0.775,0.2664,0.0739,3.645,4.932,3,DIELECTRIC_FAULT,1
63.89,55.73,23.48,400.16,44.65,1.05,72.77,0.975,50.08,8.16,0.893,-0.0264,-0.0127,0.909,1.685,0,NORMAL,0
71.56,61.86,29.25,391.7,41.75,1.71,74.53,0.944,50.11,9.7,0.818,0.0167,0.022,0.378,0.55,0,NORMAL,0
62.33,53.1,23.88,398.08,32.31,1.86,56.41,0.931,50.02,9.23,0.643,0.047,-0.0013,0.883,1.169,0,NORMAL,0
66.79,59.06,26.52,394.67,39.91,2.16,65.15,0.94,50.0,7.73,0.788,0.0188,-0.0136,0.581,1.654,0,NORMAL,0
60.59,56.15,21.75,393.55,32.8,0.85,50.79,0.953,49.95,4.44,0.646,-0.0086,0.0325,1.163,1.747,0,NORMAL,0
58.99,49.15,26.93,400.9,30.24,1.2,48.08,0.974,50.02,9.84,0.606,0.0144,-0.0201,0.732,1.035,0,NORMAL,0
62.48,55.59,26.57,398.56,30.0,2.06,51.09,0.941,49.99,6.89,0.598,-0.0124,0.0053,0.23,1.755,0,NORMAL,0
64.88,54.99,25.45,398.94,41.37,2.03,70.01,0.957,50.02,9.89,0.825,-0.0647,0.0178,0.274,1.707,0,NORMAL,0
60.59,52.43,25.39,401.97,37.98,5.28,70.88,0.905,50.01,8.16,0.763,0.0322,0.4557,1.201,1.369,2,MECHANICAL_FAULT,1
63.14,55.95,24.5,394.1,29.06,1.79,48.34,0.978,49.99,7.2,0.573,-0.0606,0.0077,1.138,1.047,0,NORMAL,0
92.73,103.82,33.47,407.26,71.54,2.12,110.75,0.935,49.75,-11.09,1.457,0.7996,-0.0239,5.58,4.049,1,THERMAL_OVERLOAD,1
60.81,51.44,24.51,405.13,35.09,0.85,57.6,0.973,50.07,9.37,0.711,-0.041,0.0302,0.958,1.288,0,NORMAL,0
70.2,61.31,23.5,395.75,40.92,7.53,73.03,0.931,49.97,8.9,0.81,0.0105,0.4606,0.867,2.516,2,MECHANICAL_FAULT,1
104.19,102.4,25.79,389.2,86.24,3.16,128.46,0.892,49.9,1.79,1.678,0.6208,0.0995,3.009,5.484,1,THERMAL_OVERLOAD,1
64.23,57.88,24.2,396.72,40.61,0.94,67.41,0.939,49.93,6.36,0.806,-0.0353,-0.0041,1.06,1.724,0,NORMAL,0
75.32,76.67,44.71,377.99,35.5,2.72,62.43,0.837,49.8,-1.35,0.671,0.1841,0.1225,3.389,2.321,3,DIELECTRIC_FAULT,1
57.8,51.41,25.1,395.09,38.4,8.99,73.29,0.903,50.08,6.39,0.759,0.1235,0.1999,1.98,2.83,2,MECHANICAL_FAULT,1
62.17,53.72,21.4,404.67,32.26,0.88,56.32,0.977,49.95,8.45,0.653,0.0024,-0.0029,0.578,1.923,0,NORMAL,0
65.72,61.24,22.94,389.08,41.02,1.81,64.66,0.976,49.95,4.48,0.798,0.0162,0.0104,0.351,0.742,0,NORMAL,0
62.96,53.87,22.96,402.24,35.41,1.66,57.69,0.939,50.04,9.09,0.712,0.0101,-0.0187,0.825,0.735,0,NORMAL,0
63.55,53.56,23.59,405.0,33.23,1.85,59.93,0.957,50.03,9.99,0.673,0.0216,-0.0016,0.902,1.523,0,NORMAL,0
63.93,59.87,24.1,399.91,41.13,1.02,70.03,0.968,49.95,4.06,0.822,0.0049,0.0082,0.413,1.04,0,NORMAL,0
64.36,54.87,25.87,402.35,35.37,0.87,60.66,0.969,50.04,9.49,0.712,0.0118,0.0091,0.708,0.849,0,NORMAL,0
65.35,58.02,22.67,408.08,40.94,1.87,65.21,0.936,50.06,7.33,0.835,0.0343,-0.0124,1.149,0.658,0,NORMAL,0
88.67,99.45,25.21,409.18,71.88,3.72,111.66,0.889,49.73,-10.78,1.471,0.2952,0.0363,4.457,5.029,1,THERMAL_OVERLOAD,1
60.14,52.33,23.6,398.35,35.82,1.73,55.18,0.939,50.02,7.81,0.713,0.0051,-0.0303,0.489,1.492,0,NORMAL,0
63.24,54.31,22.46,397.74,33.79,1.91,54.45,0.969,49.88,8.93,0.672,0.0003,-0.0359,0.686,1.002,0,NORMAL,0
115.57,86.59,31.41,392.67,63.86,2.38,101.97,0.884,49.83,28.99,1.254,0.6769,-0.0133,4.372,3.155,1,THERMAL_OVERLOAD,1
60.4,54.56,25.49,397.51,29.94,1.45,46.78,0.973,49.97,5.84,0.595,0.0403,-0.0131,0.486,1.24,0,NORMAL,0
60.99,56.37,29.16,397.28,29.57,1.04,48.92,0.958,50.02,4.62,0.587,-0.0047,-0.0382,0.25,0.579,0,NORMAL,0
61.13,55.93,25.21,394.17,33.31,1.17,55.56,0.933,49.98,5.2,0.656,0.0206,-0.0123,1.051,1.225,0,NORMAL,0
62.17,54.42,24.17,396.48,38.72,0.98,62.15,0.971,50.0,7.74,0.768,-0.0352,-0.0011,0.665,0.88,0,NORMAL,0
62.11,57.64,25.42,395.84,26.69,0.9,48.61,0.973,50.03,4.47,0.528,-0.033,0.025,0.325,0.695,0,NORMAL,0
96.08,84.02,35.03,400.79,76.21,2.44,117.65,0.916,49.87,12.06,1.527,0.5643,0.0199,3.801,5.121,1,THERMAL_OVERLOAD,1
112.26,87.87,30.19,395.48,84.83,3.92,130.38,0.92,49.92,24.4,1.677,0.3718,0.0613,3.553,5.672,1,THERMAL_OVERLOAD,1
91.18,90.57,35.01,391.31,69.93,2.83,110.09,0.88,49.94,0.61,1.368,0.6632,0.0403,5.038,6.841,1,THERMAL_OVERLOAD,1
62.72,55.28,25.77,395.59,37.37,1.62,61.12,0.96,49.99,7.44,0.739,-0.014,-0.003,0.232,1.135,0,NORMAL,0
59.68,54.73,26.06,399.39,30.41,0.82,49.19,0.958,49.97,4.95,0.607,0.0039,-0.0476,0.763,0.97,0,NORMAL,0
86.08,86.02,8.62,395.86,37.42,3.67,74.11,0.794,49.77,0.06,0.741,0.3119,0.0473,2.996,2.89,3,DIELECTRIC_FAULT,1
64.48,58.98,26.01,397.7,37.99,1.65,59.37,0.959,49.99,5.5,0.755,-0.069,-0.0164,0.414,0.658,0,NORMAL,0
65.64,56.2,27.91,394.49,46.16,2.08,77.4,0.949,49.98,9.44,0.911,-0.0432,0.017,0.25,1.322,0,NORMAL,0
65.36,59.01,23.98,403.56,37.6,1.61,65.13,0.958,49.96,6.34,0.759,0.0042,-0.008,0.68,1.853,0,NORMAL,0
63.96,58.73,28.33,400.8,36.61,1.58,62.76,0.96,50.01,5.23,0.734,0.0091,-0.0138,1.053,1.769,0,NORMAL,0
62.99,53.63,25.83,406.72,40.79,0.86,64.87,0.962,49.94,9.37,0.829,0.0151,0.0117,1.056,0.596,0,NORMAL,0
60.4,55.66,24.01,399.0,30.01,1.38,52.67,0.975,49.95,4.74,0.599,0.006,0.0033,1.129,1.63,0,NORMAL,0
85.5,87.24,6.3,420.03,37.05,2.29,61.74,0.836,50.02,-1.74,0.778,0.2415,-0.0023,2.241,2.165,3,DIELECTRIC_FAULT,1
62.76,54.89,21.44,394.16,38.42,1.84,63.98,0.942,49.92,7.87,0.757,-0.019,0.0119,1.109,1.055,0,NORMAL,0
63.15,55.61,24.77,401.85,34.32,1.68,55.22,0.972,49.95,7.54,0.689,-0.0406,0.003,0.61,1.986,0,NORMAL,0
101.54,86.45,28.68,392.42,62.7,3.51,99.27,0.892,49.77,15.1,1.23,0.7762,0.0101,3.424,6.702,1,THERMAL_OVERLOAD,1
62.76,56.42,25.12,402.61,34.31,1.75,57.8,0.945,50.03,6.34,0.691,-0.0483,-0.0008,1.138,1.872,0,NORMAL,0
67.67,63.26,24.91,399.62,39.93,1.84,64.7,0.947,49.96,4.42,0.798,-0.0097,-0.0063,0.528,1.838,0,NORMAL,0
63.13,55.33,22.9,407.92,35.21,1.0,59.97,0.944,49.95,7.8,0.718,0.0067,-0.0389,0.864,1.072,0,NORMAL,0
58.34,50.64,24.12,392.02,30.34,1.32,50.72,0.961,50.01,7.7,0.595,0.0349,0.0002,0.859,0.744,0,NORMAL,0
64.94,56.21,25.12,399.94,28.63,1.16,52.63,0.977,49.9,8.73,0.573,-0.039,0.0017,0.473,0.624,0,NORMAL,0
66.02,61.29,28.5,401.01,40.65,1.03,67.27,0.971,50.02,4.72,0.815,0.037,-0.0084,0.527,1.131,0,NORMAL,0
71.73,66.71,26.38,391.37,35.03,8.13,69.13,0.953,50.04,5.02,0.685,0.0956,0.3261,0.845,1.167,2,MECHANICAL_FAULT,1
65.74,56.25,25.62,400.1,42.27,1.94,72.0,0.951,49.94,9.49,0.846,0.0233,0.0439,0.427,0.64,0,NORMAL,0
64.91,58.56,25.08,397.4,37.27,0.89,62.85,0.949,49.98,6.35,0.74,-0.0162,-0.0127,0.665,1.414,0,NORMAL,0
63.0,57.64,22.34,401.66,38.71,10.4,73.62,0.934,49.96,5.36,0.777,0.074,0.1303,0.856,2.591,2,MECHANICAL_FAULT,1
59.91,53.46,26.58,401.62,31.24,2.01,52.38,0.948,50.06,6.45,0.627,0.0732,0.0338,0.673,0.532,0,NORMAL,0
62.51,56.72,25.22,402.61,35.49,1.32,54.15,0.963,49.94,5.79,0.714,-0.0252,0.0007,0.484,0.653,0,NORMAL,0
60.36,52.11,24.59,403.86,33.51,1.2,59.79,0.943,49.99,8.24,0.677,-0.0063,-0.019,0.672,1.441,0,NORMAL,0
63.91,54.1,24.33,396.71,42.14,1.95,69.85,0.938,50.04,9.81,0.836,-0.0156,-0.0099,0.288,1.782,0,NORMAL,0
68.2,59.92,22.34,391.76,47.45,2.03,77.94,0.934,50.03,8.28,0.929,-0.0152,0.0485,0.518,1.74,0,NORMAL,0
83.32,78.51,11.3,406.71,50.35,2.84,86.26,0.836,49.51,4.81,1.024,0.2901,0.0885,3.287,3.87,3,DIELECTRIC_FAULT,1
64.45,60.18,23.99,398.33,44.69,1.73,75.44,0.957,50.13,4.27,0.89,0.0448,-0.0128,0.225,1.312,0,NORMAL,0
62.64,54.91,24.47,391.03,42.07,1.27,70.54,0.948,50.01,7.73,0.823,-0.0268,0.0244,1.104,1.649,0,NORMAL,0
59.96,55.61,26.46,398.69,31.72,0.86,51.79,0.936,50.0,4.34,0.632,0.022,-0.0016,0.516,1.261,0,NORMAL,0
62.17,52.91,24.25,407.97,37.46,1.62,58.58,0.975,50.06,9.26,0.764,0.0011,0.001,0.41,1.595,0,NORMAL,0
65.58,55.84,20.23,404.74,37.68,2.14,62.85,0.962,50.04,9.74,0.762,-0.0213,-0.0077,1.043,1.043,0,NORMAL,0
59.25,54.0,24.51,401.24,31.76,1.43,49.19,0.965,49.9,5.25,0.637,0.0449,0.0256,0.914,0.939,0,NORMAL,0
57.52,48.9,23.67,402.77,28.01,0.85,45.2,0.942,49.92,8.63,0.564,0.0153,0.0268,0.406,0.886,0,NORMAL,0
60.28,54.98,24.63,398.28,30.99,1.98,49.73,0.949,49.97,5.3,0.617,0.0143,0.0201,0.71,0.855,0,NORMAL,0
61.04,56.91,27.76,411.29,31.83,1.46,48.95,0.974,49.98,4.13,0.655,0.0373,0.0135,1.004,1.534,0,NORMAL,0
60.28,53.75,21.72,404.05,27.18,1.71,46.02,0.954,50.04,6.53,0.549,0.0134,-0.0117,0.637,1.943,0,NORMAL,0
116.95,99.95,28.14,389.69,63.08,2.12,100.12,0.927,49.85,17.0,1.229,0.373,-0.0326,3.59,4.235,1,THERMAL_OVERLOAD,1
63.6,58.27,24.07,399.45,29.34,1.18,48.2,0.955,50.02,5.33,0.586,0.0034,-0.0174,0.567,0.866,0,NORMAL,0
59.18,49.59,25.45,398.68,30.93,1.4,53.29,0.976,50.03,9.59,0.616,-0.0296,-0.0228,1.098,1.152,0,NORMAL,0
112.06,102.02,62.7,358.99,121.23,10.32,139.24,0.753,48.5,10.04,2.176,0.6288,0.7376,5.283,7.872,4,CRITICAL_FAILURE,1
66.32,59.47,23.74,403.87,43.2,0.92,73.18,0.97,50.05,6.84,0.872,-0.0401,-0.0135,0.829,0.781,0,NORMAL,0
57.84,51.91,26.54,402.23,29.42,1.7,53.11,0.973,50.05,5.94,0.592,0.0097,0.0029,0.651,0.517,0,NORMAL,0
58.95,50.14,28.0,401.13,33.74,6.77,62.32,0.944,49.94,8.81,0.677,0.0526,0.3537,1.758,2.461,2,MECHANICAL_FAULT,1
61.25,51.89,22.05,398.97,26.18,1.98,45.4,0.943,49.99,9.37,0.522,-0.0098,0.001,0.383,1.761,0,NORMAL,0
77.17,69.16,22.3,405.87,45.98,11.84,77.36,0.931,50.04,8.0,0.933,0.0254,0.1412,1.447,2.785,2,MECHANICAL_FAULT,1
65.81,56.97,22.23,401.29,44.0,11.4,81.71,0.93,49.99,8.84,0.883,-0.0158,0.3629,1.724,2.434,2,MECHANICAL_FAULT,1
63.22,55.49,22.42,406.9,32.1,1.98,54.29,0.946,50.01,7.72,0.653,-0.0004,0.0011,0.463,1.841,0,NORMAL,0
94.17,102.96,41.94,400.04,69.66,2.13,106.81,0.883,49.88,-8.79,1.393,0.4745,0.0057,4.417,5.744,1,THERMAL_OVERLOAD,1
67.27,61.56,22.93,403.02,48.3,2.05,77.62,0.939,50.12,5.72,0.973,-0.0326,0.0257,0.431,1.066,0,NORMAL,0
62.25,56.89,28.06,396.61,28.3,1.82,49.23,0.942,50.02,5.36,0.561,0.0249,-0.0076,0.923,1.569,0,NORMAL,0
64.21,59.13,22.97,402.82,43.13,1.54,70.2,0.971,50.0,5.08,0.869,0.0355,-0.0005,0.85,0.589,0,NORMAL,0
63.61,54.98,26.91,399.51,32.76,2.07,58.21,0.934,50.0,8.63,0.654,-0.0183,0.0119,1.005,1.775,0,NORMAL,0
65.67,56.46,25.45,394.22,44.81,0.9,76.75,0.958,50.0,9.21,0.883,0.0007,0.01,0.829,1.544,0,NORMAL,0
60.46,54.62,23.9,394.02,35.28,1.7,58.76,0.976,49.98,5.85,0.695,-0.057,0.0017,0.359,1.745,0,NORMAL,0
63.71,54.72,23.68,399.46,43.23,1.26,69.19,0.951,50.03,8.99,0.863,0.0359,-0.0318,0.964,0.771,0,NORMAL,0
62.11,56.83,22.2,395.5,42.26,0.85,67.16,0.946,50.1,5.29,0.836,0.0176,0.0192,0.925,1.547,0,NORMAL,0
64.05,57.89,27.77,398.53,38.07,1.44,66.39,0.934,49.97,6.16,0.759,-0.0152,0.0443,0.532,1.703,0,NORMAL,0
82.27,92.84,7.31,404.3,40.22,2.96,82.92,0.754,49.86,-10.57,0.813,0.1719,-0.0666,2.486,4.666,3,DIELECTRIC_FAULT,1
65.98,61.8,28.68,399.75,39.21,1.71,68.76,0.962,49.98,4.18,0.784,-0.028,-0.0212,1.053,0.541,0,NORMAL,0
64.24,59.7,23.43,403.88,46.95,2.14,77.19,0.966,50.01,4.54,0.948,0.0205,0.0193,0.79,1.175,0,NORMAL,0
59.44,51.85,22.03,395.57,33.61,1.72,55.5,0.947,49.99,7.6,0.665,-0.0353,0.0311,0.9,1.502,0,NORMAL,0
65.86,59.96,26.74,400.67,40.61,0.86,69.55,0.962,50.04,5.9,0.814,-0.0071,0.0144,1.069,0.651,0,NORMAL,0
62.4,53.58,23.74,402.61,38.65,0.96,63.03,0.934,50.15,8.82,0.778,-0.0383,-0.0217,1.154,1.675,0,NORMAL,0
91.94,85.84,35.48,404.08,84.66,3.93,129.67,0.937,49.85,6.1,1.711,0.7745,-0.0122,4.24,6.192,1,THERMAL_OVERLOAD,1
65.83,56.94,23.46,398.24,34.76,1.47,60.18,0.939,49.97,8.89,0.692,-0.048,-0.0283,0.332,1.87,0,NORMAL,0
85.77,84.37,52.47,381.12,47.53,1.94,89.72,0.749,50.01,1.4,0.906,0.2614,0.1181,3.563,3.084,3,DIELECTRIC_FAULT,1
68.52,59.96,26.22,396.76,46.64,1.29,77.86,0.953,50.02,8.56,0.925,0.0022,0.0111,0.469,1.984,0,NORMAL,0
66.82,60.24,23.62,405.58,41.48,1.03,68.93,0.938,50.02,6.57,0.841,-0.0185,0.014,0.668,1.874,0,NORMAL,0
55.64,48.7,23.48,401.08,31.77,6.88,60.64,0.908,49.96,6.94,0.637,0.0563,0.1492,1.613,2.055,2,MECHANICAL_FAULT,1
59.89,54.15,25.2,402.98,32.87,1.1,56.43,0.943,50.12,5.74,0.662,0.046,0.0212,0.366,1.423,0,NORMAL,0
63.76,55.41,25.44,396.45,35.6,1.45,60.8,0.934,49.99,8.35,0.706,-0.0166,0.046,0.206,1.985,0,NORMAL,0
97.07,85.0,29.63,401.8,72.52,2.12,112.6,0.921,49.92,12.07,1.457,0.636,0.0534,5.517,4.648,1,THERMAL_OVERLOAD,1
62.67,57.35,26.97,399.29,30.57,0.92,54.03,0.964,49.94,5.32,0.61,0.0262,0.013,0.62,1.458,0,NORMAL,0
61.43,55.22,25.11,396.82,36.79,2.04,59.13,0.968,50.02,6.21,0.73,-0.0053,-0.0391,0.739,1.695,0,NORMAL,0
66.27,58.14,24.63,402.44,41.37,0.8,65.91,0.962,50.04,8.12,0.832,0.033,-0.0093,1.049,0.717,0,NORMAL,0
59.94,52.54,24.23,402.94,30.98,1.53,49.63,0.957,49.99,7.4,0.624,0.0345,-0.0292,0.269,0.718,0,NORMAL,0
65.95,59.79,25.0,398.25,42.78,1.41,70.8,0.953,50.03,6.16,0.852,-0.0165,-0.0244,0.57,0.579,0,NORMAL,0
62.87,55.72,25.21,400.81,28.57,1.96,49.38,0.956,50.02,7.15,0.573,0.0249,-0.0213,1.123,1.762,0,NORMAL,0
105.84,113.09,48.86,346.65,122.49,15.58,140.63,0.688,49.17,-7.26,2.123,0.6388,0.8263,6.583,11.767,4,CRITICAL_FAILURE,1
73.94,68.31,26.46,394.92,40.69,6.23,70.94,0.949,49.97,5.63,0.804,0.0094,0.6269,1.468,1.896,2,MECHANICAL_FAULT,1
62.67,54.19,27.38,403.7,29.83,1.81,48.44,0.963,50.02,8.48,0.602,0.0444,0.0076,0.218,1.05,0,NORMAL,0
60.84,55.99,25.26,400.48,26.98,1.33,49.07,0.958,50.06,4.86,0.54,0.0416,-0.006,0.615,0.536,0,NORMAL,0
61.78,56.94,26.65,394.95,29.99,0.85,52.48,0.972,49.98,4.84,0.592,-0.0131,0.0023,0.802,1.139,0,NORMAL,0
68.06,61.92,24.02,407.75,43.11,1.58,72.61,0.93,50.04,6.15,0.879,-0.0184,0.0337,0.379,1.239,0,NORMAL,0
61.73,57.67,26.42,404.7,39.46,1.66,67.4,0.974,50.01,4.06,0.799,-0.0184,0.0072,1.102,0.6,0,NORMAL,0
59.04,49.53,27.69,408.88,24.21,1.64,45.4,0.976,49.97,9.51,0.495,-0.0491,-0.0184,1.087,0.574,0,NORMAL,0
62.45,58.32,23.14,398.97,34.19,1.39,53.03,0.969,50.04,4.13,0.682,-0.0574,0.0132,0.252,1.779,0,NORMAL,0
99.3,90.44,26.11,397.25,76.65,3.26,126.35,0.899,49.97,8.86,1.522,0.3204,0.0589,5.003,6.137,1,THERMAL_OVERLOAD,1
107.66,112.34,55.49,359.16,92.0,14.96,122.67,0.653,48.23,-4.67,1.652,1.7229,0.871,8.042,8.907,4,CRITICAL_FAILURE,1
73.13,67.73,27.75,393.02,42.67,5.94,71.03,0.95,50.04,5.4,0.839,0.0298,0.4168,1.693,1.595,2,MECHANICAL_FAULT,1
72.71,64.4,23.59,400.09,36.8,7.2,65.76,0.932,49.97,8.31,0.736,0.0383,0.3169,1.482,2.468,2,MECHANICAL_FAULT,1
89.31,82.33,10.12,388.98,28.83,2.46,60.53,0.829,49.77,6.98,0.561,0.1842,0.08,3.711,3.339,3,DIELECTRIC_FAULT,1
65.4,56.64,20.19,400.87,46.84,1.72,77.0,0.944,50.04,8.75,0.939,0.027,0.0066,1.008,1.478,0,NORMAL,0
130.61,98.17,52.03,354.28,94.41,8.92,152.66,0.69,48.23,32.44,1.672,1.5391,0.8467,7.656,10.156,4,CRITICAL_FAILURE,1
63.46,56.16,27.36,394.24,29.78,1.18,47.45,0.942,49.94,7.3,0.587,0.0133,0.0035,0.943,1.489,0,NORMAL,0
75.54,68.93,23.9,398.37,39.5,7.25,74.92,0.955,50.0,6.61,0.787,-0.0159,0.2539,1.258,1.822,2,MECHANICAL_FAULT,1
58.49,50.48,25.02,396.71,43.17,7.22,76.12,0.907,50.03,8.01,0.856,-0.1478,0.1525,1.386,2.292,2,MECHANICAL_FAULT,1
64.49,59.81,25.45,411.19,39.53,1.12,67.34,0.962,50.0,4.68,0.813,0.0091,0.005,0.506,0.79,0,NORMAL,0
55.87,50.2,26.08,400.26,46.24,11.65,82.76,0.917,50.03,5.67,0.925,0.0303,0.2022,1.069,1.883,2,MECHANICAL_FAULT,1
60.0,53.12,23.43,396.08,28.17,1.86,46.7,0.933,50.03,6.88,0.558,-0.0139,-0.0148,0.996,1.775,0,NORMAL,0
61.54,53.17,23.13,402.08,29.7,1.96,51.64,0.936,50.0,8.37,0.597,-0.0159,-0.0027,0.91,1.255,0,NORMAL,0
67.44,62.9,22.78,394.13,39.32,1.09,67.28,0.94,49.99,4.54,0.775,-0.0073,0.0297,0.86,1.213,0,NORMAL,0
63.11,54.25,24.85,404.24,35.41,1.36,57.45,0.968,49.96,8.86,0.716,-0.0658,0.0004,0.906,1.21,0,NORMAL,0
65.81,56.13,24.97,404.51,38.63,1.23,66.35,0.97,50.02,9.67,0.781,0.0021,0.0308,0.968,1.246,0,NORMAL,0
67.19,62.73,22.63,399.52,37.05,1.65,65.64,0.977,50.02,4.46,0.74,-0.0101,0.0099,0.983,1.619,0,NORMAL,0
103.89,98.61,35.27,401.8,84.5,3.89,122.58,0.924,49.9,5.29,1.698,0.7882,0.0116,6.476,4.07,1,THERMAL_OVERLOAD,1
64.34,55.83,25.2,403.55,39.2,1.8,64.4,0.978,50.01,8.51,0.791,0.0088,-0.0032,0.757,1.564,0,NORMAL,0
91.27,88.07,9.83,382.99,35.39,2.38,56.8,0.746,49.86,3.2,0.678,0.3614,0.0148,2.217,2.99,3,DIELECTRIC_FAULT,1
64.97,60.14,23.58,403.96,40.7,1.71,68.32,0.932,49.96,4.83,0.822,-0.0064,0.0002,0.439,1.867,0,NORMAL,0
63.62,56.04,20.93,400.2,43.79,1.45,71.32,0.946,49.97,7.58,0.876,-0.0596,-0.0174,0.766,0.857,0,NORMAL,0
105.2,115.12,57.23,334.75,97.03,13.52,121.58,0.629,48.46,-9.92,1.624,0.6902,1.198,5.722,6.813,4,CRITICAL_FAILURE,1
75.77,86.7,11.33,373.58,46.43,3.73,79.53,0.763,49.93,-10.93,0.867,0.2763,0.0134,3.825,4.896,3,DIELECTRIC_FAULT,1
97.66,100.84,27.36,397.51,79.47,2.39,116.87,0.897,50.06,-3.18,1.58,0.6545,-0.0002,3.848,5.043,1,THERMAL_OVERLOAD,1
67.27,60.51,28.84,395.6,42.23,2.06,71.95,0.941,49.97,6.77,0.835,0.0147,0.0192,0.658,1.586,0,NORMAL,0
62.42,57.52,24.98,395.03,30.62,1.5,51.35,0.948,49.9,4.9,0.605,-0.0831,-0.0039,1.023,0.544,0,NORMAL,0
67.25,61.92,24.59,396.41,42.29,7.55,76.53,0.926,49.92,5.33,0.838,-0.0308,0.4711,1.782,1.006,2,MECHANICAL_FAULT,1
62.31,53.44,27.3,407.25,35.36,0.95,61.92,0.965,50.1,8.86,0.72,-0.0066,-0.0222,0.677,1.947,0,NORMAL,0
68.79,62.28,24.6,384.12,40.95,11.29,67.53,0.948,50.04,6.51,0.787,0.0028,0.581,1.391,2.359,2,MECHANICAL_FAULT,1
67.12,57.37,24.7,395.81,41.86,1.94,74.18,0.948,50.01,9.75,0.828,-0.0319,-0.0193,0.892,1.62,0,NORMAL,0
70.96,76.31,11.15,375.72,32.53,2.23,61.13,0.771,49.8,-5.35,0.611,0.3643,0.03,2.178,4.093,3,DIELECTRIC_FAULT,1
100.85,95.04,30.34,398.95,70.77,3.1,111.15,0.897,50.01,5.82,1.412,0.7358,0.0492,2.73,4.948,1,THERMAL_OVERLOAD,1
63.85,54.03,23.08,403.94,38.15,1.02,61.73,0.973,50.05,9.81,0.771,0.0221,-0.0197,1.106,1.04,0,NORMAL,0
60.26,54.75,25.4,405.5,28.36,1.26,48.12,0.973,50.06,5.51,0.575,0.0431,0.0304,0.704,0.912,0,NORMAL,0
61.04,51.61,26.88,398.35,34.07,1.55,56.11,0.941,49.92,9.43,0.679,-0.0147,-0.0125,0.703,0.907,0,NORMAL,0
113.29,84.49,35.57,392.13,66.22,3.26,111.29,0.889,50.07,28.79,1.298,0.5114,0.0572,4.255,3.414,1,THERMAL_OVERLOAD,1
60.82,51.19,25.57,400.38,35.94,1.68,57.67,0.947,50.02,9.64,0.719,-0.0125,0.0127,1.094,1.683,0,NORMAL,0
61.27,56.02,24.76,400.84,36.66,1.73,63.08,0.976,49.93,5.25,0.735,-0.0131,0.0176,0.948,1.803,0,NORMAL,0
56.86,52.76,27.6,399.87,27.84,1.48,45.66,0.94,50.05,4.1,0.557,0.0544,-0.0048,0.955,1.378,0,NORMAL,0
64.84,58.84,27.0,405.71,33.86,1.5,57.7,0.953,49.97,5.99,0.687,-0.0455,-0.0166,1.12,1.611,0,NORMAL,0
62.65,57.02,25.76,398.02,39.86,1.67,68.66,0.967,49.99,5.63,0.793,0.0512,0.029,0.393,0.728,0,NORMAL,0
68.08,61.31,24.82,400.95,46.02,1.09,75.22,0.938,50.03,6.78,0.923,-0.01,0.0441,1.122,1.269,0,NORMAL,0
88.29,84.66,28.93,388.42,80.84,3.92,131.43,0.903,49.75,3.63,1.57,0.2648,-0.0153,4.535,5.893,1,THERMAL_OVERLOAD,1
71.28,63.84,25.1,396.19,35.98,6.23,70.31,0.937,49.92,7.44,0.713,0.0161,0.444,1.35,1.64,2,MECHANICAL_FAULT,1
60.08,54.79,26.74,396.49,29.28,1.58,50.28,0.947,49.99,5.29,0.58,0.0388,-0.0333,0.783,1.411,0,NORMAL,0
87.91,82.04,10.16,381.89,50.02,3.18,88.13,0.71,49.56,5.87,0.955,0.3256,0.0046,1.796,2.262,3,DIELECTRIC_FAULT,1
67.86,62.11,24.4,402.97,44.83,1.59,73.97,0.935,50.02,5.75,0.903,-0.0445,0.0122,0.432,0.501,0,NORMAL,0
72.24,93.08,7.37,394.18,28.73,2.66,55.79,0.769,49.67,-20.85,0.566,0.2577,0.0326,3.017,4.422,3,DIELECTRIC_FAULT,1
66.97,60.57,25.05,397.37,39.43,2.18,65.1,0.973,50.03,6.4,0.783,-0.0203,-0.0336,0.853,1.093,0,NORMAL,0
64.49,54.67,21.31,403.16,43.42,2.03,71.74,0.953,50.01,9.82,0.875,0.0194,-0.0139,0.992,1.497,0,NORMAL,0
65.41,57.24,24.5,402.24,42.23,1.53,68.81,0.963,49.99,8.17,0.849,0.0104,-0.0229,1.065,1.591,0,NORMAL,0
67.9,58.84,21.84,399.05,47.37,2.09,76.3,0.954,49.96,9.06,0.945,-0.0286,-0.0053,0.521,1.953,0,NORMAL,0
64.2,55.26,20.33,404.22,44.79,1.6,77.16,0.948,50.1,8.94,0.905,-0.0469,0.0285,1.083,0.834,0,NORMAL,0
61.68,56.71,26.41,398.8,35.39,0.92,59.85,0.961,50.05,4.97,0.706,0.0114,0.0145,0.711,0.968,0,NORMAL,0
64.54,59.18,28.24,397.7,39.02,1.66,67.32,0.932,49.98,5.35,0.776,-0.0602,-0.0078,0.404,1.654,0,NORMAL,0
63.74,55.12,22.57,400.01,38.62,2.17,65.3,0.978,49.93,8.62,0.772,-0.0484,0.0412,0.461,0.534,0,NORMAL,0
60.64,51.38,26.03,391.72,28.25,1.86,49.18,0.945,49.96,9.25,0.553,0.0188,0.0256,0.812,1.738,0,NORMAL,0
109.92,90.64,31.64,390.55,80.72,2.61,121.61,0.897,49.91,19.28,1.576,0.1613,-0.0384,5.012,4.478,1,THERMAL_OVERLOAD,1
60.58,56.28,28.08,402.62,26.32,1.06,45.22,0.943,50.0,4.3,0.53,0.0303,0.0179,1.116,1.977,0,NORMAL,0
64.54,54.98,24.44,409.7,38.94,1.36,62.72,0.975,50.07,9.56,0.798,-0.0211,-0.0211,1.128,1.181,0,NORMAL,0
93.31,92.99,22.2,392.55,65.98,3.7,106.12,0.939,49.8,0.32,1.295,0.3984,0.0696,4.299,3.87,1,THERMAL_OVERLOAD,1
68.61,60.58,24.31,399.29,44.8,1.05,74.11,0.976,49.96,8.03,0.894,-0.0242,0.0004,1.03,0.721,0,NORMAL,0
60.54,52.92,20.82,395.06,32.96,1.21,53.47,0.952,50.06,7.62,0.651,-0.0289,-0.0144,0.551,1.404,0,NORMAL,0
111.7,98.5,31.9,394.95,80.63,3.64,122.61,0.904,49.85,13.2,1.592,0.3029,0.0758,3.847,3.771,1,THERMAL_OVERLOAD,1
71.93,64.91,25.25,397.01,37.17,10.52,67.62,0.951,50.0,7.02,0.738,0.0213,0.364,1.182,2.017,2,MECHANICAL_FAULT,1
90.65,102.36,30.15,387.95,71.53,2.36,110.55,0.884,50.03,-11.71,1.388,0.5474,0.1327,4.372,3.568,1,THERMAL_OVERLOAD,1
66.11,61.59,22.61,405.2,43.96,1.33,71.28,0.951,49.98,4.52,0.891,-0.0037,-0.008,1.148,0.712,0,NORMAL,0
68.04,61.82,26.55,401.69,45.75,1.93,77.93,0.957,49.96,6.21,0.919,-0.0456,-0.0032,0.717,1.984,0,NORMAL,0
67.06,61.78,27.12,405.96,43.41,1.35,69.92,0.952,49.91,5.28,0.881,-0.0081,0.0144,0.714,1.675,0,NORMAL,0
70.44,79.23,10.61,391.07,51.85,2.84,86.49,0.715,49.89,-8.79,1.014,0.2426,0.0943,3.529,2.612,3,DIELECTRIC_FAULT,1
91.31,87.99,29.2,392.98,82.44,3.38,127.43,0.926,50.01,3.32,1.62,0.7216,0.0329,3.623,3.602,1,THERMAL_OVERLOAD,1
62.42,57.24,24.25,393.67,34.12,0.88,61.36,0.94,49.97,5.18,0.672,-0.0329,0.0458,0.854,1.081,0,NORMAL,0
62.36,57.09,26.34,406.74,33.65,1.03,55.7,0.949,49.95,5.27,0.684,-0.052,0.0081,0.213,1.11,0,NORMAL,0
66.25,59.31,24.67,400.36,38.5,1.41,65.11,0.956,50.02,6.93,0.771,-0.071,-0.0004,0.41,0.588,0,NORMAL,0
67.59,61.59,22.65,401.29,44.1,2.07,76.25,0.961,49.86,6.0,0.885,-0.0014,-0.0171,1.177,1.505,0,NORMAL,0
64.71,56.34,24.25,402.97,35.42,1.79,59.67,0.944,50.01,8.37,0.714,0.0359,0.0218,0.594,1.481,0,NORMAL,0
74.75,88.05,8.73,395.46,39.47,3.77,87.58,0.696,49.47,-13.3,0.78,0.3557,0.0571,2.768,4.561,3,DIELECTRIC_FAULT,1
64.57,56.9,23.7,402.95,47.69,1.31,76.23,0.939,49.92,7.67,0.961,-0.0712,-0.0095,0.378,1.175,0,NORMAL,0
66.01,57.54,26.09,407.6,42.86,1.44,71.7,0.941,49.98,8.47,0.874,-0.0071,0.021,0.95,1.322,0,NORMAL,0
65.27,55.29,28.64,396.48,41.15,1.37,69.63,0.957,50.02,9.98,0.816,-0.0236,-0.0094,0.992,0.593,0,NORMAL,0
70.68,63.46,32.84,401.49,39.91,7.05,75.01,0.902,49.97,7.21,0.801,0.0319,0.3748,1.805,2.111,2,MECHANICAL_FAULT,1
66.21,60.61,28.3,405.39,47.66,1.76,76.24,0.936,50.05,5.6,0.966,-0.0388,0.0114,0.507,1.32,0,NORMAL,0
59.57,50.85,22.83,393.12,30.65,1.18,51.8,0.938,50.01,8.72,0.602,0.0078,-0.0065,0.696,1.447,0,NORMAL,0
82.87,89.45,8.81,372.72,32.85,2.63,63.77,0.697,50.11,-6.58,0.612,0.1759,0.0218,3.57,3.951,3,DIELECTRIC_FAULT,1
64.11,58.29,21.72,393.35,46.33,1.32,75.2,0.97,49.99,5.82,0.911,-0.0153,0.0174,0.669,1.811,0,NORMAL,0
58.73,50.33,25.28,404.04,32.73,2.13,56.19,0.943,49.97,8.4,0.661,0.0272,-0.0165,0.439,1.606,0,NORMAL,0
63.63,54.01,26.04,407.15,39.74,1.76,65.34,0.937,49.97,9.62,0.809,0.0456,0.0002,0.419,1.807,0,NORMAL,0
65.75,59.01,24.33,398.75,44.61,1.18,77.56,0.948,49.99,6.74,0.889,-0.026,0.0181,0.276,1.194,0,NORMAL,0
67.11,59.88,24.44,398.34,41.9,1.07,70.64,0.954,50.04,7.23,0.835,-0.0016,0.0341,0.683,1.757,0,NORMAL,0
68.34,64.18,21.96,397.15,43.57,1.79,70.94,0.971,49.98,4.15,0.865,0.015,0.001,0.252,1.257,0,NORMAL,0
60.77,56.76,23.47,399.87,35.6,1.68,61.97,0.971,49.97,4.01,0.712,-0.0287,-0.039,0.315,0.729,0,NORMAL,0
78.03,95.86,46.43,379.87,42.39,1.9,75.15,0.778,49.85,-17.84,0.805,0.3631,0.0159,3.228,2.195,3,DIELECTRIC_FAULT,1
92.67,88.47,33.64,390.65,72.91,3.3,104.85,0.908,49.87,4.2,1.424,0.8129,0.0309,4.89,3.552,1,THERMAL_OVERLOAD,1
76.74,71.42,28.26,393.97,40.89,9.48,64.29,0.928,50.21,5.31,0.805,-0.0215,0.2135,0.841,1.65,2,MECHANICAL_FAULT,1
121.4,110.29,64.52,358.61,112.65,15.45,153.11,0.638,48.51,11.11,2.02,1.538,1.1515,8.943,12.595,4,CRITICAL_FAILURE,1
64.53,58.48,22.65,405.26,40.34,1.0,70.2,0.977,50.02,6.06,0.817,0.0355,0.0096,0.269,1.002,0,NORMAL,0
61.44,51.66,23.69,402.37,31.78,2.01,53.91,0.974,50.07,9.78,0.639,0.0073,0.0143,0.402,0.637,0,NORMAL,0
118.26,106.31,57.95,355.78,124.51,9.19,148.78,0.778,49.18,11.94,2.215,1.9844,0.9298,8.522,12.36,4,CRITICAL_FAILURE,1
89.33,101.19,39.71,385.24,77.07,2.4,117.36,0.913,49.98,-11.86,1.484,0.5214,0.0725,5.558,5.187,1,THERMAL_OVERLOAD,1
62.3,57.57,26.1,397.59,43.27,1.05,68.63,0.956,49.95,4.73,0.86,-0.018,0.0064,0.767,0.885,0,NORMAL,0
66.31,61.84,28.17,402.72,46.07,1.64,72.86,0.931,50.0,4.47,0.928,-0.0028,-0.0331,0.742,1.649,0,NORMAL,0
70.87,76.15,55.37,394.22,44.86,2.72,78.8,0.748,49.8,-5.28,0.884,0.0854,0.0748,3.9,2.037,3,DIELECTRIC_FAULT,1
69.82,60.65,25.36,396.29,42.61,2.13,75.18,0.961,49.93,9.17,0.844,0.0155,0.0213,1.039,1.917,0,NORMAL,0
109.65,108.18,64.56,331.0,89.42,9.2,139.17,0.712,48.7,1.47,1.48,0.6902,0.4273,6.553,12.163,4,CRITICAL_FAILURE,1
66.05,58.62,20.81,404.67,43.26,1.13,72.94,0.97,49.9,7.44,0.875,-0.0051,-0.0053,1.149,0.958,0,NORMAL,0
60.55,54.99,25.66,396.79,31.09,1.98,49.03,0.937,49.93,5.56,0.617,-0.0161,0.0081,0.39,1.875,0,NORMAL,0
62.63,56.01,28.94,404.38,34.53,2.0,61.45,0.933,49.84,6.63,0.698,0.0634,0.0043,0.882,1.901,0,NORMAL,0
64.26,59.14,25.31,403.1,43.97,2.07,71.87,0.932,49.96,5.12,0.886,0.0008,0.0261,1.061,1.765,0,NORMAL,0
62.56,52.84,24.65,405.54,34.59,0.88,57.27,0.95,49.94,9.72,0.701,-0.0012,-0.0081,0.983,1.506,0,NORMAL,0
64.7,57.97,25.71,393.27,38.23,2.07,66.21,0.938,49.99,6.73,0.752,0.0166,0.0176,1.175,1.195,0,NORMAL,0
61.46,53.64,23.08,394.63,33.17,1.08,55.09,0.954,50.0,7.82,0.654,0.005,0.0193,0.882,1.009,0,NORMAL,0
63.94,57.72,28.25,405.66,38.84,2.13,69.96,0.935,49.9,6.22,0.788,0.0028,-0.008,1.149,1.985,0,NORMAL,0
56.25,50.93,23.06,389.84,40.63,6.37,67.19,0.93,50.06,5.32,0.792,-0.0053,0.2472,1.664,1.421,2,MECHANICAL_FAULT,1
91.96,93.04,9.09,367.46,29.25,2.38,51.92,0.745,49.85,-1.08,0.537,0.1495,0.1058,1.674,3.82,3,DIELECTRIC_FAULT,1
61.62,53.46,23.02,394.83,35.81,1.71,62.22,0.94,49.94,8.16,0.707,0.0305,0.0129,0.563,1.354,0,NORMAL,0
114.74,102.79,30.88,375.34,81.75,3.79,127.69,0.929,49.81,11.95,1.534,0.6547,0.0325,4.827,3.669,1,THERMAL_OVERLOAD,1
91.56,88.27,35.98,391.38,87.29,3.33,133.92,0.881,49.84,3.29,1.708,0.7627,-0.031,2.704,3.2,1,THERMAL_OVERLOAD,1
58.49,50.76,24.64,406.54,28.01,1.62,46.28,0.944,49.99,7.73,0.569,0.0167,0.0373,0.3,1.898,0,NORMAL,0
64.65,60.23,27.35,400.65,31.78,2.01,52.12,0.944,50.01,4.41,0.637,0.0017,0.0312,0.645,0.591,0,NORMAL,0
65.91,59.75,23.14,403.03,40.98,1.55,69.1,0.962,50.04,6.17,0.826,-0.0048,-0.0324,1.086,0.704,0,NORMAL,0
70.08,92.74,44.51,383.33,45.26,3.37,83.69,0.691,49.49,-22.65,0.867,0.3497,0.063,3.727,3.756,3,DIELECTRIC_FAULT,1
57.13,48.4,28.96,397.57,47.5,9.74,77.62,0.948,49.97,8.73,0.944,0.0379,0.3676,1.756,2.15,2,MECHANICAL_FAULT,1
69.81,61.56,27.2,400.98,41.77,1.75,70.7,0.965,49.98,8.25,0.837,0.0303,0.0019,0.452,1.072,0,NORMAL,0
69.78,61.97,23.63,392.91,39.2,7.89,66.73,0.944,49.9,7.8,0.77,0.094,0.1256,1.945,2.545,2,MECHANICAL_FAULT,1
62.59,53.26,27.21,400.88,39.29,2.13,65.19,0.977,50.01,9.33,0.788,-0.0138,-0.0273,1.192,0.937,0,NORMAL,0
62.2,52.56,27.89,398.03,33.87,1.72,58.48,0.956,50.01,9.64,0.674,0.0074,-0.0142,0.355,1.122,0,NORMAL,0
61.39,51.65,26.38,403.71,36.52,1.43,60.71,0.969,50.02,9.74,0.737,0.0146,0.0159,0.708,1.439,0,NORMAL,0
75.54,80.72,43.49,419.04,41.21,3.31,69.15,0.7,50.2,-5.18,0.863,0.1972,-0.0193,2.097,4.379,3,DIELECTRIC_FAULT,1
59.56,51.93,25.92,407.3,30.29,1.27,49.74,0.959,49.97,7.64,0.617,-0.0077,-0.0127,0.628,1.487,0,NORMAL,0
74.63,78.65,47.18,396.5,38.81,3.52,71.54,0.707,49.9,-4.02,0.769,0.1143,0.0649,2.357,3.375,3,DIELECTRIC_FAULT,1
62.54,54.6,26.85,402.74,27.24,1.24,47.16,0.974,50.0,7.95,0.549,0.0471,0.0256,1.147,1.845,0,NORMAL,0
134.16,108.64,62.94,330.08,97.5,14.01,157.7,0.632,49.05,25.51,1.609,0.6766,0.806,6.779,9.254,4,CRITICAL_FAILURE,1
58.72,51.05,25.74,397.97,29.25,1.64,48.67,0.937,50.07,7.67,0.582,-0.0164,0.0442,1.046,1.763,0,NORMAL,0
72.74,93.79,53.27,382.3,26.96,1.97,57.53,0.836,49.7,-21.05,0.515,0.1992,0.0114,2.19,2.235,3,DIELECTRIC_FAULT,1
66.43,58.83,27.7,394.66,41.45,1.84,68.4,0.933,49.95,7.6,0.818,0.0282,-0.0305,1.039,1.221,0,NORMAL,0
58.1,51.11,22.76,396.61,28.92,1.66,47.04,0.942,49.87,6.99,0.574,-0.0167,0.0034,1.161,1.54,0,NORMAL,0
64.43,59.66,27.7,405.15,43.77,1.01,73.78,0.965,49.95,4.77,0.887,0.0306,0.0202,0.841,1.216,0,NORMAL,0
67.47,61.53,27.43,396.24,47.09,1.47,76.87,0.956,50.03,5.94,0.933,-0.0048,-0.017,0.786,1.533,0,NORMAL,0
58.34,52.08,27.45,398.33,28.43,1.55,46.28,0.93,49.96,6.26,0.566,-0.0198,0.0151,0.48,0.787,0,NORMAL,0
80.19,92.54,7.4,408.94,45.49,2.55,80.27,0.745,49.71,-12.35,0.93,0.3933,-0.0396,2.724,4.858,3,DIELECTRIC_FAULT,1
60.96,54.51,23.57,404.63,36.86,1.52,61.25,0.967,49.99,6.45,0.746,-0.012,-0.0303,0.592,1.69,0,NORMAL,0
60.73,51.91,25.8,399.22,33.68,1.44,53.56,0.954,50.0,8.82,0.672,0.0532,0.0332,0.966,0.738,0,NORMAL,0
57.6,50.62,24.51,395.31,26.75,1.73,47.25,0.955,49.97,6.98,0.529,0.0058,0.0181,0.331,1.696,0,NORMAL,0
59.24,52.93,26.17,410.95,33.64,1.81,54.51,0.945,49.97,6.3,0.691,-0.0133,-0.0062,1.199,0.641,0,NORMAL,0
60.31,54.57,24.07,396.41,44.4,1.34,69.65,0.947,49.96,5.74,0.88,0.0095,0.0053,0.746,1.145,0,NORMAL,0
64.98,58.2,25.2,392.32,49.28,1.26,77.27,0.936,49.96,6.79,0.967,-0.004,-0.0002,0.602,0.659,0,NORMAL,0
87.2,87.46,7.85,367.23,50.57,2.21,89.45,0.686,49.83,-0.25,0.928,0.2818,0.0611,2.163,2.418,3,DIELECTRIC_FAULT,1
62.05,55.94,25.63,401.63,42.52,1.28,69.28,0.946,50.03,6.11,0.854,-0.0422,-0.006,0.387,1.758,0,NORMAL,0
112.46,104.69,23.97,385.72,80.7,3.26,124.7,0.909,50.07,7.77,1.556,0.2653,0.0397,5.062,4.134,1,THERMAL_OVERLOAD,1
106.64,94.14,33.01,390.22,64.86,3.42,98.54,0.901,49.86,12.5,1.266,0.6285,-0.0079,4.413,5.163,1,THERMAL_OVERLOAD,1
60.85,53.51,25.75,393.82,47.12,7.28,81.34,0.914,50.11,7.33,0.928,0.0381,0.4438,1.41,1.499,2,MECHANICAL_FAULT,1
60.57,56.35,24.85,397.91,34.41,0.93,55.55,0.939,50.09,4.21,0.685,0.0071,-0.0168,0.294,1.631,0,NORMAL,0
65.57,57.32,22.7,398.92,47.01,0.97,74.96,0.977,50.03,8.25,0.938,-0.0402,-0.0058,1.134,0.657,0,NORMAL,0
105.85,97.5,29.22,397.76,63.39,3.43,96.62,0.935,49.76,8.34,1.261,0.2081,0.0615,4.228,5.839,1,THERMAL_OVERLOAD,1
104.94,101.09,38.63,393.07,63.82,3.29,98.99,0.911,49.92,3.85,1.254,0.3004,0.0026,3.511,4.031,1,THERMAL_OVERLOAD,1
107.77,84.36,29.79,386.49,71.67,3.39,103.15,0.89,49.71,23.41,1.385,0.3285,0.0378,3.314,5.2,1,THERMAL_OVERLOAD,1
59.66,54.0,28.21,397.25,29.31,1.23,47.95,0.947,50.03,5.66,0.582,-0.0126,-0.0029,0.948,0.506,0,NORMAL,0
70.18,75.27,6.68,361.08,28.64,2.28,50.43,0.69,50.01,-5.09,0.517,0.3455,-0.0095,2.113,4.801,3,DIELECTRIC_FAULT,1
61.49,55.01,23.03,397.36,33.69,2.08,58.52,0.969,50.02,6.48,0.669,0.0522,-0.0334,0.742,1.373,0,NORMAL,0
79.64,90.76,9.48,392.42,35.7,2.41,70.08,0.801,50.19,-11.12,0.7,0.3794,0.0186,3.326,3.119,3,DIELECTRIC_FAULT,1
63.16,57.25,24.88,398.26,32.41,1.27,51.62,0.968,49.97,5.91,0.645,0.0214,0.003,0.923,1.941,0,NORMAL,0
63.03,58.7,24.48,402.26,37.21,1.66,61.47,0.93,49.94,4.33,0.749,0.0138,0.0343,0.685,1.135,0,NORMAL,0
63.74,56.68,27.01,399.18,40.1,1.68,63.93,0.976,50.0,7.06,0.8,-0.0117,0.0225,0.893,0.702,0,NORMAL,0
112.33,102.88,35.43,397.05,73.9,3.01,110.48,0.894,49.96,9.45,1.467,0.6909,0.11,4.547,6.244,1,THERMAL_OVERLOAD,1
74.33,67.9,19.74,387.88,47.54,8.94,84.59,0.937,50.01,6.43,0.922,-0.0286,0.2508,1.048,1.501,2,MECHANICAL_FAULT,1
62.89,54.75,22.24,396.44,32.22,1.46,55.06,0.948,49.91,8.14,0.639,-0.009,-0.0126,0.864,1.499,0,NORMAL,0
66.32,61.88,21.21,398.88,40.76,1.38,69.25,0.963,49.99,4.44,0.813,-0.0175,-0.0237,0.983,1.466,0,NORMAL,0
61.12,55.91,22.97,407.03,29.26,1.66,48.46,0.951,50.03,5.21,0.596,-0.0232,-0.0045,0.312,1.59,0,NORMAL,0
56.82,49.74,20.58,397.48,29.28,1.8,46.23,0.944,50.01,7.08,0.582,-0.0307,-0.0127,0.847,1.241,0,NORMAL,0
68.34,63.96,25.29,403.93,47.65,0.89,74.27,0.965,49.98,4.38,0.962,0.0449,-0.0264,0.434,1.868,0,NORMAL,0
65.34,59.64,24.84,395.48,41.92,0.93,65.92,0.975,49.93,5.71,0.829,0.0072,-0.0164,0.54,1.706,0,NORMAL,0
58.91,51.01,23.75,403.46,29.89,2.1,53.81,0.968,49.97,7.91,0.603,-0.0289,-0.005,0.83,1.028,0,NORMAL,0
62.13,53.01,27.4,407.19,28.5,1.27,45.4,0.958,50.02,9.12,0.58,0.0023,0.0074,0.775,1.768,0,NORMAL,0
65.18,57.11,21.94,398.17,37.82,1.52,63.21,0.933,50.0,8.07,0.753,0.0096,-0.0429,0.428,1.49,0,NORMAL,0
69.57,63.23,24.02,407.02,46.57,1.12,73.53,0.96,50.02,6.34,0.948,-0.063,0.0125,0.793,0.58,0,NORMAL,0
62.25,54.37,23.47,396.4,38.25,6.35,68.45,0.919,49.96,7.87,0.758,0.1041,0.3479,1.0,1.769,2,MECHANICAL_FAULT,1
69.09,62.59,23.22,396.48,42.11,1.03,67.49,0.939,50.01,6.5,0.835,-0.0209,-0.0014,0.938,0.737,0,NORMAL,0
90.98,102.55,28.02,401.49,79.04,2.4,127.18,0.898,49.95,-11.57,1.587,0.8365,-0.0572,5.266,3.457,1,THERMAL_OVERLOAD,1
71.03,63.62,26.95,395.65,45.48,6.72,84.88,0.93,50.1,7.41,0.9,-0.0076,0.6431,1.674,2.566,2,MECHANICAL_FAULT,1
60.79,53.22,25.83,390.62,39.09,10.45,79.66,0.95,50.06,7.58,0.763,-0.0048,0.3511,1.471,1.098,2,MECHANICAL_FAULT,1
62.68,58.58,24.4,406.49,33.11,1.25,58.83,0.956,50.0,4.11,0.673,-0.0009,-0.0167,1.125,1.528,0,NORMAL,0
59.12,52.23,20.98,401.94,34.77,6.91,66.69,0.912,50.05,6.89,0.699,0.0667,0.2524,1.298,1.308,2,MECHANICAL_FAULT,1
58.25,52.03,21.38,397.6,40.95,7.22,76.18,0.942,50.04,6.22,0.814,0.0051,0.641,0.897,1.795,2,MECHANICAL_FAULT,1
60.5,52.05,27.17,404.23,30.0,1.3,49.62,0.945,50.05,8.44,0.606,0.0155,0.0103,1.067,1.87,0,NORMAL,0
67.95,59.73,25.58,404.59,37.58,8.83,73.16,0.927,50.0,8.22,0.76,0.0198,0.3164,1.942,2.351,2,MECHANICAL_FAULT,1
67.15,57.43,22.71,400.95,41.34,1.93,66.47,0.939,50.05,9.71,0.829,-0.0236,0.0508,0.809,0.655,0,NORMAL,0
62.16,55.17,23.86,402.71,34.89,1.06,58.62,0.953,50.03,6.99,0.703,-0.0468,0.0203,0.917,0.651,0,NORMAL,0
67.29,58.82,27.88,401.16,46.32,1.93,74.91,0.963,50.05,8.47,0.929,-0.0324,-0.03,1.097,0.526,0,NORMAL,0
62.6,52.88,24.41,405.25,39.02,1.79,60.45,0.975,49.9,9.72,0.791,-0.0297,-0.0003,0.569,1.326,0,NORMAL,0
64.62,59.59,26.1,400.6,34.97,1.1,57.59,0.957,50.02,5.03,0.7,-0.033,0.0188,1.008,1.196,0,NORMAL,0
72.74,78.89,6.18,389.64,30.96,3.65,51.5,0.708,49.52,-6.15,0.603,0.2968,0.0539,2.663,4.201,3,DIELECTRIC_FAULT,1
99.16,83.87,33.85,382.94,79.89,3.34,119.94,0.892,49.99,15.28,1.53,0.6145,0.0574,3.834,3.63,1,THERMAL_OVERLOAD,1
63.81,54.29,25.11,396.98,43.86,1.49,67.26,0.973,50.01,9.52,0.871,0.0099,-0.0454,0.375,1.953,0,NORMAL,0
63.85,55.2,25.33,396.02,42.33,1.68,70.79,0.957,49.99,8.65,0.838,0.0213,-0.0134,1.005,1.224,0,NORMAL,0
63.22,58.12,27.87,399.43,36.51,1.78,58.32,0.976,49.94,5.1,0.729,-0.0107,0.0129,0.655,1.621,0,NORMAL,0
67.81,58.44,27.27,401.22,47.37,1.33,77.29,0.949,49.98,9.36,0.95,0.0104,0.0176,0.62,1.911,0,NORMAL,0
67.34,61.96,26.34,404.01,31.65,6.78,61.5,0.919,49.96,5.38,0.639,0.0296,0.4113,0.931,1.79,2,MECHANICAL_FAULT,1
60.0,55.11,23.3,401.89,33.44,1.8,51.58,0.938,49.96,4.89,0.672,-0.0019,-0.0048,0.505,1.097,0,NORMAL,0
61.29,54.69,25.56,400.81,27.84,1.48,49.18,0.976,49.91,6.61,0.558,0.0898,0.0349,0.307,1.732,0,NORMAL,0
110.23,93.81,37.96,395.85,68.25,2.12,97.87,0.902,50.05,16.42,1.351,0.8311,0.0897,4.925,4.146,1,THERMAL_OVERLOAD,1
68.53,63.8,26.07,401.49,45.52,2.16,74.35,0.939,50.0,4.72,0.914,-0.0131,0.0202,0.539,1.631,0,NORMAL,0
61.49,53.64,22.99,391.08,33.58,1.67,56.86,0.966,49.98,7.85,0.657,-0.0047,0.0062,1.15,0.595,0,NORMAL,0
64.77,58.2,26.25,403.86,43.38,1.98,74.01,0.933,50.01,6.57,0.876,-0.005,0.0238,0.55,1.509,0,NORMAL,0
60.01,53.62,22.97,406.73,33.57,1.22,57.6,0.946,50.09,6.39,0.683,0.0264,0.0185,1.019,1.643,0,NORMAL,0
63.23,57.15,26.71,403.09,41.7,1.53,70.49,0.952,50.07,6.08,0.841,0.0167,0.0076,0.938,1.978,0,NORMAL,0
65.45,57.63,26.58,401.64,44.18,1.1,76.11,0.945,50.05,7.82,0.887,0.0131,0.0004,0.649,1.329,0,NORMAL,0
67.87,62.72,26.68,399.83,43.11,1.97,71.25,0.977,50.04,5.15,0.862,-0.0324,-0.0169,0.675,0.646,0,NORMAL,0
131.42,100.37,62.4,345.84,98.16,14.41,147.08,0.771,48.71,31.05,1.697,1.0124,0.6825,9.479,7.267,4,CRITICAL_FAILURE,1
73.76,75.54,56.62,397.51,43.54,2.56,77.34,0.743,49.57,-1.78,0.865,0.2712,0.0325,2.848,4.947,3,DIELECTRIC_FAULT,1
69.05,62.47,24.39,398.99,43.41,1.15,72.54,0.977,50.03,6.58,0.866,0.0147,0.0094,0.395,0.715,0,NORMAL,0
84.85,78.11,51.13,374.33,42.12,3.41,72.65,0.812,49.55,6.74,0.788,0.3781,-0.0078,2.672,4.209,3,DIELECTRIC_FAULT,1
62.31,54.39,22.59,387.65,45.58,9.69,81.56,0.901,49.98,7.92,0.883,0.0476,0.1699,1.405,2.59,2,MECHANICAL_FAULT,1
62.21,56.75,23.46,400.58,38.72,2.16,66.7,0.95,50.01,5.46,0.776,0.0248,0.0003,0.777,1.239,0,NORMAL,0
58.15,51.91,20.46,406.91,30.07,1.63,50.55,0.946,49.94,6.23,0.612,0.0163,0.0153,0.779,1.054,0,NORMAL,0
116.16,103.74,28.25,393.93,81.28,2.59,126.74,0.892,49.89,12.42,1.601,0.2145,-0.0394,3.927,3.068,1,THERMAL_OVERLOAD,1
110.99,111.82,49.63,340.97,91.31,14.29,129.97,0.725,48.94,-0.83,1.557,2.0482,0.9204,10.52,6.768,4,CRITICAL_FAILURE,1
66.1,61.46,23.2,397.65,43.48,2.02,73.46,0.979,49.96,4.64,0.864,0.0175,0.016,0.789,1.655,0,NORMAL,0
79.81,81.25,7.76,375.09,34.86,1.83,59.07,0.8,50.0,-1.44,0.654,0.3362,0.0431,2.487,2.128,3,DIELECTRIC_FAULT,1
63.0,57.86,25.78,398.9,37.67,1.94,65.49,0.963,49.94,5.14,0.751,0.0552,0.0321,0.94,1.265,0,NORMAL,0
76.82,95.83,9.71,378.04,40.12,2.94,83.15,0.822,49.88,-19.01,0.758,0.1962,0.0761,3.568,3.175,3,DIELECTRIC_FAULT,1
65.91,58.82,23.8,405.58,40.77,1.41,70.43,0.971,49.88,7.09,0.827,0.0024,0.0072,0.776,0.639,0,NORMAL,0
60.18,55.99,26.51,394.77,30.1,1.89,52.46,0.973,49.91,4.19,0.594,-0.002,-0.0349,0.233,2.0,0,NORMAL,0
62.03,55.17,25.99,402.3,39.13,1.83,68.73,0.941,50.01,6.86,0.787,-0.0173,0.0024,0.696,1.395,0,NORMAL,0
66.29,62.05,26.02,401.46,37.07,1.79,63.82,0.973,49.92,4.24,0.744,0.0497,-0.0044,0.441,0.596,0,NORMAL,0
73.42,92.17,10.04,373.92,47.33,2.26,81.16,0.821,50.15,-18.75,0.885,0.3761,0.0656,2.013,3.052,3,DIELECTRIC_FAULT,1
116.27,98.86,56.04,359.7,99.58,11.01,141.48,0.667,48.57,17.41,1.791,1.9218,0.7986,6.77,13.133,4,CRITICAL_FAILURE,1
62.27,56.57,25.76,401.94,34.85,1.64,55.42,0.937,50.02,5.69,0.7,-0.0256,0.0031,0.418,1.418,0,NORMAL,0
125.35,100.56,58.37,347.48,92.42,8.74,154.51,0.661,48.37,24.78,1.606,1.4418,0.5529,10.524,7.09,4,CRITICAL_FAILURE,1
63.84,56.46,23.48,409.79,41.84,1.32,67.04,0.95,50.06,7.38,0.857,-0.0119,0.0302,0.377,1.975,0,NORMAL,0
66.61,56.74,29.14,395.71,40.73,1.9,68.28,0.969,50.01,9.87,0.806,-0.0012,-0.0087,0.371,1.213,0,NORMAL,0
63.18,57.69,17.76,394.15,35.43,1.76,58.59,0.965,50.04,5.49,0.698,-0.0095,0.027,0.477,0.501,0,NORMAL,0
72.23,65.91,21.28,398.9,33.56,6.2,60.76,0.924,50.13,6.33,0.669,0.0051,0.2253,1.778,2.004,2,MECHANICAL_FAULT,1
63.93,59.4,24.98,400.77,35.9,1.53,61.96,0.945,50.12,4.53,0.719,0.0381,0.0223,0.59,1.275,0,NORMAL,0
102.29,101.07,35.15,394.84,78.48,2.66,123.0,0.881,50.02,1.22,1.549,0.2365,-0.0276,5.639,6.262,1,THERMAL_OVERLOAD,1
65.18,55.24,21.75,398.22,36.62,1.15,66.59,0.959,50.06,9.94,0.729,0.0017,0.0207,0.861,1.037,0,NORMAL,0
103.56,104.74,26.47,394.25,79.63,3.44,117.1,0.911,49.98,-1.18,1.57,0.6022,0.0133,3.924,4.859,1,THERMAL_OVERLOAD,1
61.52,54.97,26.75,399.56,30.07,1.28,47.38,0.949,50.01,6.55,0.601,0.0314,0.0337,0.687,1.81,0,NORMAL,0
64.5,54.51,22.72,396.59,45.15,1.12,74.4,0.94,50.08,9.99,0.895,0.017,-0.0407,0.795,1.401,0,NORMAL,0
76.35,69.62,22.06,393.91,34.5,7.68,67.02,0.914,50.08,6.73,0.679,-0.0574,0.628,1.399,1.937,2,MECHANICAL_FAULT,1
59.09,53.63,25.0,402.22,28.84,1.48,52.03,0.938,49.99,5.46,0.58,-0.0788,-0.0033,1.09,0.514,0,NORMAL,0
60.38,51.25,22.99,404.16,32.08,1.45,50.94,0.969,49.99,9.13,0.648,0.047,0.0087,0.245,0.641,0,NORMAL,0
65.45,61.01,25.45,405.9,43.7,2.13,70.49,0.934,49.93,4.44,0.887,-0.0359,0.0335,1.026,0.608,0,NORMAL,0
61.04,56.8,22.93,403.75,30.49,2.0,48.05,0.969,49.94,4.25,0.616,0.0328,0.0112,0.653,1.812,0,NORMAL,0
64.55,57.74,22.47,396.38,44.11,1.42,71.88,0.931,50.03,6.81,0.874,0.0131,-0.0258,0.448,0.69,0,NORMAL,0
75.49,68.87,24.88,406.32,47.73,8.97,81.42,0.933,49.94,6.63,0.97,0.0422,0.5079,1.076,2.102,2,MECHANICAL_FAULT,1
108.66,105.21,53.76,335.75,89.43,9.16,155.2,0.693,48.32,3.45,1.501,0.7115,0.4265,11.504,9.571,4,CRITICAL_FAILURE,1
101.8,82.44,28.82,405.16,63.95,2.81,101.35,0.897,49.92,19.35,1.295,0.2083,-0.0286,2.607,4.865,1,THERMAL_OVERLOAD,1
64.15,54.26,26.25,397.75,34.05,2.11,53.06,0.942,49.99,9.89,0.677,-0.0092,0.0274,1.118,1.175,0,NORMAL,0
66.18,56.39,27.53,400.45,39.98,1.62,67.79,0.945,49.94,9.78,0.8,-0.0125,0.0192,0.401,0.738,0,NORMAL,0
62.52,53.05,21.28,401.21,27.75,1.58,48.49,0.939,50.05,9.47,0.557,-0.0113,0.027,1.067,1.841,0,NORMAL,0
65.42,55.82,26.23,396.49,36.39,1.42,60.11,0.948,50.05,9.6,0.721,-0.0007,-0.0004,0.459,1.052,0,NORMAL,0
66.18,59.59,24.35,394.59,39.99,1.6,63.41,0.946,50.05,6.59,0.789,0.0391,-0.0306,0.814,1.915,0,NORMAL,0
60.26,53.95,25.29,398.38,32.39,1.97,53.5,0.966,50.03,6.31,0.645,0.0097,-0.0107,0.475,1.459,0,NORMAL,0
62.42,53.99,24.1,394.04,49.03,7.33,84.82,0.937,49.99,8.42,0.966,0.0267,0.1896,0.916,1.881,2,MECHANICAL_FAULT,1
103.39,99.89,30.66,380.56,69.72,3.01,110.99,0.89,49.76,3.49,1.327,0.6414,0.026,3.309,3.034,1,THERMAL_OVERLOAD,1
61.76,56.7,26.12,401.54,27.77,1.27,47.13,0.949,50.05,5.06,0.558,0.0084,-0.0057,0.709,1.336,0,NORMAL,0
59.62,52.88,27.72,397.38,26.74,0.99,46.42,0.938,50.04,6.74,0.531,0.0028,-0.0001,0.556,1.141,0,NORMAL,0
62.82,56.31,21.7,400.13,40.61,1.58,68.11,0.974,49.96,6.51,0.812,-0.0135,-0.0107,0.871,0.584,0,NORMAL,0
65.82,56.14,25.03,398.35,47.08,0.92,75.39,0.96,50.06,9.68,0.938,0.0064,0.0192,0.906,1.55,0,NORMAL,0
60.97,53.42,21.7,401.34,28.07,1.89,48.17,0.961,50.04,7.56,0.563,0.0054,-0.0301,0.362,1.1,0,NORMAL,0
56.64,51.64,24.6,397.1,29.78,1.56,52.03,0.963,49.98,5.0,0.591,0.0003,-0.0551,0.743,1.268,0,NORMAL,0
66.13,59.41,26.33,394.18,40.15,1.91,67.71,0.972,49.94,6.72,0.791,0.0204,-0.0186,0.317,0.91,0,NORMAL,0
67.55,59.29,25.06,400.85,46.33,1.23,74.98,0.963,50.0,8.26,0.929,-0.0171,0.0168,0.751,0.535,0,NORMAL,0
60.11,51.47,20.69,394.83,29.94,1.31,50.64,0.973,49.98,8.64,0.591,0.0521,0.0086,1.097,1.853,0,NORMAL,0
61.99,53.81,30.71,396.69,31.49,1.07,52.78,0.948,49.94,8.17,0.625,-0.0103,0.0056,0.292,1.569,0,NORMAL,0
67.68,62.66,25.99,398.21,46.61,1.95,76.03,0.968,49.92,5.01,0.928,0.0302,-0.0114,0.71,1.378,0,NORMAL,0
66.16,56.66,23.37,403.84,35.84,0.92,61.16,0.973,49.97,9.49,0.724,0.0308,-0.0084,0.216,1.216,0,NORMAL,0
69.16,61.07,21.86,401.22,44.25,0.8,68.73,0.958,49.98,8.09,0.888,0.0117,0.0015,0.561,1.091,0,NORMAL,0
64.98,56.37,27.02,402.67,37.07,1.65,60.85,0.953,49.95,8.62,0.746,-0.0456,-0.022,0.21,0.754,0,NORMAL,0
68.58,59.88,26.77,397.07,47.27,5.23,84.11,0.938,50.06,8.7,0.939,-0.0218,0.5421,1.656,2.992,2,MECHANICAL_FAULT,1
79.43,91.6,46.41,385.29,38.08,3.35,66.47,0.826,49.71,-12.16,0.734,0.1365,0.1192,3.285,2.74,3,DIELECTRIC_FAULT,1
68.42,58.56,26.35,400.48,43.15,0.97,70.54,0.943,50.03,9.86,0.864,0.0031,0.031,0.548,1.058,0,NORMAL,0
64.08,55.01,24.63,404.38,42.39,1.25,72.99,0.944,49.94,9.07,0.857,-0.007,0.0215,0.539,1.405,0,NORMAL,0
115.16,99.06,34.33,390.04,69.81,3.87,108.1,0.933,49.78,16.1,1.362,0.305,0.0284,3.307,3.883,1,THERMAL_OVERLOAD,1
64.33,54.84,23.69,398.71,39.18,1.75,66.63,0.941,49.98,9.49,0.781,-0.0194,-0.0007,1.193,1.171,0,NORMAL,0
61.16,55.64,24.89,397.9,36.87,1.53,58.24,0.959,49.97,5.51,0.734,0.0325,-0.0022,0.238,1.421,0,NORMAL,0
90.87,89.95,10.7,396.62,44.52,1.92,89.91,0.702,49.94,0.91,0.883,0.2009,0.0086,2.434,2.406,3,DIELECTRIC_FAULT,1
61.59,56.48,26.65,403.52,35.81,2.16,58.23,0.966,50.06,5.11,0.723,-0.0233,0.0025,0.629,0.526,0,NORMAL,0
117.0,104.71,33.52,393.11,65.48,3.39,102.09,0.91,49.93,12.29,1.287,0.6467,0.0338,2.908,3.012,1,THERMAL_OVERLOAD,1
61.21,55.99,24.39,401.74,36.02,1.26,58.29,0.976,50.03,5.22,0.724,0.0513,-0.0133,0.848,1.504,0,NORMAL,0
85.8,80.29,9.51,357.68,47.38,2.73,78.48,0.728,49.6,5.51,0.847,0.1669,-0.0144,3.888,4.916,3,DIELECTRIC_FAULT,1
69.5,60.83,25.46,398.99,43.49,0.98,71.49,0.96,50.0,8.67,0.868,-0.016,-0.0069,0.565,1.149,0,NORMAL,0
75.57,69.08,27.14,392.96,43.21,7.65,79.52,0.922,50.02,6.49,0.849,0.0076,0.5155,1.814,2.446,2,MECHANICAL_FAULT,1
62.43,54.27,23.3,413.54,34.55,1.38,57.97,0.949,50.07,8.15,0.714,-0.069,0.036,1.09,1.545,0,NORMAL,0
56.91,48.85,23.89,395.72,30.89,1.35,48.49,0.939,50.01,8.05,0.611,0.0095,-0.0067,0.242,1.129,0,NORMAL,0
58.86,54.78,27.34,394.81,28.03,2.14,48.9,0.958,50.01,4.08,0.553,-0.0259,0.0006,0.749,1.07,0,NORMAL,0
65.63,58.71,27.95,402.78,44.66,1.95,70.93,0.958,49.99,6.92,0.899,-0.004,-0.0264,1.168,1.629,0,NORMAL,0
96.25,83.8,26.08,397.85,72.09,2.53,112.77,0.895,49.84,12.45,1.434,0.3121,0.04,4.251,3.254,1,THERMAL_OVERLOAD,1
59.17,49.3,22.56,402.16,31.62,2.0,54.04,0.965,50.02,9.87,0.636,0.0502,-0.0001,0.581,0.745,0,NORMAL,0
89.84,88.03,27.12,378.67,66.22,2.49,97.05,0.898,50.04,1.8,1.254,0.3874,0.0695,5.653,4.671,1,THERMAL_OVERLOAD,1
94.94,83.15,27.96,402.62,79.63,2.11,124.65,0.895,49.87,11.8,1.603,0.2712,-0.0279,3.877,4.778,1,THERMAL_OVERLOAD,1
65.07,57.72,21.51,399.13,41.94,1.37,70.17,0.932,50.0,7.35,0.837,0.032,0.0045,0.46,0.551,0,NORMAL,0
62.45,56.57,27.02,397.0,39.99,0.97,66.84,0.951,50.08,5.88,0.794,0.0065,0.0194,0.239,0.718,0,NORMAL,0
65.85,56.07,24.03,398.43,41.96,1.2,70.87,0.966,49.91,9.78,0.836,-0.0332,-0.0009,0.304,1.588,0,NORMAL,0
67.45,61.52,23.52,401.37,42.87,2.11,68.89,0.962,49.98,5.93,0.86,0.0134,-0.001,1.019,0.757,0,NORMAL,0
98.97,82.78,41.81,392.55,71.1,2.5,109.07,0.936,49.99,16.19,1.396,0.5773,0.0478,4.497,4.893,1,THERMAL_OVERLOAD,1
105.38,101.34,54.18,353.15,117.27,13.54,138.48,0.641,48.52,4.04,2.071,1.2931,0.8716,11.313,13.242,4,CRITICAL_FAILURE,1
64.61,58.96,24.41,395.31,37.5,1.47,64.98,0.976,50.09,5.65,0.741,0.0124,0.0071,0.541,0.914,0,NORMAL,0
61.33,51.46,22.69,398.54,31.46,1.5,58.14,0.974,49.87,9.87,0.627,0.0479,0.0171,0.589,0.544,0,NORMAL,0
62.97,54.61,25.16,401.07,31.91,1.24,52.31,0.97,49.99,8.35,0.64,-0.0535,0.0014,1.153,1.648,0,NORMAL,0
62.56,53.47,26.35,400.21,42.12,2.15,66.83,0.944,49.97,9.09,0.843,-0.0333,0.0039,0.964,1.503,0,NORMAL,0
112.29,102.49,33.63,397.1,76.91,3.73,117.3,0.936,49.88,9.8,1.527,0.3037,0.0388,5.072,3.493,1,THERMAL_OVERLOAD,1
67.03,61.48,27.02,398.6,44.49,2.16,72.05,0.957,50.0,5.55,0.887,0.0039,-0.0177,0.337,0.926,0,NORMAL,0
63.07,54.96,24.39,393.21,32.65,2.06,54.71,0.934,50.06,8.11,0.642,0.0098,0.0068,0.522,0.948,0,NORMAL,0
64.37,57.64,24.09,399.59,45.8,1.5,73.31,0.954,50.01,6.73,0.915,0.0399,0.0007,0.425,0.694,0,NORMAL,0
61.07,55.52,25.79,399.28,31.69,1.02,52.61,0.944,49.96,5.56,0.633,-0.0542,-0.0255,0.251,1.06,0,NORMAL,0
65.75,57.91,27.2,396.41,39.9,1.26,64.23,0.939,49.99,7.84,0.791,-0.0367,-0.0123,0.692,0.937,0,NORMAL,0
89.62,87.92,9.74,378.46,42.53,2.96,74.88,0.693,49.59,1.7,0.805,0.0909,0.0625,2.197,3.594,3,DIELECTRIC_FAULT,1
84.83,91.85,9.65,403.52,46.1,3.66,76.4,0.8,50.13,-7.02,0.93,0.1609,0.0783,2.721,3.608,3,DIELECTRIC_FAULT,1
57.48,50.78,25.16,394.98,39.19,6.23,71.16,0.919,49.96,6.7,0.774,0.0222,0.4423,1.727,2.252,2,MECHANICAL_FAULT,1
61.63,56.44,30.49,397.43,43.02,8.09,82.38,0.934,50.0,5.2,0.855,-0.0094,0.349,1.457,2.965,2,MECHANICAL_FAULT,1
64.8,56.5,23.28,397.28,42.73,1.01,69.46,0.946,49.97,8.3,0.849,-0.0523,0.0228,0.221,0.645,0,NORMAL,0
63.16,54.97,22.71,401.82,33.89,2.14,55.65,0.933,49.92,8.19,0.681,-0.0218,0.0209,0.239,1.614,0,NORMAL,0
59.13,52.96,27.2,399.38,30.89,2.16,48.55,0.973,50.07,6.17,0.617,0.001,-0.0893,0.874,0.671,0,NORMAL,0
62.62,58.47,22.86,396.15,33.05,2.12,51.44,0.978,50.02,4.15,0.655,-0.0067,0.0143,0.215,1.892,0,NORMAL,0
91.61,94.67,49.87,397.23,40.92,2.53,74.55,0.839,49.73,-3.06,0.813,0.325,0.0589,3.336,4.29,3,DIELECTRIC_FAULT,1
63.51,57.04,24.51,406.79,40.47,1.77,66.94,0.963,50.0,6.46,0.823,-0.0033,-0.0078,1.179,1.131,0,NORMAL,0
90.65,88.45,49.1,382.1,23.74,3.06,50.89,0.785,49.67,2.2,0.454,0.2432,-0.0168,2.74,2.098,3,DIELECTRIC_FAULT,1
62.15,52.46,23.09,403.76,36.9,1.3,62.74,0.93,50.04,9.69,0.745,0.0298,0.0004,0.582,1.848,0,NORMAL,0
65.22,60.53,29.53,396.33,41.04,0.92,69.38,0.969,49.98,4.69,0.813,-0.0098,0.0077,0.805,1.219,0,NORMAL,0
63.18,55.76,23.86,397.14,43.98,0.94,72.22,0.935,50.0,7.42,0.873,-0.0264,-0.0165,0.942,1.359,0,NORMAL,0
62.43,53.49,26.78,401.42,35.06,0.85,55.07,0.94,49.97,8.94,0.704,-0.0766,0.0079,0.312,0.563,0,NORMAL,0
58.04,51.13,27.72,405.06,24.6,1.37,45.02,0.963,50.02,6.92,0.498,-0.003,-0.002,0.736,1.613,0,NORMAL,0
67.9,61.15,23.95,407.44,44.54,1.69,72.53,0.934,50.0,6.75,0.907,-0.0523,-0.0109,0.745,0.7,0,NORMAL,0
66.15,56.55,25.95,406.68,45.6,1.75,72.2,0.931,50.01,9.6,0.927,-0.0115,-0.021,0.814,1.715,0,NORMAL,0
62.72,57.37,25.11,394.4,31.76,1.01,53.79,0.931,49.98,5.35,0.626,-0.0094,-0.0133,0.869,0.804,0,NORMAL,0
112.68,112.52,58.41,335.36,93.94,11.06,132.17,0.635,48.82,0.16,1.575,0.7963,0.517,7.684,11.106,4,CRITICAL_FAILURE,1
62.62,54.76,25.36,398.85,45.35,1.91,74.95,0.952,50.01,7.86,0.904,-0.0035,0.015,0.212,1.173,0,NORMAL,0
66.49,60.7,26.58,401.17,46.53,1.45,73.9,0.954,50.0,5.79,0.933,0.0068,-0.0236,0.518,0.616,0,NORMAL,0
126.73,110.79,55.99,340.29,108.45,8.65,134.96,0.709,48.82,15.95,1.845,0.8719,0.6658,11.152,10.942,4,CRITICAL_FAILURE,1
62.96,54.14,23.24,393.18,32.18,2.18,57.16,0.947,50.03,8.81,0.633,0.0044,0.0105,0.955,0.633,0,NORMAL,0
65.95,59.0,27.03,393.45,36.82,1.3,61.94,0.971,50.01,6.95,0.724,-0.0001,-0.015,0.883,0.57,0,NORMAL,0
64.54,57.07,24.85,389.96,39.07,1.93,66.89,0.943,50.07,7.47,0.762,-0.0634,0.0036,0.24,1.484,0,NORMAL,0
60.94,52.37,26.57,406.12,30.79,1.17,53.75,0.942,50.0,8.57,0.625,0.0459,0.0287,0.247,1.412,0,NORMAL,0
61.33,52.31,27.87,397.38,31.56,2.0,51.95,0.979,49.91,9.02,0.627,-0.0205,-0.0019,0.949,1.348,0,NORMAL,0
65.56,57.13,26.7,401.99,49.94,7.29,84.3,0.952,49.99,8.43,1.004,0.0784,0.14,1.133,2.694,2,MECHANICAL_FAULT,1
63.7,56.38,24.93,403.47,32.68,2.09,48.93,0.95,49.97,7.32,0.659,0.0383,0.0114,0.984,1.279,0,NORMAL,0
57.07,51.48,26.9,402.34,46.13,9.71,81.68,0.932,49.98,5.59,0.928,0.0276,0.4202,1.383,2.709,2,MECHANICAL_FAULT,1
68.98,59.2,25.41,395.61,47.38,1.84,75.94,0.964,49.98,9.78,0.937,-0.0046,0.0304,0.254,1.037,0,NORMAL,0
66.34,57.31,24.95,399.35,38.71,1.45,68.74,0.941,50.01,9.03,0.773,0.0247,-0.0184,0.952,0.975,0,NORMAL,0
66.94,58.68,27.35,408.67,38.62,1.56,68.03,0.95,49.98,8.26,0.789,0.0107,0.0037,1.012,1.896,0,NORMAL,0
91.5,77.36,11.41,409.03,41.5,2.44,78.26,0.689,49.76,14.14,0.849,0.3779,0.0004,2.708,2.646,3,DIELECTRIC_FAULT,1
77.18,71.34,21.71,392.17,39.92,8.94,68.24,0.932,50.06,5.83,0.783,0.0159,0.5865,0.906,2.661,2,MECHANICAL_FAULT,1
104.79,96.74,40.56,397.06,89.51,4.0,131.36,0.884,50.11,8.05,1.777,0.6774,-0.0348,5.468,5.589,1,THERMAL_OVERLOAD,1
73.3,65.17,32.43,394.46,33.27,11.44,62.71,0.954,49.98,8.14,0.656,-0.0012,0.3143,1.865,2.853,2,MECHANICAL_FAULT,1
64.62,60.25,21.21,405.94,39.58,1.81,65.98,0.953,50.0,4.38,0.803,0.0095,-0.0009,1.11,1.078,0,NORMAL,0
64.64,57.69,24.03,394.85,43.84,1.9,73.35,0.955,49.97,6.95,0.866,0.0502,-0.0046,0.551,0.872,0,NORMAL,0
63.51,57.57,24.67,398.84,34.67,1.53,58.77,0.965,50.01,5.94,0.691,-0.0022,-0.0384,0.485,0.555,0,NORMAL,0
61.85,57.08,28.57,404.78,40.67,2.07,70.75,0.958,50.0,4.77,0.823,0.0015,0.0048,1.062,1.292,0,NORMAL,0
61.81,51.96,22.65,396.69,31.97,1.37,51.01,0.971,49.91,9.85,0.634,0.0171,-0.0097,0.857,0.83,0,NORMAL,0
64.67,59.53,29.48,394.58,39.28,1.15,61.29,0.945,49.96,5.14,0.775,0.0168,0.0029,0.875,1.674,0,NORMAL,0
60.78,52.73,26.97,404.0,29.58,1.93,49.5,0.963,50.02,8.05,0.598,-0.0748,-0.01,0.588,0.644,0,NORMAL,0
64.43,59.95,25.07,396.09,39.37,1.39,68.74,0.977,49.98,4.48,0.78,0.0073,0.0095,0.811,1.73,0,NORMAL,0
62.82,58.58,24.14,393.61,39.65,0.99,60.88,0.962,50.03,4.24,0.78,0.0108,-0.016,0.769,0.626,0,NORMAL,0
71.51,79.9,8.53,383.31,33.89,2.78,53.55,0.68,49.78,-8.39,0.65,0.2501,0.0981,3.246,4.812,3,DIELECTRIC_FAULT,1
65.04,57.58,25.56,396.16,38.89,1.71,67.13,0.931,50.01,7.46,0.77,0.0718,-0.042,0.281,0.79,0,NORMAL,0
65.66,56.78,23.2,392.35,41.05,2.08,68.04,0.971,50.02,8.88,0.805,-0.0396,0.0366,1.133,1.799,0,NORMAL,0
62.29,56.35,28.44,401.75,36.06,1.65,59.13,0.974,49.94,5.94,0.724,-0.0729,-0.0073,0.765,0.644,0,NORMAL,0
63.42,58.46,23.75,399.05,38.45,1.06,64.99,0.944,50.0,4.96,0.767,-0.0249,0.0054,0.312,1.097,0,NORMAL,0
68.0,63.69,20.33,401.52,42.8,1.54,71.13,0.967,50.05,4.31,0.859,-0.0482,0.0149,0.8,0.625,0,NORMAL,0
61.06,55.85,26.33,398.42,28.21,1.28,48.77,0.978,50.06,5.21,0.562,0.0121,-0.0168,0.984,1.529,0,NORMAL,0
62.77,57.21,27.06,403.52,30.47,1.77,54.6,0.965,49.94,5.56,0.615,-0.0281,0.032,0.595,0.882,0,NORMAL,0
67.36,63.17,23.89,400.74,40.26,1.66,67.93,0.964,50.01,4.19,0.807,0.0156,-0.0099,1.111,1.72,0,NORMAL,0
60.87,53.23,26.37,406.34,36.22,0.83,60.98,0.966,50.0,7.64,0.736,0.0484,-0.0136,0.875,0.515,0,NORMAL,0
114.59,95.08,32.31,398.52,76.22,2.54,116.91,0.887,49.81,19.51,1.519,0.5744,0.0194,3.97,3.631,1,THERMAL_OVERLOAD,1
75.72,67.15,25.73,401.57,32.74,8.73,64.53,0.946,49.86,8.58,0.657,-0.0937,0.2704,1.142,1.076,2,MECHANICAL_FAULT,1
63.19,55.54,24.72,396.19,38.22,1.14,63.07,0.961,50.09,7.65,0.757,-0.0382,0.003,0.606,1.153,0,NORMAL,0
59.44,54.85,25.32,399.98,39.85,1.52,65.32,0.948,49.96,4.59,0.797,-0.0226,0.0023,1.144,0.941,0,NORMAL,0
61.66,54.33,27.06,393.48,30.12,1.09,50.67,0.931,50.02,7.33,0.593,0.0077,0.0197,0.801,1.498,0,NORMAL,0
114.13,90.97,34.71,392.97,66.1,3.16,110.34,0.897,49.94,23.16,1.299,0.7163,0.0387,5.059,4.219,1,THERMAL_OVERLOAD,1
63.38,58.85,28.38,396.64,41.51,0.82,66.19,0.948,50.06,4.53,0.823,-0.0369,0.0226,1.088,1.756,0,NORMAL,0
89.67,93.77,8.29,385.18,33.61,3.45,66.6,0.749,49.89,-4.11,0.647,0.1624,0.1185,3.809,4.09,3,DIELECTRIC_FAULT,1
61.61,53.19,25.31,396.78,35.52,0.97,61.23,0.977,50.08,8.42,0.705,-0.0027,0.0017,0.257,1.304,0,NORMAL,0
64.65,56.67,24.6,402.03,47.05,1.73,70.81,0.934,50.1,7.98,0.946,0.0074,-0.0224,0.939,0.614,0,NORMAL,0
67.28,62.67,26.09,401.31,48.42,1.5,77.89,0.968,49.96,4.61,0.972,-0.0121,0.0117,0.883,1.411,0,NORMAL,0
60.97,51.7,23.43,402.28,30.61,2.18,47.6,0.951,50.0,9.27,0.616,-0.0114,0.0151,1.138,1.864,0,NORMAL,0
66.66,60.72,23.94,400.69,41.94,1.66,70.39,0.938,49.98,5.93,0.84,0.0738,0.0156,0.498,0.553,0,NORMAL,0
55.73,50.32,29.63,392.13,44.35,11.42,78.43,0.926,50.03,5.41,0.87,0.0142,0.5728,1.503,1.603,2,MECHANICAL_FAULT,1
67.22,60.19,26.56,409.5,46.1,6.67,80.11,0.926,50.1,7.03,0.944,-0.1051,0.2459,0.95,1.235,2,MECHANICAL_FAULT,1
64.25,60.05,24.61,395.28,37.5,1.36,64.11,0.979,50.03,4.2,0.741,0.0231,0.0169,0.699,1.436,0,NORMAL,0
114.5,94.95,25.17,395.05,80.37,3.84,121.78,0.934,49.94,19.55,1.587,0.6694,0.0395,3.512,3.755,1,THERMAL_OVERLOAD,1
59.91,53.56,22.61,403.32,29.51,2.02,51.05,0.961,50.04,6.36,0.595,-0.0715,-0.0049,0.25,1.482,0,NORMAL,0
97.62,90.59,34.53,391.66,77.72,3.3,118.94,0.926,49.95,7.02,1.522,0.5541,-0.0655,2.714,4.167,1,THERMAL_OVERLOAD,1
66.12,58.38,26.27,397.0,39.65,1.13,67.72,0.933,50.01,7.73,0.787,0.0379,0.0161,0.483,1.356,0,NORMAL,0
75.29,67.99,23.93,400.48,41.01,11.22,76.06,0.902,49.89,7.29,0.821,0.0832,0.1408,1.915,1.271,2,MECHANICAL_FAULT,1
78.69,80.9,11.11,389.8,39.47,3.45,70.14,0.771,49.64,-2.21,0.769,0.3515,-0.1113,2.714,4.626,3,DIELECTRIC_FAULT,1
115.16,98.22,30.83,390.54,78.65,2.64,112.22,0.916,50.01,16.94,1.536,0.6368,-0.0611,3.979,4.793,1,THERMAL_OVERLOAD,1
66.02,57.17,23.82,392.74,43.52,1.06,70.59,0.964,49.96,8.86,0.855,0.0325,0.0265,0.616,0.65,0,NORMAL,0
82.98,80.45,11.6,389.69,38.66,2.21,62.82,0.723,49.93,2.53,0.753,0.276,-0.0008,2.615,4.197,3,DIELECTRIC_FAULT,1
89.78,83.19,46.66,401.44,28.51,2.17,52.55,0.769,50.26,6.59,0.572,0.3289,0.063,3.284,3.179,3,DIELECTRIC_FAULT,1
62.69,54.68,27.22,395.04,39.77,1.61,66.46,0.952,50.02,8.01,0.786,0.0191,0.023,0.938,1.688,0,NORMAL,0
114.63,110.78,53.82,334.8,92.75,11.13,152.06,0.625,48.54,3.85,1.553,1.3056,1.1878,10.866,13.137,4,CRITICAL_FAILURE,1
63.41,54.1,23.12,395.74,42.81,1.52,73.09,0.978,49.99,9.31,0.847,-0.0019,-0.0072,0.84,0.772,0,NORMAL,0
70.72,62.26,25.07,402.51,36.28,5.33,71.1,0.917,49.93,8.47,0.73,0.0367,0.2518,1.139,1.411,2,MECHANICAL_FAULT,1
60.33,53.93,27.31,403.1,28.34,1.89,45.6,0.944,49.99,6.39,0.571,0.0355,-0.0233,0.763,0.743,0,NORMAL,0
88.98,87.18,34.45,396.66,81.05,3.96,132.0,0.934,49.91,1.79,1.608,0.7339,-0.0147,3.779,4.742,1,THERMAL_OVERLOAD,1
64.39,59.91,27.58,398.47,36.06,1.57,61.64,0.971,49.96,4.47,0.718,-0.0048,0.05,0.24,1.976,0,NORMAL,0
67.12,60.43,23.23,397.97,42.91,0.9,70.98,0.937,50.08,6.69,0.854,-0.0508,0.0264,0.205,1.65,0,NORMAL,0
77.96,89.98,49.26,414.87,38.86,3.77,60.42,0.827,49.86,-12.02,0.806,0.2541,0.0987,1.875,2.162,3,DIELECTRIC_FAULT,1
62.93,54.56,23.15,400.44,29.74,1.13,56.07,0.935,49.92,8.37,0.595,0.0149,-0.0107,0.878,1.32,0,NORMAL,0
59.27,49.89,25.46,402.32,35.95,2.05,63.17,0.96,50.05,9.38,0.723,-0.0089,0.0262,0.95,1.87,0,NORMAL,0
62.53,57.37,28.83,400.03,35.16,1.63,59.06,0.957,50.01,5.16,0.703,-0.0213,-0.0154,0.887,0.8,0,NORMAL,0
60.3,51.65,26.57,396.1,32.26,1.09,51.5,0.964,50.0,8.65,0.639,0.0043,-0.014,0.38,0.546,0,NORMAL,0
67.54,58.75,26.12,402.56,42.24,0.82,74.44,0.968,50.02,8.79,0.85,0.0318,0.016,0.707,1.72,0,NORMAL,0
62.41,57.13,24.1,398.76,36.45,0.94,56.96,0.945,50.01,5.28,0.727,-0.0085,0.0009,0.682,1.439,0,NORMAL,0
57.86,51.89,26.13,399.08,29.56,1.5,45.05,0.937,50.0,5.97,0.59,0.0264,-0.0289,0.212,1.952,0,NORMAL,0
92.42,88.43,30.88,391.69,77.1,3.91,117.82,0.899,49.72,3.99,1.51,0.3469,0.0014,3.228,3.551,1,THERMAL_OVERLOAD,1
64.96,59.18,27.05,402.05,43.25,1.07,72.76,0.964,49.99,5.77,0.869,-0.0507,0.0108,1.055,0.742,0,NORMAL,0
62.27,52.52,24.91,396.23,35.46,1.88,59.86,0.938,50.06,9.75,0.702,-0.0024,0.0189,1.07,1.501,0,NORMAL,0
61.28,52.71,21.07,404.22,33.75,0.98,56.93,0.94,50.1,8.57,0.682,0.0488,0.0444,0.43,1.329,0,NORMAL,0
109.68,104.12,63.6,348.16,107.5,10.08,152.69,0.763,48.86,5.55,1.871,1.3542,0.5392,9.715,13.978,4,CRITICAL_FAILURE,1
66.79,59.55,22.55,395.19,44.6,2.12,75.24,0.951,50.05,7.24,0.881,0.0051,0.0233,0.957,0.996,0,NORMAL,0
65.66,61.63,23.2,400.59,45.61,0.98,77.38,0.947,50.03,4.04,0.914,-0.0105,0.0048,0.43,0.513,0,NORMAL,0
64.8,59.95,22.28,402.85,43.07,2.11,74.85,0.951,49.94,4.85,0.868,0.026,0.0322,0.341,1.909,0,NORMAL,0
67.04,61.24,25.35,394.5,37.25,11.22,68.71,0.909,50.06,5.8,0.735,0.0251,0.421,1.926,1.294,2,MECHANICAL_FAULT,1
66.79,60.42,26.8,408.92,42.52,2.1,74.17,0.975,50.0,6.37,0.869,-0.0045,0.0096,0.719,1.669,0,NORMAL,0
110.53,85.95,36.19,395.19,63.29,3.11,95.57,0.936,49.84,24.58,1.251,0.4218,-0.0378,4.033,5.402,1,THERMAL_OVERLOAD,1
113.8,92.95,28.44,394.51,68.18,2.96,109.0,0.895,49.85,20.85,1.345,0.5476,-0.0089,4.867,3.881,1,THERMAL_OVERLOAD,1
58.41,54.11,28.36,390.17,30.35,1.15,48.99,0.94,49.96,4.31,0.592,-0.0024,0.0024,1.145,0.547,0,NORMAL,0
68.72,59.69,25.21,395.16,44.37,1.13,76.43,0.956,50.0,9.03,0.877,-0.0149,0.0207,0.524,1.901,0,NORMAL,0
75.54,75.71,9.11,356.28,43.98,3.8,74.93,0.689,49.71,-0.17,0.783,0.2927,0.0538,2.684,4.517,3,DIELECTRIC_FAULT,1
109.8,102.81,60.48,345.16,121.34,11.33,135.48,0.647,48.8,7.0,2.094,1.7734,0.4874,8.144,12.943,4,CRITICAL_FAILURE,1
55.79,48.08,26.75,390.85,45.56,5.79,82.98,0.915,50.06,7.71,0.89,0.0808,0.2653,1.287,1.703,2,MECHANICAL_FAULT,1
63.63,55.05,27.24,395.62,34.97,0.94,59.4,0.964,49.98,8.59,0.692,0.0281,-0.0131,0.602,1.498,0,NORMAL,0
65.11,56.63,27.75,398.76,42.66,1.53,69.88,0.958,50.09,8.49,0.851,0.0298,0.0032,0.917,0.966,0,NORMAL,0
58.57,49.18,28.71,396.46,36.88,1.15,60.93,0.952,50.01,9.39,0.731,-0.0079,-0.0067,0.201,0.559,0,NORMAL,0
61.85,57.13,27.83,391.27,31.37,1.41,54.97,0.962,50.04,4.72,0.614,0.0401,-0.0072,0.934,1.82,0,NORMAL,0
107.63,103.97,62.96,348.65,97.69,13.69,120.27,0.613,49.19,3.66,1.703,2.0177,0.5134,11.453,10.949,4,CRITICAL_FAILURE,1
62.81,57.39,26.23,396.62,32.88,1.2,56.53,0.954,50.0,5.42,0.652,0.026,-0.0044,0.272,1.349,0,NORMAL,0
66.67,59.02,24.57,399.96,39.41,1.34,61.81,0.93,50.04,7.65,0.788,-0.0106,0.0017,0.704,1.706,0,NORMAL,0
63.2,56.15,24.95,404.68,32.16,2.07,57.49,0.932,50.02,7.05,0.651,-0.0181,-0.0429,0.859,1.591,0,NORMAL,0
115.55,88.68,34.0,391.41,72.27,3.3,105.12,0.934,49.91,26.88,1.414,0.8078,-0.0251,3.391,4.023,1,THERMAL_OVERLOAD,1
94.64,91.38,25.35,388.59,68.24,3.66,102.7,0.922,50.08,3.26,1.326,0.6151,0.0224,5.956,3.533,1,THERMAL_OVERLOAD,1
75.26,67.91,29.07,394.27,37.87,10.18,66.88,0.9,50.01,7.34,0.747,0.0361,0.6289,1.412,2.12,2,MECHANICAL_FAULT,1
60.96,55.42,24.0,398.11,36.48,0.85,59.76,0.935,50.05,5.54,0.726,0.0078,0.0422,1.01,1.035,0,NORMAL,0
65.04,58.72,25.2,402.97,40.95,1.89,67.35,0.942,50.06,6.32,0.825,-0.0058,-0.0013,1.161,1.502,0,NORMAL,0
65.97,57.84,26.37,391.07,31.24,7.17,60.56,0.921,50.04,8.13,0.611,-0.0108,0.2809,0.983,2.938,2,MECHANICAL_FAULT,1
68.23,62.69,26.01,397.92,44.3,0.9,74.11,0.939,50.08,5.54,0.881,0.0086,-0.0222,0.286,0.812,0,NORMAL,0
59.37,50.22,23.97,399.86,27.51,2.09,48.08,0.971,49.94,9.16,0.55,-0.0268,0.0347,1.193,0.697,0,NORMAL,0
64.53,56.71,22.45,397.81,46.74,2.15,76.48,0.979,50.05,7.82,0.93,0.0246,0.0311,1.06,1.229,0,NORMAL,0
57.08,48.66,28.66,390.65,44.52,10.95,77.47,0.9,49.98,8.42,0.87,0.031,0.2964,1.296,2.359,2,MECHANICAL_FAULT,1
117.65,84.02,34.82,391.41,83.67,2.19,128.02,0.93,49.82,33.64,1.637,0.1502,0.0952,2.8,3.541,1,THERMAL_OVERLOAD,1
59.1,50.19,22.79,401.58,26.95,1.71,46.34,0.953,50.12,8.91,0.541,-0.0411,0.0205,1.038,1.553,0,NORMAL,0
60.98,51.94,25.3,400.36,44.61,1.29,68.66,0.965,49.94,9.04,0.893,0.0253,0.027,1.095,1.279,0,NORMAL,0
64.16,55.83,27.9,402.9,49.53,1.2,77.68,0.939,50.01,8.33,0.998,0.0031,-0.0125,0.889,0.989,0,NORMAL,0
97.28,96.64,32.61,400.03,83.77,2.57,131.72,0.887,49.94,0.64,1.675,0.7116,0.0012,6.411,3.287,1,THERMAL_OVERLOAD,1
61.09,51.21,25.35,394.29,33.22,1.49,55.81,0.941,50.0,9.88,0.655,-0.0172,0.0002,1.105,1.728,0,NORMAL,0
114.1,101.27,28.95,393.23,63.27,2.73,95.9,0.892,49.94,12.83,1.244,0.1721,0.0842,5.717,6.828,1,THERMAL_OVERLOAD,1
65.76,57.43,23.45,397.89,38.28,0.96,67.56,0.935,50.01,8.33,0.762,-0.0208,0.0087,0.668,1.035,0,NORMAL,0
78.02,75.2,44.34,381.55,48.14,2.3,85.13,0.705,49.9,2.82,0.918,0.2444,0.0188,2.003,4.506,3,DIELECTRIC_FAULT,1
69.75,63.01,24.37,396.91,36.99,11.6,66.96,0.922,50.01,6.73,0.734,0.0822,0.4938,1.002,2.498,2,MECHANICAL_FAULT,1
64.53,56.83,25.53,409.49,38.54,0.82,63.95,0.965,50.08,7.69,0.789,-0.0585,-0.0263,1.117,0.701,0,NORMAL,0
61.91,52.84,24.58,400.06,31.18,1.83,55.17,0.963,49.97,9.07,0.624,-0.016,-0.0227,0.463,1.42,0,NORMAL,0
63.79,54.51,31.49,389.11,33.87,0.99,56.36,0.979,50.12,9.28,0.659,-0.0054,-0.0021,0.863,1.393,0,NORMAL,0
83.44,86.98,46.65,393.63,35.07,3.52,56.82,0.813,49.95,-3.53,0.69,0.3258,0.0231,3.896,2.852,3,DIELECTRIC_FAULT,1
65.62,55.82,23.44,398.54,39.4,1.75,68.38,0.979,50.05,9.81,0.785,-0.0045,-0.0059,0.903,1.057,0,NORMAL,0
60.15,55.86,26.9,404.2,32.43,2.05,54.81,0.939,50.09,4.29,0.655,-0.0031,-0.0034,0.995,0.552,0,NORMAL,0
77.21,68.89,24.06,402.36,47.13,6.07,80.16,0.951,49.87,8.32,0.948,0.026,0.1694,1.134,1.275,2,MECHANICAL_FAULT,1
62.04,53.18,23.52,406.55,30.08,0.96,51.79,0.932,50.06,8.86,0.612,-0.0447,0.0045,0.781,1.7,0,NORMAL,0
61.91,52.27,26.8,401.73,38.08,0.97,60.74,0.974,50.02,9.65,0.765,-0.076,0.0136,0.872,1.222,0,NORMAL,0
62.94,54.0,24.49,403.06,39.84,0.93,66.83,0.952,50.05,8.94,0.803,-0.0228,-0.0196,0.972,0.613,0,NORMAL,0
118.14,100.22,62.81,332.54,96.79,13.78,155.64,0.77,48.77,17.92,1.609,1.1466,0.8005,6.125,10.168,4,CRITICAL_FAILURE,1
74.75,66.75,21.76,398.26,43.62,9.76,78.99,0.917,50.05,8.0,0.869,0.1076,0.4777,1.281,1.365,2,MECHANICAL_FAULT,1
64.8,57.15,25.06,403.67,38.07,1.58,64.9,0.964,49.99,7.66,0.768,-0.003,-0.0143,1.124,1.778,0,NORMAL,0
66.65,59.64,27.31,400.13,46.79,1.74,75.86,0.977,50.06,7.01,0.936,-0.0719,-0.0136,0.51,1.177,0,NORMAL,0
65.22,57.9,26.94,408.77,45.54,1.66,71.81,0.946,49.92,7.33,0.931,0.012,-0.007,0.939,1.874,0,NORMAL,0
68.0,60.18,23.29,402.95,37.38,1.91,65.19,0.944,49.98,7.82,0.753,0.045,-0.0103,1.149,0.769,0,NORMAL,0
106.68,82.9,34.15,392.52,82.45,3.37,123.63,0.903,49.93,23.77,1.618,0.5635,0.038,4.504,3.105,1,THERMAL_OVERLOAD,1
68.24,62.59,22.08,401.23,45.27,2.14,77.05,0.95,50.09,5.65,0.908,-0.0117,-0.0468,0.277,1.395,0,NORMAL,0
69.34,60.67,25.81,407.28,44.07,9.37,77.39,0.938,50.02,8.67,0.897,0.0994,0.1775,1.278,1.87,2,MECHANICAL_FAULT,1
60.76,55.59,24.39,407.09,35.48,1.48,56.11,0.954,50.03,5.17,0.722,0.0079,0.0201,1.026,1.868,0,NORMAL,0
62.58,53.42,23.32,394.68,33.25,1.47,56.63,0.955,49.96,9.16,0.656,-0.021,-0.0175,0.37,1.578,0,NORMAL,0
60.06,51.61,27.46,395.71,26.89,2.04,47.76,0.934,49.94,8.46,0.532,-0.0042,-0.0067,1.086,1.394,0,NORMAL,0
61.61,57.45,26.83,398.0,34.52,1.77,55.98,0.969,50.0,4.16,0.687,-0.0078,-0.0355,0.95,1.142,0,NORMAL,0
88.98,93.72,26.86,385.42,70.12,2.42,105.29,0.888,50.0,-4.74,1.351,0.7722,0.0587,6.237,6.476,1,THERMAL_OVERLOAD,1
64.39,59.61,26.3,400.48,33.06,1.54,57.01,0.956,50.05,4.78,0.662,0.0075,-0.0133,1.111,0.64,0,NORMAL,0
60.65,55.58,23.45,399.35,34.78,7.19,63.41,0.926,49.92,5.07,0.695,0.0572,0.377,1.865,1.057,2,MECHANICAL_FAULT,1
62.44,56.16,27.96,392.88,36.5,1.69,59.46,0.948,50.09,6.28,0.717,0.0285,-0.0314,0.333,0.88,0,NORMAL,0
115.24,107.22,50.58,348.59,92.48,13.19,139.36,0.742,48.97,8.02,1.612,2.0908,0.5698,11.399,12.594,4,CRITICAL_FAILURE,1
65.56,57.99,25.79,402.66,48.56,0.98,76.96,0.95,50.08,7.57,0.978,0.0596,0.013,0.282,0.691,0,NORMAL,0
58.44,50.05,19.75,402.92,31.97,6.15,60.75,0.938,50.09,8.39,0.644,0.0289,0.2853,1.141,2.693,2,MECHANICAL_FAULT,1
66.36,62.11,30.9,400.35,39.95,0.9,64.64,0.93,49.99,4.25,0.8,0.0239,0.0241,0.809,1.414,0,NORMAL,0
55.84,47.94,23.84,393.55,34.31,9.74,62.03,0.939,50.14,7.9,0.675,0.0477,0.517,1.468,1.969,2,MECHANICAL_FAULT,1
62.92,58.87,24.82,402.33,32.72,2.18,56.34,0.974,50.05,4.05,0.658,0.0065,-0.0002,0.349,1.361,0,NORMAL,0
58.53,51.7,26.43,398.61,27.33,0.83,45.88,0.934,49.94,6.83,0.545,0.0132,0.0201,1.05,0.701,0,NORMAL,0
69.96,64.81,23.95,397.55,46.61,1.41,77.88,0.965,50.05,5.14,0.927,0.0671,0.0313,0.846,1.812,0,NORMAL,0
93.13,103.62,35.6,390.94,68.04,2.84,102.14,0.919,49.96,-10.49,1.33,0.5453,0.0689,3.986,6.674,1,THERMAL_OVERLOAD,1
56.65,48.7,20.0,405.64,39.7,11.95,73.22,0.953,49.99,7.95,0.805,0.0248,0.3079,0.845,1.023,2,MECHANICAL_FAULT,1
65.8,61.31,25.2,396.82,34.31,1.98,56.47,0.962,49.99,4.49,0.681,0.0517,0.0116,0.629,0.637,0,NORMAL,0
65.48,56.24,26.35,403.19,40.73,1.68,65.82,0.974,50.12,9.24,0.821,-0.0368,0.0033,0.637,1.887,0,NORMAL,0
60.52,54.81,22.21,402.55,28.93,2.14,46.86,0.932,50.05,5.72,0.582,-0.0358,0.0057,0.912,0.764,0,NORMAL,0
62.65,52.87,24.82,405.66,41.86,0.81,68.09,0.965,50.05,9.77,0.849,0.0005,0.0074,0.942,0.571,0,NORMAL,0
61.86,55.07,23.99,403.34,25.17,0.88,48.98,0.944,50.02,6.78,0.508,-0.0081,0.0162,0.707,1.475,0,NORMAL,0
64.83,55.06,24.22,406.14,34.9,1.25,55.77,0.967,50.04,9.77,0.709,-0.014,-0.034,0.972,1.244,0,NORMAL,0
65.9,57.91,26.79,399.01,33.61,1.97,56.14,0.941,50.0,7.98,0.67,0.0369,0.0197,0.55,1.893,0,NORMAL,0
63.59,56.2,24.66,400.18,43.91,2.13,69.73,0.97,50.09,7.39,0.879,0.0297,-0.0024,0.531,1.966,0,NORMAL,0
63.13,58.33,27.86,397.38,34.13,1.65,58.33,0.959,50.01,4.8,0.678,-0.034,0.0255,0.562,0.971,0,NORMAL,0
65.73,61.57,30.57,403.75,44.48,1.26,73.7,0.942,50.05,4.16,0.898,0.0684,-0.0043,0.304,1.279,0,NORMAL,0
61.94,57.23,22.83,414.02,29.6,0.89,51.07,0.949,49.91,4.71,0.613,-0.0256,-0.0163,0.363,1.105,0,NORMAL,0
73.66,90.76,9.79,365.52,38.57,3.71,74.14,0.694,49.93,-17.11,0.705,0.194,-0.0875,3.893,3.513,3,DIELECTRIC_FAULT,1
64.33,57.06,26.01,402.94,45.0,2.18,72.79,0.977,50.02,7.27,0.907,-0.0195,-0.0106,0.706,1.761,0,NORMAL,0
66.15,58.35,25.13,399.7,48.16,2.13,76.78,0.96,50.0,7.8,0.963,0.0012,-0.014,0.811,1.117,0,NORMAL,0
90.5,97.59,33.56,389.54,81.51,3.54,128.1,0.93,49.71,-7.09,1.588,0.3778,0.0494,4.025,6.288,1,THERMAL_OVERLOAD,1
65.69,59.6,26.54,398.96,42.37,1.09,72.28,0.975,50.03,6.09,0.845,-0.0369,-0.0065,0.858,1.059,0,NORMAL,0
65.27,55.71,26.69,393.52,36.89,1.49,61.72,0.943,49.94,9.56,0.726,0.0616,0.0242,0.983,0.622,0,NORMAL,0
63.4,53.61,25.88,397.29,36.42,1.23,62.05,0.944,50.03,9.79,0.723,0.0345,0.0049,1.135,0.903,0,NORMAL,0
67.04,62.37,22.76,402.03,45.24,2.11,75.77,0.939,49.97,4.68,0.909,-0.0448,0.0251,0.656,0.756,0,NORMAL,0
67.42,63.25,27.4,396.95,37.35,1.6,61.86,0.972,49.97,4.17,0.741,0.012,0.0342,0.237,1.783,0,NORMAL,0
65.46,57.44,25.76,397.38,39.49,1.51,64.37,0.972,50.01,8.02,0.785,-0.0029,-0.0111,0.64,1.307,0,NORMAL,0
65.98,56.12,27.82,407.39,43.39,1.96,68.95,0.98,49.93,9.86,0.884,0.0119,0.0371,0.974,0.501,0,NORMAL,0
62.39,55.0,25.93,395.56,31.29,1.65,53.47,0.947,50.0,7.39,0.619,-0.022,-0.0162,1.051,1.342,0,NORMAL,0
62.09,55.43,28.64,402.11,34.03,1.54,56.88,0.945,49.98,6.66,0.684,0.0407,0.0041,0.574,1.806,0,NORMAL,0
60.56,53.79,26.46,393.92,29.56,2.07,46.7,0.945,49.99,6.78,0.582,0.0489,0.0017,1.101,0.821,0,NORMAL,0
61.13,57.01,23.02,398.41,30.1,2.19,48.64,0.973,50.02,4.12,0.6,0.0339,0.0073,0.671,1.683,0,NORMAL,0
61.14,54.7,28.61,395.72,42.02,1.32,69.7,0.957,49.98,6.44,0.831,-0.0302,-0.0271,0.814,1.236,0,NORMAL,0
63.95,54.46,25.48,393.74,38.93,1.89,61.11,0.941,50.0,9.49,0.766,-0.0086,0.0087,0.861,0.566,0,NORMAL,0
109.83,94.37,30.59,400.71,82.56,3.91,131.4,0.937,49.89,15.46,1.654,0.2955,0.0265,6.104,4.592,1,THERMAL_OVERLOAD,1
77.43,68.57,25.38,397.48,37.64,7.22,80.23,0.937,50.14,8.86,0.748,0.0704,0.4033,1.646,2.586,2,MECHANICAL_FAULT,1
61.96,57.55,22.44,395.94,28.63,1.82,50.6,0.942,50.0,4.41,0.567,0.0244,-0.0381,0.485,1.067,0,NORMAL,0
78.3,85.47,52.45,372.14,35.1,2.34,67.6,0.795,49.94,-7.17,0.653,0.0917,-0.0351,1.999,2.308,3,DIELECTRIC_FAULT,1
63.07,56.74,21.22,392.57,31.85,1.16,55.86,0.975,50.06,6.33,0.625,-0.0321,-0.0164,0.436,1.628,0,NORMAL,0
62.58,57.57,24.64,398.86,33.43,2.0,61.43,0.959,50.03,5.0,0.667,0.0172,0.004,0.377,0.722,0,NORMAL,0
58.4,52.77,24.45,398.45,26.2,0.91,45.21,0.968,49.95,5.63,0.522,0.0108,0.0279,0.29,1.835,0,NORMAL,0
67.06,58.95,27.3,393.72,43.02,1.06,68.61,0.945,50.08,8.11,0.847,-0.0007,0.0036,0.259,1.849,0,NORMAL,0
95.2,87.61,38.28,385.17,89.86,2.3,134.4,0.924,49.77,7.59,1.731,0.7745,0.0684,4.709,3.276,1,THERMAL_OVERLOAD,1
61.8,54.04,24.19,397.12,35.16,2.01,57.11,0.98,49.97,7.76,0.698,0.0134,-0.0133,0.316,1.352,0,NORMAL,0
65.54,58.57,26.34,400.76,38.1,2.0,63.55,0.957,49.95,6.96,0.764,-0.0062,0.0297,1.121,0.878,0,NORMAL,0
64.64,58.71,24.75,403.58,42.72,0.9,66.83,0.974,50.05,5.94,0.862,0.0115,-0.0176,1.178,0.667,0,NORMAL,0
71.71,95.54,49.05,358.28,34.73,2.76,56.45,0.778,49.65,-23.83,0.622,0.2864,0.0476,2.777,3.135,3,DIELECTRIC_FAULT,1
61.8,54.07,27.51,391.88,28.82,1.29,49.69,0.972,50.02,7.73,0.565,-0.0007,-0.0181,0.876,0.988,0,NORMAL,0
61.64,52.49,23.39,398.63,29.77,2.15,51.79,0.961,50.02,9.15,0.593,0.0385,0.0259,0.903,1.752,0,NORMAL,0
60.95,53.56,20.71,398.86,29.14,1.98,50.58,0.93,50.05,7.39,0.581,-0.0451,0.0021,0.943,0.565,0,NORMAL,0
61.66,56.92,25.27,400.16,35.39,0.81,56.88,0.978,49.99,4.74,0.708,0.0111,0.0002,0.258,1.375,0,NORMAL,0
87.12,89.18,45.27,365.91,25.6,1.93,61.31,0.692,50.05,-2.06,0.468,0.2684,0.1774,2.293,2.151,3,DIELECTRIC_FAULT,1
59.28,50.63,25.91,401.12,29.94,0.86,51.79,0.978,50.11,8.65,0.6,-0.0193,0.0186,1.18,1.403,0,NORMAL,0
82.06,80.91,8.44,407.59,37.72,1.97,76.06,0.722,50.03,1.15,0.769,0.164,0.111,2.353,2.149,3,DIELECTRIC_FAULT,1
62.75,57.54,23.94,397.14,40.36,1.51,63.99,0.953,50.07,5.21,0.801,0.001,-0.0336,0.23,0.698,0,NORMAL,0
69.42,63.29,23.06,397.13,36.11,6.46,66.08,0.937,49.95,6.13,0.717,0.0073,0.1844,0.949,2.867,2,MECHANICAL_FAULT,1
69.07,64.3,26.39,405.62,43.78,1.51,72.3,0.965,50.08,4.78,0.888,0.0342,-0.0534,0.598,1.576,0,NORMAL,0
62.33,54.42,24.65,398.31,31.45,0.93,51.91,0.977,49.96,7.9,0.626,-0.0366,-0.0114,0.697,0.685,0,NORMAL,0
59.47,49.97,21.73,402.22,31.73,1.72,54.37,0.932,49.99,9.5,0.638,-0.06,-0.0098,0.577,0.994,0,NORMAL,0
60.73,54.8,23.75,399.14,28.06,1.93,47.08,0.939,50.1,5.93,0.56,-0.0022,0.0222,1.125,0.843,0,NORMAL,0
61.73,56.3,22.05,411.98,34.27,1.34,58.35,0.955,49.96,5.44,0.706,-0.0114,-0.0233,0.585,0.929,0,NORMAL,0
83.86,94.49,11.63,383.73,42.56,2.82,76.84,0.74,50.04,-10.63,0.817,0.1858,-0.0518,2.998,4.781,3,DIELECTRIC_FAULT,1
97.47,82.92,32.14,394.23,63.76,2.21,97.56,0.935,49.74,14.55,1.257,0.7799,0.0428,4.343,6.929,1,THERMAL_OVERLOAD,1
64.05,59.37,26.11,398.79,35.75,1.61,62.75,0.946,49.95,4.68,0.713,-0.0618,0.0364,0.968,0.994,0,NORMAL,0
105.49,101.02,28.52,393.61,67.3,3.27,103.22,0.91,49.8,4.47,1.324,0.6894,-0.0316,2.956,3.586,1,THERMAL_OVERLOAD,1
61.84,55.17,23.79,400.72,35.0,1.44,57.18,0.969,49.98,6.66,0.701,-0.0016,0.0127,0.714,1.372,0,NORMAL,0
65.88,58.77,24.81,399.63,45.02,0.82,71.85,0.941,49.97,7.11,0.9,-0.0266,-0.0051,0.314,1.741,0,NORMAL,0
64.84,55.75,27.29,394.15,46.52,2.13,75.8,0.974,49.96,9.09,0.917,0.0287,0.0175,1.19,0.968,0,NORMAL,0
60.81,50.83,23.87,398.51,25.82,1.55,46.26,0.941,50.03,9.98,0.514,0.0201,-0.029,0.241,1.954,0,NORMAL,0
104.29,88.1,32.07,402.72,78.77,2.3,122.9,0.902,49.7,16.19,1.586,0.361,0.0151,5.855,3.969,1,THERMAL_OVERLOAD,1
55.6,48.36,24.14,398.38,27.44,1.93,48.74,0.965,50.02,7.24,0.547,0.0542,0.0101,0.612,0.708,0,NORMAL,0
62.97,54.69,25.07,397.86,33.44,1.5,58.01,0.939,50.02,8.28,0.665,0.0357,0.0352,0.852,0.539,0,NORMAL,0
56.85,48.57,28.24,398.7,41.14,8.93,72.42,0.93,50.08,8.28,0.82,0.0778,0.2713,1.352,2.715,2,MECHANICAL_FAULT,1
64.15,56.22,25.29,399.67,31.46,1.25,54.61,0.956,49.93,7.93,0.629,0.0208,0.0145,0.554,1.541,0,NORMAL,0
67.1,62.56,27.14,394.5,44.45,1.04,73.48,0.931,50.05,4.54,0.877,0.0475,-0.0351,0.906,1.715,0,NORMAL,0
116.4,84.36,38.78,395.94,66.9,3.46,95.96,0.898,49.75,32.04,1.324,0.4006,-0.0419,4.223,3.084,1,THERMAL_OVERLOAD,1
59.56,51.37,26.51,395.33,31.36,2.06,51.56,0.961,49.97,8.19,0.62,0.0189,-0.0041,0.909,1.529,0,NORMAL,0
108.87,99.83,29.25,392.15,84.55,3.36,122.14,0.887,49.87,9.04,1.658,0.4734,-0.0157,4.382,6.585,1,THERMAL_OVERLOAD,1
98.67,101.23,38.09,399.7,68.72,2.97,103.55,0.928,49.95,-2.56,1.373,0.7448,0.041,5.216,5.998,1,THERMAL_OVERLOAD,1
63.55,58.12,18.86,395.06,33.89,10.91,63.93,0.95,50.06,5.43,0.669,0.0139,0.2741,1.298,2.375,2,MECHANICAL_FAULT,1
77.41,71.44,22.46,403.1,37.84,11.31,68.64,0.944,49.96,5.97,0.763,-0.1014,0.4762,1.585,2.813,2,MECHANICAL_FAULT,1
113.88,83.25,35.42,385.08,75.8,3.8,121.93,0.919,49.8,30.64,1.46,0.3734,-0.0049,6.344,6.011,1,THERMAL_OVERLOAD,1
64.3,54.94,25.32,403.02,41.61,0.95,72.08,0.968,50.08,9.36,0.839,-0.0089,-0.0153,0.508,1.039,0,NORMAL,0
65.81,57.76,24.21,402.67,44.6,1.0,76.64,0.976,49.91,8.05,0.898,-0.0467,-0.0214,0.765,0.775,0,NORMAL,0
61.45,54.99,26.8,404.51,34.65,2.17,58.44,0.977,50.08,6.46,0.701,0.0496,-0.0107,1.029,1.848,0,NORMAL,0
63.63,58.62,25.79,398.85,35.02,1.52,60.39,0.954,50.03,5.01,0.698,0.0045,0.0236,0.25,0.594,0,NORMAL,0
109.15,82.29,29.27,393.6,83.91,3.9,129.46,0.912,49.99,26.86,1.651,0.6511,-0.0795,3.593,4.164,1,THERMAL_OVERLOAD,1
68.61,61.91,25.18,403.61,46.12,1.01,75.08,0.972,49.99,6.7,0.931,-0.0018,0.0056,0.807,0.89,0,NORMAL,0
63.17,54.31,28.34,401.18,33.17,1.89,59.09,0.941,50.04,8.85,0.665,0.0193,-0.0206,0.203,1.176,0,NORMAL,0
64.39,56.02,21.65,402.16,38.03,1.99,66.2,0.934,50.0,8.37,0.765,-0.0076,0.0264,0.816,1.255,0,NORMAL,0
65.65,60.42,29.41,399.86,32.94,1.77,58.57,0.967,49.96,5.23,0.659,-0.0375,-0.0057,0.993,1.654,0,NORMAL,0
94.03,84.2,40.39,402.98,71.12,3.64,108.55,0.928,49.9,9.82,1.433,0.7269,0.0745,4.278,3.672,1,THERMAL_OVERLOAD,1
68.52,58.8,26.4,399.24,42.92,1.02,72.52,0.975,49.92,9.73,0.857,-0.0032,0.0171,0.631,1.535,0,NORMAL,0
94.97,94.92,36.21,396.69,63.04,3.35,103.64,0.921,49.95,0.05,1.25,0.7274,0.0352,4.931,3.129,1,THERMAL_OVERLOAD,1
109.65,117.13,58.54,334.24,94.13,11.66,130.3,0.756,48.5,-7.48,1.573,1.9918,1.0071,5.144,10.164,4,CRITICAL_FAILURE,1
59.78,51.83,24.47,396.53,32.31,1.68,52.6,0.945,49.95,7.95,0.641,-0.0156,0.0038,0.591,0.918,0,NORMAL,0
60.52,52.18,22.3,403.96,32.9,1.3,52.26,0.944,49.98,8.35,0.665,0.0165,-0.0147,0.452,1.181,0,NORMAL,0
66.34,60.95,27.02,397.69,39.58,2.16,63.04,0.963,50.03,5.39,0.787,-0.0227,0.0517,0.389,1.023,0,NORMAL,0
58.1,52.44,25.67,404.16,32.62,1.79,50.57,0.978,50.0,5.66,0.659,0.0204,-0.0015,0.982,0.508,0,NORMAL,0
89.21,84.45,33.0,389.06,81.69,3.92,130.13,0.906,49.95,4.76,1.589,0.7653,0.0305,2.657,5.61,1,THERMAL_OVERLOAD,1
63.44,58.61,21.58,401.68,33.71,1.46,55.07,0.98,49.97,4.83,0.677,-0.0174,-0.0216,0.991,0.949,0,NORMAL,0
90.63,77.78,8.64,355.18,46.07,2.28,79.97,0.683,49.77,12.85,0.818,0.2359,-0.0791,3.988,3.094,3,DIELECTRIC_FAULT,1
59.76,52.78,24.19,400.03,32.9,1.23,54.42,0.958,50.1,6.98,0.658,-0.0101,-0.0173,1.022,1.552,0,NORMAL,0
61.89,57.03,28.77,397.01,30.88,1.6,50.51,0.963,50.03,4.86,0.613,-0.0019,-0.0204,0.557,1.96,0,NORMAL,0
62.53,55.07,26.56,406.84,38.21,0.97,61.63,0.965,49.96,7.45,0.777,0.0523,-0.0043,0.394,1.123,0,NORMAL,0
58.92,54.44,22.58,394.76,23.0,1.12,45.97,0.949,50.06,4.48,0.454,0.0512,0.0185,0.845,1.795,0,NORMAL,0
62.71,56.42,23.68,400.54,32.47,1.05,55.36,0.957,50.05,6.28,0.65,0.0376,0.0051,0.657,1.722,0,NORMAL,0
93.27,101.6,32.68,395.83,80.93,3.18,117.57,0.899,49.83,-8.33,1.602,0.1748,0.029,6.26,3.264,1,THERMAL_OVERLOAD,1
62.3,57.98,23.78,398.65,32.71,1.2,54.79,0.964,49.96,4.32,0.652,0.0203,-0.0216,0.291,0.721,0,NORMAL,0
59.69,50.39,28.27,403.8,33.46,1.0,56.96,0.975,49.99,9.3,0.676,-0.0108,-0.0082,0.306,0.965,0,NORMAL,0
68.04,62.59,27.58,399.65,41.35,1.8,68.87,0.935,50.01,5.45,0.826,-0.007,-0.0157,0.471,0.871,0,NORMAL,0
67.83,60.16,27.5,391.45,42.71,7.35,72.08,0.925,49.95,7.67,0.836,-0.0425,0.5714,1.646,1.884,2,MECHANICAL_FAULT,1
106.86,94.23,40.08,394.88,81.53,3.46,124.92,0.885,49.98,12.63,1.61,0.2415,0.0095,3.744,3.855,1,THERMAL_OVERLOAD,1
60.62,51.95,22.98,397.09,42.15,1.33,70.84,0.948,49.9,8.67,0.837,0.0414,0.0023,0.562,1.286,0,NORMAL,0
132.88,115.31,59.3,331.31,113.99,10.93,133.04,0.752,48.97,17.57,1.888,1.2796,0.558,6.229,10.394,4,CRITICAL_FAILURE,1
63.96,57.0,26.1,400.52,30.09,1.78,49.66,0.932,49.94,6.96,0.603,-0.0045,-0.0108,0.654,1.143,0,NORMAL,0
79.22,91.17,43.16,387.68,31.43,2.02,52.99,0.724,50.05,-11.95,0.609,0.3275,0.0485,3.213,4.797,3,DIELECTRIC_FAULT,1
59.59,51.62,22.7,404.15,26.97,1.69,48.58,0.949,50.06,7.97,0.545,0.013,-0.0009,0.959,1.319,0,NORMAL,0
70.01,82.01,7.14,395.24,36.14,3.16,71.6,0.831,49.63,-12.0,0.714,0.2384,0.0023,3.962,2.121,3,DIELECTRIC_FAULT,1
67.7,60.61,22.74,393.6,36.69,2.09,63.28,0.955,50.0,7.09,0.722,-0.003,0.0184,1.068,1.709,0,NORMAL,0
66.9,61.95,27.36,399.81,41.0,1.43,65.98,0.95,49.98,4.95,0.82,0.0107,0.0174,1.092,1.779,0,NORMAL,0
110.67,110.25,57.85,348.99,98.62,14.55,136.54,0.665,48.8,0.41,1.721,1.9549,0.7374,9.002,13.086,4,CRITICAL_FAILURE,1
65.65,57.81,23.56,407.37,38.71,1.4,67.38,0.938,50.04,7.84,0.788,0.0522,-0.0122,0.891,1.564,0,NORMAL,0
67.36,60.12,23.77,400.65,44.92,0.9,76.32,0.941,50.01,7.24,0.9,0.0221,-0.0318,0.334,1.104,0,NORMAL,0
63.69,53.96,20.25,407.65,46.03,0.99,73.48,0.952,49.96,9.73,0.938,0.0573,-0.0198,0.434,1.016,0,NORMAL,0
63.36,56.2,21.31,402.54,39.19,1.99,64.51,0.977,50.01,7.16,0.789,-0.0521,0.0488,0.679,1.902,0,NORMAL,0
67.24,61.04,23.47,395.5,46.27,1.18,75.13,0.98,50.0,6.2,0.915,0.0492,-0.0024,0.697,0.537,0,NORMAL,0
60.55,54.29,26.52,400.05,31.44,1.31,53.36,0.95,49.93,6.26,0.629,0.0019,-0.0068,0.322,0.821,0,NORMAL,0
68.92,64.5,24.58,399.73,43.96,0.98,76.47,0.975,49.96,4.42,0.879,-0.0048,-0.0251,1.094,1.768,0,NORMAL,0
61.03,55.13,23.41,398.23,29.23,1.56,51.36,0.946,50.0,5.9,0.582,-0.012,-0.0051,0.241,0.636,0,NORMAL,0
89.3,82.8,29.39,383.71,77.69,2.35,119.88,0.907,49.77,6.49,1.491,0.7256,0.0028,5.234,4.373,1,THERMAL_OVERLOAD,1
113.25,84.13,39.65,378.37,81.42,3.17,120.89,0.887,49.95,29.12,1.54,0.19,0.0235,4.188,6.208,1,THERMAL_OVERLOAD,1
63.61,56.56,22.17,409.86,40.11,1.46,66.67,0.939,49.99,7.05,0.822,-0.0038,-0.0092,0.225,1.344,0,NORMAL,0
109.97,94.2,29.35,394.89,72.58,3.94,111.01,0.908,49.9,15.77,1.433,0.8009,0.0042,2.883,3.892,1,THERMAL_OVERLOAD,1
62.13,57.95,27.22,398.75,36.05,1.43,58.77,0.939,49.98,4.18,0.719,-0.0311,-0.0024,0.363,1.533,0,NORMAL,0
111.78,112.03,51.98,348.15,101.79,9.23,125.5,0.658,48.47,-0.25,1.772,1.8157,0.7869,5.448,13.34,4,CRITICAL_FAILURE,1
63.4,59.07,23.86,405.33,34.36,1.78,56.3,0.952,50.01,4.33,0.696,0.0048,-0.0074,0.351,1.71,0,NORMAL,0
66.59,61.89,22.85,400.13,41.89,1.63,68.56,0.954,50.0,4.7,0.838,-0.0012,-0.0281,1.151,1.075,0,NORMAL,0
111.13,103.26,48.98,344.81,114.44,9.83,151.34,0.602,48.87,7.87,1.973,1.4824,1.1904,10.339,8.216,4,CRITICAL_FAILURE,1
61.56,55.21,23.29,395.51,29.97,1.15,48.27,0.947,50.1,6.35,0.593,0.0096,-0.0022,0.999,1.188,0,NORMAL,0
64.1,59.39,22.94,394.02,37.64,1.28,62.86,0.939,50.01,4.71,0.742,0.021,0.0078,0.778,1.115,0,NORMAL,0
65.5,57.12,23.59,402.78,34.84,1.59,55.99,0.978,50.0,8.38,0.702,0.0162,-0.0184,0.401,1.304,0,NORMAL,0
66.17,58.35,23.07,395.95,44.96,0.82,73.38,0.935,49.99,7.82,0.89,-0.0227,-0.0119,0.615,0.719,0,NORMAL,0
60.31,51.38,24.06,398.27,27.82,0.92,47.78,0.979,50.01,8.93,0.554,-0.0434,-0.0281,1.013,1.921,0,NORMAL,0
64.39,57.51,24.02,396.63,43.42,1.2,70.77,0.98,50.08,6.89,0.861,0.0578,-0.0091,0.324,1.644,0,NORMAL,0
59.86,54.74,23.36,398.82,27.39,1.74,48.13,0.966,50.06,5.12,0.546,0.0157,0.0019,0.221,1.608,0,NORMAL,0
61.89,55.34,26.51,402.42,36.86,1.53,56.48,0.943,50.01,6.55,0.742,-0.0448,-0.0285,0.915,0.944,0,NORMAL,0
61.09,53.75,23.18,397.43,38.81,1.28,65.05,0.951,49.98,7.35,0.771,0.0128,0.0022,0.505,1.591,0,NORMAL,0
66.5,58.66,22.84,395.08,40.69,1.09,67.15,0.961,50.02,7.84,0.804,-0.0115,-0.0121,1.035,0.991,0,NORMAL,0
59.86,53.46,23.44,399.43,28.45,1.93,46.64,0.933,50.0,6.4,0.568,-0.0424,0.0096,1.021,1.557,0,NORMAL,0
62.62,55.11,24.09,397.66,40.3,1.32,68.71,0.952,49.93,7.5,0.801,0.0054,-0.0393,0.236,1.247,0,NORMAL,0
66.25,57.22,24.02,397.92,44.68,1.66,75.17,0.941,50.01,9.03,0.889,0.0099,0.0125,0.82,1.252,0,NORMAL,0
64.21,56.54,16.66,395.71,41.93,9.75,69.67,0.919,50.06,7.66,0.83,0.0128,0.4439,1.454,2.132,2,MECHANICAL_FAULT,1
69.71,64.96,25.61,411.78,42.7,1.3,72.62,0.97,50.0,4.75,0.879,-0.048,0.0292,0.928,1.799,0,NORMAL,0
85.07,80.2,50.72,364.05,51.71,3.01,81.36,0.699,49.9,4.87,0.941,0.2693,-0.0016,2.62,3.951,3,DIELECTRIC_FAULT,1
68.49,63.07,21.75,395.12,44.62,6.22,76.2,0.948,49.93,5.42,0.882,0.0916,0.5875,1.452,1.516,2,MECHANICAL_FAULT,1
64.24,54.95,23.82,401.45,40.48,1.73,68.03,0.953,49.97,9.29,0.812,0.0201,0.0079,0.99,0.889,0,NORMAL,0
70.97,63.83,27.93,397.53,31.74,6.25,60.37,0.92,50.09,7.14,0.631,0.02,0.5161,0.924,2.554,2,MECHANICAL_FAULT,1
119.52,115.42,61.56,354.86,113.25,11.02,153.36,0.601,49.06,4.1,2.009,0.8769,1.095,9.328,11.713,4,CRITICAL_FAILURE,1
70.21,61.33,25.77,388.18,38.7,1.47,69.33,0.967,49.95,8.87,0.751,0.0024,-0.0081,0.757,1.761,0,NORMAL,0
62.43,52.64,24.04,405.96,28.47,1.12,46.44,0.937,50.01,9.79,0.578,0.0188,0.0392,0.946,1.66,0,NORMAL,0
62.0,52.25,27.39,400.81,32.41,2.05,52.86,0.968,50.03,9.75,0.65,-0.0346,0.0514,1.023,1.658,0,NORMAL,0
62.56,54.56,23.82,403.45,47.15,11.65,84.83,0.909,50.05,8.0,0.951,0.0739,0.3968,1.729,2.7,2,MECHANICAL_FAULT,1
134.22,104.24,54.19,354.39,109.03,13.97,151.85,0.716,49.02,29.99,1.932,1.1205,0.6484,9.098,7.313,4,CRITICAL_FAILURE,1
64.14,57.47,23.72,405.5,42.03,1.85,68.62,0.975,49.9,6.67,0.852,0.001,-0.0128,0.233,1.203,0,NORMAL,0
62.88,56.51,23.2,404.3,42.85,2.05,69.37,0.944,50.03,6.37,0.866,-0.0163,-0.0033,0.312,1.274,0,NORMAL,0
65.42,55.46,24.22,401.53,36.76,1.8,60.09,0.966,49.99,9.96,0.738,0.0199,0.0299,1.012,1.096,0,NORMAL,0
64.22,55.53,23.86,406.11,33.86,1.43,56.91,0.948,49.95,8.69,0.688,0.0314,-0.0011,0.548,1.679,0,NORMAL,0
113.43,102.08,31.61,389.92,61.62,3.7,96.51,0.895,49.87,11.34,1.201,0.8332,0.0565,4.215,4.295,1,THERMAL_OVERLOAD,1
56.42,50.23,22.29,404.1,29.0,1.54,48.42,0.96,50.05,6.19,0.586,-0.0024,0.0152,0.5,1.63,0,NORMAL,0
121.0,115.69,53.47,349.91,97.81,15.96,150.81,0.653,48.78,5.31,1.711,1.5483,0.8305,11.012,7.017,4,CRITICAL_FAILURE,1
58.71,51.49,26.27,397.52,32.18,1.77,54.01,0.953,50.02,7.23,0.64,-0.0148,-0.0322,0.473,1.437,0,NORMAL,0
104.5,100.98,34.53,400.44,80.1,3.4,116.28,0.906,49.92,3.52,1.604,0.2968,-0.0081,5.468,4.544,1,THERMAL_OVERLOAD,1
71.56,89.35,43.3,383.28,40.5,3.3,74.28,0.754,49.73,-17.79,0.776,0.1573,-0.0145,3.609,2.681,3,DIELECTRIC_FAULT,1
74.76,82.35,7.71,359.51,40.0,2.52,73.66,0.827,49.69,-7.58,0.719,0.2211,0.0714,1.746,4.386,3,DIELECTRIC_FAULT,1
60.38,56.26,28.12,397.89,32.37,2.01,55.61,0.971,49.99,4.12,0.644,0.0476,-0.0115,0.488,0.583,0,NORMAL,0
64.29,55.07,24.9,398.83,46.72,1.42,77.06,0.956,50.06,9.22,0.932,-0.0522,-0.0072,1.169,0.887,0,NORMAL,0
60.09,54.48,25.71,398.6,29.37,0.8,51.33,0.974,50.02,5.6,0.585,0.0068,-0.0123,0.351,0.593,0,NORMAL,0
60.31,51.29,26.76,398.11,32.81,1.38,51.13,0.952,49.99,9.02,0.653,0.0644,-0.0197,0.966,1.027,0,NORMAL,0
67.67,58.52,22.67,394.53,45.79,1.26,77.39,0.968,49.95,9.15,0.903,-0.0123,-0.0227,0.231,1.74,0,NORMAL,0
62.65,56.63,22.31,405.36,36.9,1.17,66.04,0.934,50.03,6.02,0.748,0.0557,-0.0251,0.989,1.716,0,NORMAL,0
63.01,55.2,24.87,399.08,34.6,1.15,61.14,0.945,49.96,7.8,0.69,0.0336,-0.0132,0.975,0.695,0,NORMAL,0
63.45,55.1,24.63,395.83,30.78,1.56,52.59,0.97,49.98,8.35,0.609,0.031,-0.0297,1.086,1.424,0,NORMAL,0
65.02,59.0,28.57,400.62,38.46,1.01,64.24,0.948,50.03,6.02,0.77,-0.059,-0.0172,0.961,1.315,0,NORMAL,0
64.66,58.08,23.0,395.76,43.7,1.75,71.92,0.95,50.03,6.58,0.865,0.0357,0.0267,1.141,1.57,0,NORMAL,0
58.43,50.81,25.74,395.99,32.31,1.28,52.84,0.965,49.97,7.62,0.64,-0.0239,0.0123,0.932,1.454,0,NORMAL,0
63.88,57.91,27.18,405.38,45.74,8.81,82.79,0.905,50.05,5.97,0.927,0.0757,0.5237,1.483,2.156,2,MECHANICAL_FAULT,1
66.35,60.73,22.28,389.95,37.55,10.35,77.52,0.935,50.03,5.62,0.732,0.0032,0.4481,0.841,1.393,2,MECHANICAL_FAULT,1
64.79,56.26,22.31,399.25,39.43,1.65,69.56,0.964,49.99,8.53,0.787,-0.0544,-0.0004,0.211,0.755,0,NORMAL,0
64.55,59.44,25.29,404.41,31.22,1.87,52.28,0.956,49.97,5.11,0.631,0.0209,-0.0228,0.28,1.163,0,NORMAL,0
105.54,104.76,36.63,391.58,64.97,2.22,96.68,0.885,50.03,0.78,1.272,0.5486,0.0726,3.455,5.227,1,THERMAL_OVERLOAD,1
64.8,59.29,25.3,397.66,41.19,1.55,69.72,0.96,50.04,5.51,0.819,0.0348,-0.0101,0.723,0.675,0,NORMAL,0
66.1,57.52,23.83,403.3,43.66,0.99,71.79,0.941,49.99,8.58,0.88,0.0491,-0.0037,1.019,1.04,0,NORMAL,0
66.62,59.95,24.37,403.26,45.24,1.0,73.95,0.944,50.1,6.67,0.912,-0.003,-0.0146,0.849,0.866,0,NORMAL,0
65.74,59.47,22.46,399.08,41.19,2.03,67.89,0.935,50.06,6.26,0.822,-0.0184,-0.0068,0.266,1.633,0,NORMAL,0
64.13,54.84,26.66,392.37,35.87,1.08,61.44,0.974,49.94,9.29,0.704,-0.0336,0.0142,0.248,1.028,0,NORMAL,0
66.85,62.12,25.86,406.37,41.93,1.82,75.5,0.952,50.11,4.74,0.852,-0.0258,0.0098,0.415,1.855,0,NORMAL,0
62.56,54.11,24.17,410.36,35.23,2.03,64.08,0.977,50.04,8.45,0.723,-0.026,0.0031,0.551,1.653,0,NORMAL,0
60.02,52.6,29.23,401.62,32.45,1.95,52.78,0.954,50.02,7.43,0.652,0.035,0.0176,0.813,1.028,0,NORMAL,0
60.54,53.16,27.36,407.46,33.07,0.93,53.3,0.973,49.97,7.38,0.674,0.0034,0.0304,1.021,1.5,0,NORMAL,0
65.53,59.05,28.36,401.02,46.9,0.89,75.18,0.96,49.96,6.48,0.94,0.0184,0.0102,0.371,1.846,0,NORMAL,0
68.82,61.39,28.0,404.54,44.23,1.3,75.26,0.973,49.96,7.43,0.895,-0.0041,-0.0219,0.695,0.884,0,NORMAL,0
57.5,50.44,26.54,397.6,29.69,1.51,46.01,0.955,50.01,7.06,0.59,-0.0625,0.0345,1.039,0.741,0,NORMAL,0
114.33,104.47,28.56,397.01,80.31,2.79,121.0,0.912,49.81,9.86,1.594,0.407,0.0339,2.968,6.74,1,THERMAL_OVERLOAD,1
64.34,58.46,25.31,405.58,41.11,0.81,72.88,0.95,49.98,5.88,0.834,0.0366,-0.0215,0.966,0.956,0,NORMAL,0
105.66,103.71,25.89,402.95,67.18,3.25,104.29,0.934,49.79,1.95,1.353,0.394,0.0937,4.724,6.751,1,THERMAL_OVERLOAD,1
64.8,60.13,24.62,402.51,37.8,1.76,65.49,0.957,49.92,4.68,0.761,-0.0609,-0.0053,0.307,1.997,0,NORMAL,0
57.56,50.86,23.92,407.87,26.2,1.44,46.84,0.971,49.99,6.7,0.534,0.0014,-0.0056,1.081,0.826,0,NORMAL,0
60.18,53.82,22.53,393.97,30.93,0.93,51.62,0.974,49.94,6.35,0.609,0.0286,0.0298,0.806,1.095,0,NORMAL,0
60.23,55.13,21.0,402.06,32.12,1.95,52.23,0.978,50.05,5.1,0.646,-0.0213,-0.0307,0.958,1.623,0,NORMAL,0
111.57,87.18,29.88,397.87,73.41,3.68,102.06,0.909,49.93,24.39,1.46,0.5135,0.019,3.048,4.121,1,THERMAL_OVERLOAD,1
72.81,76.01,51.08,390.52,31.77,2.26,57.47,0.809,49.91,-3.2,0.62,0.1184,0.0953,2.259,4.647,3,DIELECTRIC_FAULT,1
66.35,59.98,23.35,399.65,39.2,1.13,63.01,0.947,49.99,6.37,0.783,-0.016,0.0119,0.513,1.854,0,NORMAL,0
63.86,56.34,25.38,402.0,40.27,0.91,64.34,0.936,49.99,7.53,0.809,0.0647,-0.0087,0.328,1.808,0,NORMAL,0
98.73,89.4,26.39,399.0,87.25,2.71,129.97,0.91,49.95,9.33,1.741,0.4645,0.0507,3.629,6.417,1,THERMAL_OVERLOAD,1
100.88,101.04,29.2,389.11,87.64,2.9,131.77,0.896,49.94,-0.16,1.705,0.6495,-0.0811,3.818,3.458,1,THERMAL_OVERLOAD,1
105.78,90.57,38.5,374.89,74.87,3.34,119.67,0.888,49.96,15.21,1.403,0.4905,0.1028,3.011,4.113,1,THERMAL_OVERLOAD,1
60.83,52.07,22.95,407.28,26.81,1.79,48.2,0.964,50.02,8.76,0.546,-0.002,-0.0072,0.533,1.504,0,NORMAL,0
65.82,58.67,25.0,392.25,35.42,1.15,60.11,0.968,50.03,7.15,0.695,0.0312,-0.0107,0.257,0.998,0,NORMAL,0
123.72,107.3,55.46,348.4,115.26,14.47,155.47,0.746,48.77,16.42,2.008,1.7529,1.048,7.325,11.61,4,CRITICAL_FAILURE,1
121.25,103.49,64.09,345.66,96.64,12.0,121.91,0.715,48.23,17.76,1.67,1.1988,0.8337,7.186,7.542,4,CRITICAL_FAILURE,1
67.18,60.76,23.5,386.6,32.89,8.72,60.31,0.948,50.13,6.42,0.636,-0.0062,0.3964,1.721,1.851,2,MECHANICAL_FAULT,1
110.14,115.78,59.24,348.65,96.41,14.99,145.13,0.77,49.13,-5.64,1.681,0.8177,0.7015,8.382,13.101,4,CRITICAL_FAILURE,1
102.17,96.22,35.49,397.48,88.34,3.46,130.12,0.939,49.86,5.95,1.756,0.6965,-0.0169,4.137,5.69,1,THERMAL_OVERLOAD,1
65.81,59.69,25.23,397.86,41.11,1.21,67.56,0.964,49.95,6.11,0.818,0.0164,-0.0016,1.091,1.991,0,NORMAL,0
116.21,100.74,31.44,403.48,78.11,3.99,121.15,0.905,49.81,15.46,1.576,0.4204,0.0138,5.419,3.19,1,THERMAL_OVERLOAD,1
62.35,53.72,20.29,406.86,38.94,1.79,62.15,0.958,49.94,8.63,0.792,-0.0017,0.0218,0.774,0.693,0,NORMAL,0
81.29,92.93,57.78,387.36,34.16,2.59,74.71,0.802,49.72,-11.64,0.662,0.3805,0.0495,3.521,4.369,3,DIELECTRIC_FAULT,1
61.23,53.62,24.73,405.9,34.78,1.65,55.46,0.962,50.05,7.61,0.706,0.0492,0.0148,0.437,1.269,0,NORMAL,0
62.59,57.41,24.42,405.55,38.83,9.86,71.24,0.909,50.08,5.19,0.787,0.0398,0.3755,1.607,2.043,2,MECHANICAL_FAULT,1
75.94,67.87,28.01,394.29,40.0,8.28,70.65,0.909,50.13,8.07,0.789,0.0138,0.4516,1.249,1.401,2,MECHANICAL_FAULT,1
69.28,62.73,20.98,390.76,31.78,6.09,63.19,0.918,49.95,6.55,0.621,-0.0235,0.4724,1.137,2.231,2,MECHANICAL_FAULT,1
75.52,84.99,9.46,377.86,48.62,2.55,83.14,0.789,49.72,-9.47,0.919,0.2101,0.0914,3.319,4.428,3,DIELECTRIC_FAULT,1
95.39,104.24,31.66,398.33,83.33,3.71,123.47,0.9,49.94,-8.86,1.66,0.2616,-0.0277,5.023,6.185,1,THERMAL_OVERLOAD,1
69.84,65.77,23.24,404.26,45.56,1.45,77.6,0.947,50.02,4.07,0.921,0.0136,0.017,1.114,1.329,0,NORMAL,0
130.48,102.22,52.41,339.33,105.98,14.33,151.19,0.605,48.42,28.26,1.798,1.382,1.132,6.861,7.918,4,CRITICAL_FAILURE,1
62.99,53.74,23.61,400.78,41.73,1.51,72.06,0.959,50.04,9.25,0.836,-0.0188,0.0253,0.388,0.67,0,NORMAL,0
59.88,53.95,30.6,396.81,36.12,5.21,64.25,0.927,50.01,5.93,0.717,0.0707,0.565,1.887,2.684,2,MECHANICAL_FAULT,1
63.79,56.08,27.99,401.11,38.78,1.95,63.08,0.969,49.98,7.71,0.778,0.0481,-0.0068,0.919,0.971,0,NORMAL,0
59.6,54.8,28.1,402.53,36.08,1.96,61.43,0.976,50.04,4.8,0.726,0.0461,-0.0112,0.275,0.586,0,NORMAL,0
79.35,85.37,57.44,397.36,32.71,2.48,57.14,0.787,49.93,-6.02,0.65,0.092,0.0682,3.868,3.76,3,DIELECTRIC_FAULT,1
97.91,95.06,30.72,394.65,58.79,2.9,97.98,0.904,49.94,2.85,1.16,0.6023,0.0731,4.027,6.107,1,THERMAL_OVERLOAD,1
61.15,55.07,29.05,402.54,33.58,2.01,55.23,0.973,50.0,6.08,0.676,-0.0083,-0.0232,1.032,0.965,0,NORMAL,0
129.4,110.57,48.25,343.44,124.12,12.89,136.95,0.77,48.75,18.83,2.131,1.3919,0.9362,11.096,11.083,4,CRITICAL_FAILURE,1
68.78,59.58,23.57,400.63,43.29,1.82,68.92,0.965,50.01,9.21,0.867,-0.0129,0.0063,0.854,0.944,0,NORMAL,0
59.85,53.13,24.08,393.68,32.42,2.02,53.82,0.959,49.99,6.72,0.638,0.008,0.0055,0.663,1.49,0,NORMAL,0
76.22,84.41,50.54,391.07,37.73,3.73,71.99,0.811,49.77,-8.19,0.738,0.1697,0.0273,1.809,3.285,3,DIELECTRIC_FAULT,1
66.49,57.01,25.48,401.88,37.32,2.06,68.66,0.938,50.02,9.48,0.75,0.0272,0.0165,0.354,1.864,0,NORMAL,0
67.54,59.19,22.29,412.74,43.62,1.85,76.63,0.967,49.99,8.35,0.9,0.02,-0.0102,0.814,0.854,0,NORMAL,0
58.67,52.47,23.21,395.93,42.75,8.82,77.11,0.935,50.04,6.2,0.846,-0.0057,0.4414,1.353,2.32,2,MECHANICAL_FAULT,1
62.62,56.57,24.73,396.15,27.08,1.11,45.15,0.977,49.99,6.05,0.536,-0.0165,-0.0016,0.339,0.619,0,NORMAL,0
63.85,54.6,23.85,399.78,39.36,1.86,66.17,0.96,49.99,9.25,0.787,-0.0188,0.002,0.34,1.434,0,NORMAL,0
112.96,100.88,28.18,402.56,65.0,3.51,103.07,0.88,49.78,12.08,1.308,0.2014,0.0065,5.444,6.174,1,THERMAL_OVERLOAD,1
64.01,57.09,29.8,400.71,38.05,1.25,64.9,0.93,49.91,6.92,0.762,-0.0434,0.0376,0.5,0.904,0,NORMAL,0
72.28,79.75,50.67,366.81,35.86,1.84,61.01,0.701,49.99,-7.48,0.658,0.2338,-0.0057,2.777,3.228,3,DIELECTRIC_FAULT,1
63.04,56.21,24.55,397.48,41.61,2.1,72.8,0.959,49.99,6.82,0.827,0.0191,0.0052,0.546,1.432,0,NORMAL,0
70.37,76.72,6.6,375.6,48.12,3.03,86.79,0.717,49.7,-6.34,0.904,0.2851,-0.0333,2.946,4.041,3,DIELECTRIC_FAULT,1
64.69,58.63,26.93,402.5,42.87,0.94,67.82,0.947,49.98,6.06,0.863,0.039,-0.0108,1.051,1.816,0,NORMAL,0
80.02,81.27,7.62,387.09,46.64,3.73,80.09,0.821,49.58,-1.25,0.903,0.2347,-0.0176,3.138,4.78,3,DIELECTRIC_FAULT,1
65.58,61.0,25.42,406.88,44.13,1.93,72.87,0.938,50.0,4.57,0.898,-0.0278,-0.0242,0.85,1.635,0,NORMAL,0
85.86,77.11,49.36,395.47,37.17,2.8,67.67,0.75,49.71,8.74,0.735,0.3695,0.1227,3.982,4.627,3,DIELECTRIC_FAULT,1
69.15,63.4,20.84,395.48,38.86,6.11,69.21,0.944,49.97,5.75,0.768,0.1163,0.3857,1.124,1.658,2,MECHANICAL_FAULT,1
64.81,58.53,23.26,398.42,45.75,1.3,74.74,0.949,50.05,6.29,0.911,-0.0454,0.0055,1.012,1.215,0,NORMAL,0
91.53,83.62,49.95,390.47,32.01,3.16,67.16,0.793,49.75,7.9,0.625,0.328,0.09,2.874,4.437,3,DIELECTRIC_FAULT,1
66.32,57.26,27.27,399.03,38.63,1.73,67.04,0.955,50.0,9.06,0.771,-0.0145,0.0245,0.367,1.669,0,NORMAL,0
87.15,84.71,7.87,396.72,40.43,3.49,72.22,0.726,49.62,2.43,0.802,0.2661,0.0183,1.674,3.34,3,DIELECTRIC_FAULT,1
93.1,94.93,27.59,389.4,77.9,3.56,113.41,0.906,50.01,-1.83,1.517,0.2638,-0.0112,3.133,5.252,1,THERMAL_OVERLOAD,1
65.62,56.94,23.56,397.58,42.56,1.46,73.31,0.941,49.98,8.68,0.846,-0.029,-0.0035,1.188,1.228,0,NORMAL,0
63.48,57.02,26.86,402.54,44.27,2.05,69.98,0.975,49.99,6.47,0.891,0.0341,-0.0221,0.472,0.786,0,NORMAL,0
64.17,54.43,21.78,395.64,39.72,1.5,65.82,0.964,50.01,9.75,0.786,-0.0057,-0.0071,1.007,1.189,0,NORMAL,0
64.54,60.44,23.48,397.26,34.9,0.82,56.05,0.931,49.97,4.1,0.693,-0.0381,0.0026,0.554,0.583,0,NORMAL,0
64.75,57.61,23.49,397.76,33.53,2.14,61.12,0.973,49.99,7.14,0.667,0.0062,-0.008,0.548,1.992,0,NORMAL,0
62.03,57.25,26.23,402.15,32.56,1.36,52.01,0.979,50.0,4.78,0.655,0.0019,0.0026,0.65,0.705,0,NORMAL,0
88.85,94.04,27.55,375.4,81.77,3.97,126.96,0.938,49.97,-5.19,1.535,0.348,0.0763,5.789,4.217,1,THERMAL_OVERLOAD,1
67.34,62.21,25.52,402.85,41.09,1.32,71.89,0.952,49.97,5.13,0.828,0.0105,-0.0313,0.239,1.5,0,NORMAL,0
68.6,62.75,24.69,405.99,47.09,2.2,76.45,0.93,50.06,5.85,0.956,-0.0099,-0.013,0.226,1.674,0,NORMAL,0
126.65,99.64,50.18,357.25,106.91,15.64,140.13,0.666,48.39,27.01,1.91,1.7033,1.1038,6.446,8.263,4,CRITICAL_FAILURE,1
65.25,55.42,29.51,401.17,38.1,1.61,64.51,0.954,50.01,9.83,0.764,0.0124,0.0198,1.001,1.68,0,NORMAL,0
112.61,110.3,58.25,346.44,107.4,11.69,144.35,0.714,48.39,2.31,1.86,1.3689,0.9734,7.576,9.7,4,CRITICAL_FAILURE,1
58.05,49.4,22.13,394.6,31.82,9.43,61.29,0.953,49.95,8.65,0.628,0.0219,0.2053,1.506,1.695,2,MECHANICAL_FAULT,1
100.58,100.31,28.7,390.36,82.85,2.77,123.62,0.9,49.91,0.27,1.617,0.7171,0.0843,3.989,5.767,1,THERMAL_OVERLOAD,1
87.37,94.69,6.32,393.91,42.34,3.11,77.54,0.727,49.64,-7.32,0.834,0.1489,-0.0064,3.126,3.817,3,DIELECTRIC_FAULT,1
61.74,52.72,24.48,400.22,37.09,1.16,64.89,0.951,50.05,9.02,0.742,-0.0078,0.0017,0.628,0.913,0,NORMAL,0
64.15,56.27,24.46,397.83,39.9,1.2,65.89,0.957,49.99,7.88,0.794,-0.0097,-0.0046,0.22,0.643,0,NORMAL,0
61.13,53.21,22.14,401.65,32.0,1.97,53.7,0.94,50.01,7.92,0.643,-0.0222,-0.0121,0.358,1.93,0,NORMAL,0
63.46,56.14,26.76,399.85,45.34,7.56,81.52,0.913,49.91,7.31,0.906,-0.0268,0.484,1.024,2.107,2,MECHANICAL_FAULT,1
58.84,54.65,27.13,395.21,34.64,1.98,54.95,0.958,50.05,4.18,0.685,-0.0283,0.0215,0.946,1.015,0,NORMAL,0
63.63,57.17,24.93,401.37,36.33,1.0,61.7,0.964,49.97,6.45,0.729,0.0255,-0.0122,0.893,0.687,0,NORMAL,0
66.22,56.47,28.18,398.72,44.11,1.57,74.21,0.941,49.93,9.75,0.879,-0.01,0.0025,0.403,1.917,0,NORMAL,0
64.96,57.63,23.88,404.83,36.25,1.96,59.61,0.962,50.02,7.33,0.734,0.0404,0.0104,0.741,1.408,0,NORMAL,0
64.81,55.92,29.32,401.76,43.62,0.81,71.75,0.959,50.01,8.89,0.876,0.0166,-0.0006,1.102,1.696,0,NORMAL,0
62.74,57.23,27.61,399.07,35.23,0.94,55.02,0.977,50.01,5.51,0.703,-0.0165,0.0102,0.912,1.077,0,NORMAL,0
107.25,93.34,33.32,391.2,74.92,3.18,108.68,0.887,49.93,13.91,1.466,0.4343,-0.0085,2.58,6.793,1,THERMAL_OVERLOAD,1
76.11,91.99,10.84,406.88,38.68,2.74,71.94,0.752,49.85,-15.88,0.787,0.3766,0.0148,3.506,3.354,3,DIELECTRIC_FAULT,1
64.89,55.97,21.86,412.45,33.36,1.73,59.93,0.97,50.01,8.92,0.688,0.033,-0.0273,0.347,1.013,0,NORMAL,0
65.26,56.69,24.2,402.53,39.94,1.31,65.62,0.936,50.0,8.57,0.804,-0.011,-0.0127,0.253,1.533,0,NORMAL,0
107.08,100.13,30.78,394.82,77.74,3.05,121.35,0.899,49.77,6.95,1.535,0.5003,0.0691,6.189,6.448,1,THERMAL_OVERLOAD,1
63.47,57.93,26.38,406.5,39.81,1.39,66.93,0.96,49.98,5.54,0.809,-0.0024,-0.0098,1.189,1.811,0,NORMAL,0
59.36,52.74,21.4,394.24,27.77,1.18,45.8,0.965,50.04,6.62,0.547,0.0347,-0.0662,0.697,1.156,0,NORMAL,0
73.74,67.63,25.78,405.61,45.23,6.27,75.34,0.912,50.01,6.11,0.917,0.0174,0.1927,1.855,1.407,2,MECHANICAL_FAULT,1
61.55,53.55,28.23,395.94,36.08,1.08,63.99,0.942,50.02,8.0,0.714,0.0017,0.004,0.62,1.643,0,NORMAL,0
60.89,52.91,25.47,399.41,25.91,0.94,45.15,0.937,50.06,7.98,0.517,-0.0198,0.0141,0.769,1.142,0,NORMAL,0
62.6,53.25,21.84,399.95,31.57,1.68,50.99,0.948,50.07,9.35,0.631,0.0034,-0.015,0.474,1.95,0,NORMAL,0
64.84,60.81,25.75,396.85,39.15,0.97,63.89,0.958,49.95,4.04,0.777,-0.0108,-0.0079,0.914,0.548,0,NORMAL,0
60.6,54.26,25.12,408.28,31.89,1.23,52.46,0.973,49.98,6.35,0.651,0.0436,-0.0094,0.837,0.646,0,NORMAL,0
68.5,61.76,24.25,397.15,44.52,7.09,81.71,0.925,49.99,6.74,0.884,0.0217,0.3606,1.831,1.194,2,MECHANICAL_FAULT,1
67.24,63.0,28.11,401.43,43.13,2.12,71.85,0.959,50.02,4.23,0.866,0.0198,0.0189,0.481,0.732,0,NORMAL,0
63.58,58.71,23.98,406.27,38.91,1.11,66.34,0.958,49.94,4.87,0.79,0.034,-0.0401,0.897,1.983,0,NORMAL,0
67.96,62.37,26.28,405.55,42.56,1.11,73.78,0.978,50.07,5.58,0.863,0.0436,0.0013,0.726,1.899,0,NORMAL,0
68.24,60.99,22.76,400.03,47.16,1.73,77.42,0.956,50.07,7.25,0.943,-0.0152,0.0256,0.786,1.25,0,NORMAL,0
67.85,62.11,26.59,400.91,43.01,1.06,73.9,0.971,50.05,5.74,0.862,-0.0134,-0.0,0.38,1.508,0,NORMAL,0
61.73,53.93,21.27,389.02,39.18,7.34,72.41,0.953,50.12,7.8,0.762,0.0777,0.4479,0.89,1.119,2,MECHANICAL_FAULT,1
62.39,53.15,28.84,400.4,44.26,0.84,70.92,0.95,50.06,9.24,0.886,-0.0282,-0.0145,1.18,0.818,0,NORMAL,0
66.15,57.53,28.28,394.75,40.71,5.46,73.47,0.943,49.94,8.63,0.803,0.0142,0.6225,1.644,2.85,2,MECHANICAL_FAULT,1
134.77,110.78,56.32,332.48,96.74,11.04,124.94,0.681,48.98,23.99,1.608,1.9751,0.484,7.097,7.702,4,CRITICAL_FAILURE,1
57.43,49.12,25.24,410.47,29.52,0.92,48.47,0.959,50.04,8.31,0.606,0.0042,-0.0225,0.773,0.637,0,NORMAL,0
74.87,65.88,29.28,401.73,40.94,7.82,79.98,0.923,50.06,8.99,0.822,0.0856,0.1271,1.587,2.439,2,MECHANICAL_FAULT,1
64.52,59.68,24.13,399.2,38.25,1.61,62.02,0.974,50.08,4.84,0.763,-0.0054,0.0125,1.125,1.17,0,NORMAL,0
60.11,50.23,26.1,398.85,30.41,1.41,55.87,0.934,49.93,9.88,0.607,0.0569,-0.0023,0.713,1.808,0,NORMAL,0
57.71,47.88,27.79,403.99,27.26,0.85,50.03,0.972,50.12,9.83,0.551,-0.0379,0.0029,0.652,1.992,0,NORMAL,0
74.61,69.41,27.62,393.1,48.12,6.93,81.03,0.912,50.03,5.2,0.946,0.0474,0.4872,1.309,1.042,2,MECHANICAL_FAULT,1
60.51,54.63,24.57,397.97,28.96,1.82,49.13,0.968,50.01,5.88,0.576,-0.048,0.0217,0.226,0.975,0,NORMAL,0
63.2,57.78,24.19,401.94,45.99,1.85,76.51,0.931,49.91,5.42,0.924,0.0336,-0.0422,0.415,0.618,0,NORMAL,0
73.03,64.59,25.52,400.15,37.23,10.29,68.29,0.926,49.96,8.45,0.745,-0.0396,0.2888,1.649,2.205,2,MECHANICAL_FAULT,1
64.32,56.74,25.36,409.38,49.03,10.03,83.21,0.952,49.97,7.58,1.004,0.0682,0.4464,1.737,2.53,2,MECHANICAL_FAULT,1
68.14,59.35,22.71,403.0,48.25,1.64,76.56,0.974,50.08,8.79,0.972,0.0073,-0.0018,0.994,0.781,0,NORMAL,0
88.42,90.41,36.13,390.73,67.5,2.56,107.88,0.935,49.74,-1.99,1.319,0.8371,0.0134,3.487,6.052,1,THERMAL_OVERLOAD,1
83.97,77.35,7.05,373.85,40.42,2.11,76.73,0.835,49.65,6.62,0.756,0.1294,-0.0188,1.608,4.429,3,DIELECTRIC_FAULT,1
63.54,58.71,24.65,392.04,41.85,1.37,67.02,0.964,49.86,4.83,0.82,0.0152,-0.0017,0.799,1.711,0,NORMAL,0
69.75,61.33,27.48,406.1,46.72,2.08,76.06,0.931,49.95,8.42,0.949,-0.0098,0.0086,0.656,1.779,0,NORMAL,0
65.19,59.63,27.99,404.51,40.3,1.3,67.1,0.975,50.01,5.55,0.815,-0.0184,-0.0276,1.085,1.781,0,NORMAL,0
63.65,56.31,26.09,400.84,35.26,1.89,55.9,0.931,49.95,7.34,0.707,-0.0203,-0.0155,1.066,0.654,0,NORMAL,0
64.95,59.58,25.11,398.11,40.66,1.94,68.55,0.958,50.05,5.37,0.809,-0.06,-0.0038,0.802,1.512,0,NORMAL,0
56.53,50.51,24.86,403.89,40.73,11.81,78.71,0.909,50.1,6.01,0.822,-0.0287,0.5813,1.561,2.155,2,MECHANICAL_FAULT,1
109.72,102.33,35.51,392.51,60.2,3.77,100.6,0.907,49.96,7.39,1.181,0.2788,-0.053,5.662,5.845,1,THERMAL_OVERLOAD,1
63.47,53.86,24.06,394.28,36.49,1.02,61.13,0.957,49.93,9.61,0.719,-0.0033,-0.039,0.425,0.581,0,NORMAL,0
95.9,104.55,33.06,393.21,70.62,3.9,117.24,0.894,49.78,-8.64,1.388,0.3338,0.0086,3.239,3.324,1,THERMAL_OVERLOAD,1
58.8,52.83,26.09,408.67,31.07,1.25,51.18,0.972,50.02,5.96,0.635,-0.013,0.0437,1.108,1.045,0,NORMAL,0
62.55,53.3,23.38,400.37,46.6,0.99,77.42,0.979,49.97,9.25,0.933,0.0273,-0.0162,0.65,0.861,0,NORMAL,0
69.75,64.85,24.46,402.38,46.29,0.89,77.56,0.963,49.91,4.9,0.931,0.0104,-0.0171,0.872,0.987,0,NORMAL,0
58.9,51.79,24.6,397.15,27.04,0.89,47.83,0.97,50.01,7.11,0.537,-0.0467,0.0066,0.733,0.987,0,NORMAL,0
56.1,50.46,24.19,396.2,41.0,10.7,77.92,0.957,49.98,5.64,0.812,0.0587,0.5047,1.792,2.625,2,MECHANICAL_FAULT,1
77.76,71.31,21.89,389.21,37.36,8.37,70.38,0.905,50.09,6.45,0.727,0.0563,0.3042,1.43,2.744,2,MECHANICAL_FAULT,1
79.69,80.63,53.47,372.86,41.5,1.94,75.32,0.797,49.18,-0.95,0.774,0.212,-0.0089,3.629,2.532,3,DIELECTRIC_FAULT,1
61.09,54.46,25.82,399.47,42.87,10.37,83.83,0.907,49.98,6.63,0.856,0.0342,0.4193,0.926,1.37,2,MECHANICAL_FAULT,1
89.8,77.56,45.12,380.48,32.62,2.31,54.6,0.685,49.81,12.24,0.62,0.3043,0.0602,3.051,2.445,3,DIELECTRIC_FAULT,1
71.67,64.61,24.63,401.26,46.63,1.77,74.6,0.942,50.01,7.06,0.936,0.0117,-0.0155,0.625,1.756,0,NORMAL,0
66.03,59.1,23.7,403.83,44.91,1.78,75.56,0.979,50.04,6.93,0.907,-0.083,0.0543,0.718,0.513,0,NORMAL,0
60.43,56.12,21.87,396.14,30.8,1.75,50.58,0.957,49.93,4.31,0.61,0.0259,0.0174,0.919,1.37,0,NORMAL,0
64.27,58.21,25.36,394.25,43.98,1.61,72.86,0.951,49.9,6.06,0.867,0.0465,-0.0114,0.203,1.92,0,NORMAL,0
63.07,55.17,24.38,407.1,36.71,1.73,59.12,0.936,50.02,7.9,0.747,0.0738,-0.0439,0.227,0.606,0,NORMAL,0
61.35,57.33,24.56,395.5,37.53,0.84,65.14,0.948,49.98,4.03,0.742,0.0206,-0.0267,0.247,1.617,0,NORMAL,0
61.28,51.79,22.75,398.27,33.25,1.55,57.99,0.958,50.06,9.49,0.662,0.021,0.0092,0.615,1.032,0,NORMAL,0
57.66,49.9,23.88,398.36,31.91,10.43,60.45,0.937,49.96,7.76,0.636,-0.0182,0.18,1.766,1.281,2,MECHANICAL_FAULT,1
62.85,58.69,25.86,400.96,37.58,1.53,63.88,0.959,50.0,4.16,0.753,-0.0161,-0.0131,0.912,0.815,0,NORMAL,0
65.04,56.94,24.13,403.48,43.79,1.24,73.25,0.975,50.06,8.1,0.883,0.0409,-0.0117,1.132,1.442,0,NORMAL,0
61.67,54.13,25.39,398.12,39.56,1.54,69.74,0.961,49.98,7.54,0.788,0.0278,0.0236,0.295,1.674,0,NORMAL,0
65.49,61.3,26.82,408.39,38.33,1.68,63.61,0.961,49.99,4.19,0.783,-0.0207,-0.0103,0.575,0.774,0,NORMAL,0
72.25,65.26,27.47,397.32,37.66,11.18,71.07,0.945,50.01,6.99,0.748,0.0052,0.2614,1.728,2.897,2,MECHANICAL_FAULT,1
60.97,53.6,20.59,401.72,32.68,1.93,54.93,0.94,50.02,7.37,0.656,0.0156,-0.0089,0.222,1.391,0,NORMAL,0
59.2,50.64,29.65,399.43,30.8,1.09,52.59,0.952,50.02,8.56,0.615,-0.0352,0.0088,1.144,1.958,0,NORMAL,0
65.41,58.67,23.5,401.49,37.31,1.83,61.53,0.938,49.98,6.74,0.749,-0.0084,-0.0082,0.894,1.73,0,NORMAL,0
88.77,101.14,30.23,398.5,76.98,3.79,123.79,0.912,49.9,-12.37,1.534,0.6659,-0.0439,4.362,4.151,1,THERMAL_OVERLOAD,1
60.53,54.09,29.03,401.15,33.93,1.13,57.77,0.932,49.98,6.44,0.681,0.0269,0.0069,0.765,1.096,0,NORMAL,0
76.66,88.15,48.91,370.39,42.86,3.08,76.35,0.708,50.0,-11.49,0.794,0.2597,0.0385,1.831,2.861,3,DIELECTRIC_FAULT,1
75.71,91.6,51.11,394.49,35.65,2.93,59.72,0.832,49.73,-15.89,0.703,0.3712,0.0582,3.396,4.884,3,DIELECTRIC_FAULT,1
59.79,52.63,27.51,400.6,27.31,1.59,46.85,0.939,49.97,7.16,0.547,-0.0304,-0.0268,0.316,1.955,0,NORMAL,0
59.74,50.24,26.65,399.35,31.93,2.02,53.18,0.979,50.03,9.49,0.638,0.0171,0.0278,0.565,0.772,0,NORMAL,0
62.85,56.24,21.82,398.89,42.86,8.4,73.93,0.926,50.01,6.6,0.855,0.044,0.3484,1.167,1.261,2,MECHANICAL_FAULT,1
111.56,115.78,52.58,345.84,116.74,13.37,149.16,0.732,48.76,-4.23,2.019,1.5941,0.6343,10.324,14.492,4,CRITICAL_FAILURE,1
60.47,55.11,24.22,406.2,35.63,1.61,58.1,0.951,49.94,5.36,0.724,0.0018,0.0183,0.458,1.237,0,NORMAL,0
65.0,60.24,26.0,403.79,37.55,1.3,66.39,0.96,50.02,4.76,0.758,-0.0083,0.0023,0.462,0.6,0,NORMAL,0
130.22,102.15,58.71,345.6,110.3,8.98,159.16,0.719,49.0,28.07,1.906,0.6945,1.0787,5.864,7.583,4,CRITICAL_FAILURE,1
63.82,54.47,25.45,398.93,30.26,0.91,50.35,0.967,50.02,9.34,0.604,-0.0089,0.0034,0.91,0.972,0,NORMAL,0
68.57,59.16,27.67,402.58,43.06,1.96,73.68,0.977,49.92,9.41,0.867,0.0427,0.0032,0.528,1.202,0,NORMAL,0
75.7,94.19,8.98,365.28,41.49,3.71,75.5,0.682,49.8,-18.48,0.758,0.3539,0.0011,3.978,2.96,3,DIELECTRIC_FAULT,1
62.37,57.16,24.87,396.71,35.03,1.54,58.64,0.977,49.94,5.21,0.695,0.005,-0.0141,0.726,1.274,0,NORMAL,0
60.72,51.21,23.34,400.45,31.58,1.08,52.15,0.977,49.95,9.52,0.632,0.0019,-0.0388,0.482,1.312,0,NORMAL,0
66.96,58.54,23.58,403.94,35.44,0.96,63.37,0.96,50.01,8.42,0.716,-0.0115,-0.0041,0.63,1.331,0,NORMAL,0
61.16,56.67,25.72,399.11,31.02,1.75,50.36,0.978,50.02,4.49,0.619,0.0263,0.0062,0.97,1.096,0,NORMAL,0
65.18,57.98,25.03,399.52,45.7,1.35,73.66,0.969,49.98,7.2,0.913,0.0155,0.0184,0.673,0.824,0,NORMAL,0
65.86,59.62,30.41,399.73,37.35,1.06,62.84,0.975,49.99,6.24,0.746,0.0331,0.0288,0.299,1.406,0,NORMAL,0
58.73,48.92,24.61,392.72,28.16,1.89,49.35,0.966,49.99,9.81,0.553,0.0153,-0.0179,0.897,0.521,0,NORMAL,0
99.91,94.57,33.03,390.63,68.69,3.42,106.87,0.918,50.11,5.34,1.342,0.4391,0.041,4.039,5.17,1,THERMAL_OVERLOAD,1
71.49,84.3,8.58,391.38,46.01,3.59,77.53,0.718,49.56,-12.81,0.9,0.291,-0.0353,2.906,3.415,3,DIELECTRIC_FAULT,1
64.2,56.94,24.89,400.88,39.3,1.07,66.56,0.947,50.02,7.26,0.788,0.025,0.0249,0.978,0.61,0,NORMAL,0
61.03,54.11,23.68,402.6,33.64,1.03,57.02,0.969,49.97,6.92,0.677,0.0046,-0.031,0.652,1.369,0,NORMAL,0
63.95,56.07,23.49,396.19,46.15,0.98,76.94,0.966,49.98,7.87,0.914,0.0284,0.004,0.246,1.918,0,NORMAL,0
60.29,52.97,22.91,399.03,30.23,2.17,46.67,0.954,50.02,7.32,0.603,0.0503,0.0145,0.725,1.752,0,NORMAL,0
59.78,51.02,22.17,395.82,34.35,1.54,54.29,0.942,50.03,8.76,0.68,-0.0134,0.0244,1.034,1.072,0,NORMAL,0
64.31,56.12,22.7,396.14,37.34,1.31,62.94,0.962,49.97,8.2,0.74,0.017,0.0302,0.557,0.744,0,NORMAL,0
59.39,52.93,30.78,399.91,26.71,0.85,46.49,0.974,50.03,6.46,0.534,0.0353,0.0351,0.344,1.899,0,NORMAL,0
63.36,55.28,29.08,401.37,40.83,1.73,66.41,0.941,49.93,8.08,0.819,0.0011,-0.006,1.005,1.066,0,NORMAL,0
56.96,50.14,20.94,396.83,42.58,9.37,77.81,0.934,49.86,6.82,0.845,-0.0422,0.266,1.721,2.565,2,MECHANICAL_FAULT,1
63.21,55.62,27.55,399.64,37.3,8.17,71.56,0.953,50.03,7.59,0.745,0.0515,0.1821,1.49,2.189,2,MECHANICAL_FAULT,1
65.66,58.64,23.93,398.82,41.1,1.09,68.01,0.968,50.01,7.02,0.82,0.0495,0.0123,1.134,0.577,0,NORMAL,0
60.06,52.99,27.15,403.01,29.28,1.22,53.0,0.95,49.98,7.06,0.59,-0.0114,-0.018,0.724,0.501,0,NORMAL,0
64.67,59.1,23.1,398.16,42.74,1.14,72.63,0.977,49.93,5.57,0.851,-0.0287,-0.004,0.668,0.777,0,NORMAL,0
74.47,65.97,25.37,401.45,42.22,7.66,82.65,0.959,49.97,8.51,0.847,0.0657,0.5951,1.706,2.45,2,MECHANICAL_FAULT,1
58.51,53.24,26.04,407.35,30.75,0.86,50.46,0.946,50.06,5.27,0.626,0.0056,-0.0146,1.153,1.579,0,NORMAL,0
76.24,78.6,48.77,379.86,49.39,2.98,89.81,0.792,49.64,-2.36,0.938,0.173,-0.0452,1.719,3.16,3,DIELECTRIC_FAULT,1
61.2,55.4,25.8,399.14,35.12,0.88,58.76,0.954,49.91,5.8,0.701,-0.0317,0.0328,0.313,1.687,0,NORMAL,0
58.38,51.88,22.09,394.49,30.18,0.93,48.49,0.935,49.97,6.5,0.595,-0.0484,0.031,1.102,1.196,0,NORMAL,0
63.51,56.26,23.42,402.24,31.16,2.15,51.2,0.942,49.94,7.24,0.627,0.0053,0.0175,0.323,1.201,0,NORMAL,0
63.87,54.76,24.61,390.29,36.91,1.44,57.98,0.93,49.97,9.11,0.72,-0.0136,0.0098,0.78,1.934,0,NORMAL,0
89.12,93.04,32.52,399.42,78.12,2.14,113.08,0.927,50.03,-3.93,1.56,0.8089,0.0007,4.639,5.365,1,THERMAL_OVERLOAD,1
62.71,55.36,27.18,403.3,33.49,1.57,56.61,0.946,50.06,7.35,0.675,-0.0452,-0.02,1.117,1.74,0,NORMAL,0
61.27,53.2,21.54,399.75,40.29,1.87,66.83,0.954,50.03,8.07,0.805,-0.021,-0.0191,0.832,0.636,0,NORMAL,0
64.53,55.22,23.19,404.86,40.05,2.02,65.44,0.959,50.08,9.31,0.811,-0.0036,-0.0267,0.413,0.932,0,NORMAL,0
64.23,59.02,26.32,397.48,34.68,2.14,59.31,0.955,50.01,5.21,0.689,0.0144,-0.0086,0.42,0.513,0,NORMAL,0
65.54,60.02,26.53,405.17,40.07,1.25,66.53,0.957,50.05,5.52,0.812,-0.0047,-0.0231,1.081,1.132,0,NORMAL,0
63.75,56.71,24.01,401.35,38.44,1.03,64.29,0.963,49.94,7.04,0.771,-0.0506,-0.0359,0.86,1.163,0,NORMAL,0
67.64,61.82,26.39,402.24,47.96,1.77,77.23,0.978,50.04,5.82,0.965,-0.0296,-0.0057,0.872,1.594,0,NORMAL,0
60.49,54.24,22.06,397.12,44.2,8.45,73.85,0.908,49.97,6.25,0.878,-0.0158,0.139,1.226,2.235,2,MECHANICAL_FAULT,1
60.35,53.27,24.95,404.82,35.02,9.44,63.0,0.928,50.02,7.08,0.709,-0.0525,0.3108,1.319,2.451,2,MECHANICAL_FAULT,1
83.46,83.44,57.74,354.91,42.84,3.41,81.89,0.756,49.94,0.02,0.76,0.3422,0.0209,3.972,3.925,3,DIELECTRIC_FAULT,1
63.87,58.97,22.35,401.45,31.11,1.66,55.93,0.973,49.99,4.9,0.624,-0.0189,0.0223,0.296,1.698,0,NORMAL,0
90.73,93.55,34.71,395.68,83.92,4.0,126.8,0.936,49.99,-2.81,1.66,0.7766,0.0113,3.077,6.102,1,THERMAL_OVERLOAD,1
66.47,58.71,25.53,391.48,32.72,10.71,63.44,0.909,49.94,7.76,0.641,0.0867,0.4798,0.974,2.03,2,MECHANICAL_FAULT,1
65.96,56.05,24.74,404.65,38.82,1.13,64.22,0.962,49.96,9.91,0.785,0.0438,-0.0046,1.117,1.525,0,NORMAL,0
60.28,54.88,24.93,395.98,33.24,1.34,56.7,0.964,50.01,5.4,0.658,0.0295,-0.0043,1.145,1.201,0,NORMAL,0
58.87,51.5,27.18,395.66,32.98,1.41,56.83,0.944,50.01,7.36,0.652,0.0398,0.0012,0.222,1.99,0,NORMAL,0
67.71,61.78,24.25,405.6,36.09,1.89,60.59,0.961,50.02,5.93,0.732,-0.0452,-0.0111,1.06,1.55,0,NORMAL,0
62.63,55.14,24.52,406.17,36.77,1.79,63.41,0.959,49.95,7.49,0.747,-0.0269,-0.0236,0.891,1.943,0,NORMAL,0
64.61,58.98,23.71,397.92,37.15,0.85,60.63,0.956,50.03,5.63,0.739,-0.0218,0.0128,0.983,0.771,0,NORMAL,0
65.75,57.91,28.5,393.15,42.72,1.39,75.36,0.938,49.92,7.84,0.84,0.0577,-0.0062,0.999,1.24,0,NORMAL,0
65.27,57.25,28.74,404.62,41.92,5.57,76.8,0.951,50.0,8.02,0.848,-0.0167,0.1371,1.801,1.12,2,MECHANICAL_FAULT,1
67.41,62.49,24.07,397.93,35.39,1.07,57.64,0.936,50.08,4.92,0.704,0.0024,-0.0183,1.052,0.658,0,NORMAL,0
63.98,57.29,25.14,404.78,33.05,1.44,57.89,0.958,50.01,6.69,0.669,0.0239,0.0333,1.079,1.035,0,NORMAL,0
90.83,78.68,11.01,412.07,44.66,2.57,76.6,0.716,49.99,12.15,0.92,0.3649,0.0869,1.626,3.058,3,DIELECTRIC_FAULT,1
66.18,57.05,25.16,403.44,39.78,1.3,67.52,0.939,50.0,9.13,0.802,-0.0443,-0.0085,0.614,1.746,0,NORMAL,0
128.71,113.01,54.12,346.44,116.46,14.62,148.94,0.714,48.36,15.69,2.017,1.7592,0.9409,6.993,13.578,4,CRITICAL_FAILURE,1
76.32,80.57,46.16,417.91,31.48,3.12,62.87,0.836,50.11,-4.25,0.658,0.391,0.168,3.027,3.544,3,DIELECTRIC_FAULT,1
68.3,60.59,26.04,398.23,44.8,2.13,74.14,0.979,50.0,7.71,0.892,0.017,-0.0097,0.909,1.944,0,NORMAL,0
60.81,53.45,24.33,392.83,32.66,1.52,50.39,0.961,50.01,7.36,0.642,0.0042,-0.0013,0.72,0.774,0,NORMAL,0
77.91,83.91,44.44,383.51,26.16,3.39,58.9,0.699,49.58,-6.01,0.502,0.3427,0.1212,3.628,2.567,3,DIELECTRIC_FAULT,1
106.5,95.09,25.86,385.92,86.29,2.58,132.89,0.908,50.02,11.41,1.665,0.2358,-0.0224,5.501,3.645,1,THERMAL_OVERLOAD,1
102.7,99.54,29.86,401.14,81.62,2.65,130.4,0.924,50.01,3.16,1.637,0.6304,-0.1132,5.129,3.13,1,THERMAL_OVERLOAD,1
84.33,91.45,11.62,383.6,47.98,1.97,89.94,0.706,49.79,-7.12,0.92,0.1024,0.0264,3.009,3.334,3,DIELECTRIC_FAULT,1
63.44,54.11,22.1,399.93,43.9,1.45,70.66,0.956,49.94,9.33,0.878,-0.0275,-0.0164,1.079,1.669,0,NORMAL,0
72.0,65.44,25.46,394.57,39.84,6.08,73.54,0.923,49.91,6.56,0.786,0.0133,0.2536,1.67,2.572,2,MECHANICAL_FAULT,1
64.97,57.96,23.5,401.41,45.42,11.59,82.53,0.918,49.95,7.02,0.912,0.0412,0.3188,1.393,2.121,2,MECHANICAL_FAULT,1
66.25,61.5,19.21,400.5,43.04,1.85,71.54,0.96,50.04,4.75,0.862,0.0328,0.0173,1.124,1.878,0,NORMAL,0
66.46,58.73,22.94,399.16,42.12,1.99,70.06,0.943,50.0,7.73,0.841,0.0264,-0.0001,0.724,1.733,0,NORMAL,0
75.15,84.58,8.31,391.79,35.4,3.21,75.31,0.689,49.82,-9.43,0.694,0.3229,0.0276,1.637,3.622,3,DIELECTRIC_FAULT,1
60.39,56.29,25.07,404.58,34.09,2.15,56.33,0.949,49.96,4.1,0.69,0.0054,0.0092,0.776,0.689,0,NORMAL,0
71.68,65.51,26.45,406.88,45.07,10.68,83.86,0.957,50.09,6.17,0.917,-0.0008,0.5292,1.508,1.735,2,MECHANICAL_FAULT,1
65.67,59.14,20.42,396.93,44.63,1.58,76.16,0.942,49.94,6.53,0.886,-0.0155,-0.0108,0.672,1.237,0,NORMAL,0
62.72,54.22,22.58,399.48,39.96,1.58,63.63,0.978,50.02,8.5,0.798,-0.0101,-0.0193,0.698,0.607,0,NORMAL,0
61.14,53.05,26.06,397.59,28.33,1.46,47.09,0.951,50.07,8.09,0.563,0.0173,-0.0041,1.031,1.948,0,NORMAL,0
98.09,93.04,33.92,393.1,69.7,2.39,107.88,0.891,49.66,5.06,1.37,0.3962,-0.0852,4.806,4.24,1,THERMAL_OVERLOAD,1
67.37,58.82,24.95,400.07,46.79,8.24,84.89,0.937,49.88,8.55,0.936,0.0296,0.5248,0.866,1.725,2,MECHANICAL_FAULT,1
58.73,51.37,22.4,405.47,28.37,1.59,50.11,0.93,49.91,7.36,0.575,0.0066,-0.0089,1.12,0.906,0,NORMAL,0
61.66,52.56,26.4,394.47,29.08,1.98,47.96,0.949,50.03,9.1,0.574,0.0472,-0.0013,0.253,0.625,0,NORMAL,0
61.97,55.7,26.61,402.11,29.83,1.63,47.65,0.97,49.99,6.27,0.6,-0.0367,0.0046,0.882,0.939,0,NORMAL,0
63.46,54.96,23.64,404.77,40.23,1.59,65.44,0.959,50.03,8.5,0.814,-0.037,0.008,0.937,1.365,0,NORMAL,0
126.6,101.28,58.8,341.48,124.96,10.92,149.09,0.756,48.56,25.33,2.134,1.2677,1.1842,6.508,11.083,4,CRITICAL_FAILURE,1
62.02,56.62,26.75,403.73,31.02,2.06,52.75,0.936,49.99,5.4,0.626,-0.0123,-0.0264,0.981,1.418,0,NORMAL,0
64.2,58.57,27.14,397.84,32.79,2.0,50.03,0.974,50.06,5.63,0.652,-0.0564,0.0133,0.73,1.039,0,NORMAL,0
58.59,53.14,26.39,402.86,29.91,1.6,50.42,0.958,50.04,5.44,0.602,0.0235,-0.0116,1.091,1.434,0,NORMAL,0
63.39,54.48,24.42,401.88,37.05,1.28,62.16,0.945,49.99,8.9,0.745,0.0144,0.0176,0.425,1.596,0,NORMAL,0
62.52,55.63,24.33,401.74,38.91,1.02,61.4,0.965,50.08,6.9,0.782,0.0148,-0.0055,0.283,0.615,0,NORMAL,0
64.69,58.38,22.56,397.87,36.3,0.96,60.07,0.931,50.04,6.3,0.722,-0.0096,-0.0122,0.752,0.596,0,NORMAL,0
64.16,56.09,27.97,405.09,40.75,1.87,68.82,0.98,49.95,8.07,0.825,-0.0528,-0.0089,0.893,1.876,0,NORMAL,0
67.6,58.73,26.08,398.52,45.27,1.48,72.52,0.948,49.97,8.87,0.902,0.0381,-0.02,0.846,1.835,0,NORMAL,0
125.04,100.9,64.4,336.81,111.01,10.4,145.42,0.749,49.12,24.14,1.869,0.8577,0.4078,11.12,12.876,4,CRITICAL_FAILURE,1
66.17,59.77,23.77,397.03,35.12,1.33,63.35,0.931,50.04,6.41,0.697,0.0346,0.0036,0.228,1.421,0,NORMAL,0
62.19,52.81,24.02,396.26,33.41,1.91,56.75,0.931,49.99,9.38,0.662,0.0306,0.012,0.523,0.88,0,NORMAL,0
86.43,87.76,43.97,387.11,45.3,1.96,82.09,0.704,49.72,-1.33,0.877,0.1095,0.1163,3.656,4.211,3,DIELECTRIC_FAULT,1
114.86,86.03,22.86,397.58,83.74,2.67,128.07,0.893,49.91,28.83,1.665,0.7758,0.0964,3.605,6.851,1,THERMAL_OVERLOAD,1
62.79,53.21,23.58,392.72,31.42,1.3,51.47,0.97,49.87,9.58,0.617,-0.0012,0.0003,0.667,1.509,0,NORMAL,0
64.36,57.18,25.96,405.91,39.27,2.11,66.66,0.934,50.07,7.19,0.797,-0.1031,-0.0088,0.631,0.554,0,NORMAL,0
60.31,52.99,22.9,386.84,45.38,7.53,79.64,0.934,50.05,7.32,0.878,-0.0634,0.3594,1.149,1.604,2,MECHANICAL_FAULT,1
64.44,57.77,26.87,399.96,41.59,0.92,71.68,0.944,49.97,6.66,0.832,0.0125,0.0132,0.88,1.717,0,NORMAL,0
88.48,82.24,7.75,396.19,41.26,3.27,73.65,0.698,49.64,6.24,0.817,0.2797,0.0673,2.99,3.778,3,DIELECTRIC_FAULT,1
67.12,62.67,22.48,402.15,48.16,1.07,76.11,0.937,49.97,4.45,0.968,0.0384,0.0112,0.778,0.72,0,NORMAL,0
62.17,56.37,22.12,405.39,31.63,1.47,56.96,0.931,50.03,5.8,0.641,-0.0206,-0.0227,0.825,1.58,0,NORMAL,0
101.55,87.98,33.6,381.54,71.96,3.17,107.95,0.881,49.87,13.57,1.373,0.3923,0.0168,4.025,3.596,1,THERMAL_OVERLOAD,1
60.59,52.8,23.38,397.58,30.5,2.06,52.79,0.953,49.95,7.79,0.606,0.0452,-0.0145,1.11,0.538,0,NORMAL,0
64.96,55.8,26.7,409.56,43.61,1.42,71.12,0.93,50.03,9.16,0.893,0.0109,-0.0579,1.005,1.827,0,NORMAL,0
68.51,59.27,21.47,398.14,42.67,2.01,69.75,0.949,50.03,9.24,0.849,-0.0205,-0.0266,1.104,0.797,0,NORMAL,0
64.54,56.21,22.9,400.79,36.54,1.16,61.07,0.957,49.97,8.33,0.732,0.0101,-0.0352,0.908,1.602,0,NORMAL,0
65.53,58.57,24.31,396.79,46.42,0.9,77.41,0.956,49.85,6.96,0.921,-0.0265,-0.0106,0.382,1.603,0,NORMAL,0
61.2,52.86,22.29,397.16,27.96,1.7,46.29,0.96,50.07,8.34,0.555,-0.0024,0.0251,0.719,1.117,0,NORMAL,0
59.84,52.21,23.72,400.15,39.81,1.51,64.55,0.939,50.14,7.63,0.796,0.0054,0.0269,0.331,1.649,0,NORMAL,0
65.44,60.75,26.43,403.87,36.91,1.72,59.51,0.938,50.05,4.69,0.745,-0.0206,-0.0298,0.48,0.842,0,NORMAL,0
65.9,60.13,23.95,404.9,39.36,1.6,63.54,0.967,49.93,5.77,0.797,-0.0275,0.0265,1.13,1.318,0,NORMAL,0
65.15,59.94,25.36,404.01,45.64,1.15,75.46,0.954,49.99,5.2,0.922,0.0514,-0.0034,0.363,1.627,0,NORMAL,0
106.53,91.01,38.68,396.07,86.67,3.53,128.22,0.93,50.02,15.52,1.716,0.6142,0.0068,3.765,4.449,1,THERMAL_OVERLOAD,1
63.72,54.28,28.14,405.44,45.53,0.96,77.54,0.955,50.0,9.44,0.923,-0.0087,0.0065,0.946,1.375,0,NORMAL,0
63.24,57.75,28.91,400.65,41.33,1.16,67.91,0.933,49.95,5.49,0.828,-0.0228,-0.0142,1.187,0.959,0,NORMAL,0
58.77,53.2,29.32,394.27,35.55,6.85,65.0,0.953,49.93,5.58,0.701,0.0492,0.381,1.672,2.698,2,MECHANICAL_FAULT,1
57.01,47.27,22.66,408.39,27.89,1.52,45.87,0.95,50.01,9.74,0.57,-0.0423,-0.0019,0.701,0.725,0,NORMAL,0
64.64,60.31,23.2,401.01,39.24,1.02,66.5,0.949,50.0,4.33,0.787,-0.0046,0.0083,0.84,1.301,0,NORMAL,0
66.79,62.18,26.11,401.57,45.54,1.48,76.53,0.943,49.95,4.61,0.914,-0.0331,0.0036,0.511,1.416,0,NORMAL,0
114.28,98.77,44.79,395.82,85.56,2.02,130.48,0.882,50.22,15.51,1.693,0.6724,0.0976,6.299,4.81,1,THERMAL_OVERLOAD,1
64.35,54.48,22.71,406.9,30.34,1.23,52.76,0.95,49.92,9.87,0.617,-0.0076,0.0061,0.442,1.239,0,NORMAL,0
61.13,57.13,25.72,399.08,33.36,1.11,54.52,0.93,50.03,4.0,0.666,-0.0788,-0.0047,0.976,1.104,0,NORMAL,0
69.27,62.16,25.43,400.72,47.84,7.48,84.47,0.929,49.97,7.12,0.959,0.0393,0.5468,1.303,1.575,2,MECHANICAL_FAULT,1
58.11,53.79,23.55,393.75,31.52,1.53,52.24,0.971,49.98,4.32,0.621,0.0172,0.0212,0.609,1.898,0,NORMAL,0
60.32,53.33,24.19,403.54,40.3,0.85,63.94,0.966,50.0,6.99,0.813,0.0164,-0.022,0.747,1.973,0,NORMAL,0
56.76,50.39,24.25,397.88,29.74,0.87,46.3,0.941,50.05,6.37,0.592,-0.0065,0.0092,0.203,1.275,0,NORMAL,0
97.77,89.74,37.45,394.17,82.34,3.2,121.27,0.908,49.94,8.03,1.623,0.3909,-0.0229,4.812,6.42,1,THERMAL_OVERLOAD,1
60.74,55.57,23.29,402.59,25.78,1.29,49.77,0.939,49.99,5.17,0.519,-0.0358,-0.0367,0.501,1.485,0,NORMAL,0
66.77,61.89,26.24,402.35,43.39,0.83,74.36,0.977,50.14,4.89,0.873,-0.0215,0.005,0.221,0.576,0,NORMAL,0
60.83,53.26,23.41,395.27,34.37,1.46,52.75,0.931,49.94,7.58,0.679,0.0082,-0.012,0.629,1.797,0,NORMAL,0
55.74,48.63,24.78,389.74,29.07,6.13,61.03,0.925,49.88,7.12,0.566,0.0246,0.2254,0.824,2.171,2,MECHANICAL_FAULT,1
60.64,51.68,26.42,397.89,28.98,0.85,47.94,0.945,50.05,8.96,0.576,-0.0236,-0.0266,0.288,1.905,0,NORMAL,0
81.62,82.04,6.01,413.99,36.35,3.19,65.25,0.712,49.91,-0.41,0.752,0.2932,-0.0235,1.856,4.016,3,DIELECTRIC_FAULT,1
129.95,117.1,60.5,356.63,100.28,9.49,144.57,0.611,48.26,12.85,1.788,1.8027,0.9257,11.867,11.792,4,CRITICAL_FAILURE,1
70.33,65.24,27.82,391.05,48.46,11.63,83.79,0.954,49.98,5.09,0.948,0.0224,0.2434,1.49,1.842,2,MECHANICAL_FAULT,1
117.72,89.82,38.04,391.36,81.5,2.49,125.97,0.94,49.91,27.9,1.595,0.2963,0.0365,3.454,5.084,1,THERMAL_OVERLOAD,1
69.46,61.29,26.98,396.98,42.39,2.09,70.24,0.969,50.03,8.17,0.841,-0.0152,0.0059,1.083,0.652,0,NORMAL,0
62.1,53.64,26.28,399.02,31.85,1.4,54.84,0.939,49.98,8.46,0.635,0.055,0.0358,0.573,1.927,0,NORMAL,0
62.59,57.33,25.15,390.47,40.58,1.59,63.53,0.962,50.01,5.26,0.792,0.0124,0.0207,0.315,1.546,0,NORMAL,0
124.64,102.65,56.39,341.35,113.42,13.11,149.13,0.734,48.28,21.99,1.936,0.7517,0.4591,8.825,11.13,4,CRITICAL_FAILURE,1
61.75,52.89,25.77,402.04,35.24,7.44,63.65,0.941,50.15,8.85,0.708,0.0662,0.2235,1.637,2.163,2,MECHANICAL_FAULT,1
62.56,57.89,31.26,399.78,30.54,1.54,50.59,0.936,50.09,4.67,0.61,-0.0094,0.0028,0.644,1.85,0,NORMAL,0
102.43,97.93,38.08,397.97,68.71,3.1,104.42,0.926,49.93,4.5,1.367,0.3653,0.0398,6.404,5.599,1,THERMAL_OVERLOAD,1
69.07,62.59,22.57,405.17,46.78,1.66,74.81,0.969,49.99,6.48,0.948,-0.0372,0.0227,0.34,1.691,0,NORMAL,0
72.39,82.28,46.45,380.49,44.9,3.71,88.82,0.712,49.99,-9.89,0.854,0.1803,0.0184,2.381,4.984,3,DIELECTRIC_FAULT,1
62.75,55.24,26.65,391.02,44.07,7.68,84.17,0.926,50.19,7.51,0.862,0.044,0.4996,1.132,2.823,2,MECHANICAL_FAULT,1
86.85,93.51,8.74,366.69,50.36,2.09,86.88,0.757,49.53,-6.67,0.923,0.2897,0.0461,2.882,4.526,3,DIELECTRIC_FAULT,1
65.79,60.44,27.15,400.66,43.94,1.16,74.45,0.96,50.01,5.35,0.88,0.0008,-0.0517,1.147,0.861,0,NORMAL,0
65.45,55.63,26.2,402.94,42.98,1.28,68.33,0.947,49.89,9.82,0.866,0.0245,0.0166,0.545,1.283,0,NORMAL,0
65.95,57.07,25.33,403.16,36.61,1.61,65.48,0.933,50.07,8.89,0.738,0.0224,-0.0264,1.059,1.875,0,NORMAL,0
63.47,58.11,26.66,391.68,35.92,0.8,61.87,0.958,50.03,5.36,0.703,-0.0397,-0.0093,0.705,1.347,0,NORMAL,0
62.3,52.64,22.65,404.75,35.98,1.93,62.49,0.977,50.02,9.66,0.728,-0.0447,-0.0019,0.705,0.702,0,NORMAL,0
62.81,56.32,26.96,398.38,45.19,1.07,73.49,0.957,49.99,6.49,0.9,0.0554,0.0238,0.252,0.817,0,NORMAL,0
114.79,103.38,39.33,398.69,79.94,2.79,121.48,0.935,49.85,11.41,1.593,0.5441,0.0987,3.528,3.057,1,THERMAL_OVERLOAD,1
62.42,52.44,18.61,402.4,33.46,1.72,55.66,0.965,49.99,9.98,0.673,-0.0586,0.0113,0.544,1.622,0,NORMAL,0
106.81,103.7,64.69,345.97,118.09,14.88,143.85,0.767,48.3,3.11,2.043,0.972,0.4506,10.755,7.565,4,CRITICAL_FAILURE,1
104.24,86.46,33.55,400.7,72.34,3.25,117.52,0.91,49.73,17.78,1.449,0.6051,-0.0425,4.971,3.606,1,THERMAL_OVERLOAD,1
128.26,116.29,53.9,354.79,94.5,12.04,153.99,0.727,48.24,11.98,1.676,1.5956,0.4961,7.017,13.288,4,CRITICAL_FAILURE,1
75.25,90.85,43.5,409.88,30.47,2.27,56.92,0.763,49.95,-15.61,0.624,0.2716,0.0523,2.538,3.896,3,DIELECTRIC_FAULT,1
87.43,89.9,45.62,392.9,44.57,2.45,83.63,0.699,49.81,-2.47,0.876,0.1671,0.0548,2.404,4.598,3,DIELECTRIC_FAULT,1
102.1,84.2,36.01,392.85,62.23,2.8,104.68,0.938,49.85,17.9,1.222,0.6462,-0.0466,5.241,4.21,1,THERMAL_OVERLOAD,1
57.1,51.96,28.35,395.26,36.92,8.01,65.91,0.925,50.05,5.14,0.73,0.1052,0.5282,1.181,2.249,2,MECHANICAL_FAULT,1
60.23,53.46,29.65,399.1,30.5,0.94,49.17,0.939,50.02,6.77,0.609,0.0474,0.0226,0.226,1.311,0,NORMAL,0
68.35,62.39,23.67,401.01,41.61,1.4,69.9,0.939,49.96,5.97,0.834,0.0473,-0.0101,0.872,0.82,0,NORMAL,0
66.49,58.49,24.68,397.75,43.65,1.32,72.17,0.951,49.96,8.0,0.868,0.0128,0.0391,0.27,1.165,0,NORMAL,0
123.22,107.25,53.65,330.13,106.34,15.92,144.1,0.726,48.74,15.97,1.755,1.9031,0.5817,9.339,13.748,4,CRITICAL_FAILURE,1
60.79,54.66,20.9,395.28,29.21,1.88,46.38,0.973,50.06,6.13,0.577,0.038,-0.0251,0.749,0.918,0,NORMAL,0
64.97,56.79,22.86,399.15,40.82,1.24,65.53,0.933,49.99,8.19,0.815,-0.0144,-0.004,1.125,0.653,0,NORMAL,0
85.31,81.19,46.06,371.34,40.73,2.51,72.56,0.731,49.84,4.12,0.756,0.2974,0.042,3.798,3.964,3,DIELECTRIC_FAULT,1
61.94,55.79,22.34,398.98,27.31,1.58,49.12,0.951,50.06,6.15,0.545,0.015,-0.0223,1.016,0.834,0,NORMAL,0
68.38,63.81,20.97,402.3,45.41,1.22,76.15,0.942,50.03,4.57,0.913,-0.0372,-0.0227,1.088,1.811,0,NORMAL,0
65.93,57.78,22.71,400.66,39.81,1.7,66.92,0.958,49.87,8.15,0.798,-0.0138,-0.0002,0.531,1.112,0,NORMAL,0
61.33,53.98,22.83,397.62,42.85,1.97,68.13,0.966,50.04,7.35,0.852,-0.0172,0.0398,0.358,1.3,0,NORMAL,0
113.52,108.59,58.67,351.42,91.48,9.63,155.56,0.662,49.18,4.93,1.607,0.8044,0.4667,10.858,9.876,4,CRITICAL_FAILURE,1
59.19,53.92,31.58,391.97,27.84,1.43,48.07,0.976,49.93,5.28,0.546,-0.0145,0.0038,0.799,1.149,0,NORMAL,0
63.05,58.75,22.85,404.72,43.32,1.96,70.57,0.948,50.02,4.3,0.877,0.0232,-0.0099,0.25,1.095,0,NORMAL,0
110.07,114.49,49.59,330.22,94.24,11.52,139.87,0.643,48.75,-4.42,1.556,1.3673,1.1864,10.41,14.445,4,CRITICAL_FAILURE,1
58.19,53.3,24.24,395.16,27.61,1.51,50.53,0.976,49.98,4.9,0.546,-0.0035,-0.0208,0.445,0.986,0,NORMAL,0
61.43,56.12,21.69,406.2,36.53,2.15,59.0,0.937,49.99,5.31,0.742,-0.0021,0.0138,0.401,0.62,0,NORMAL,0
59.83,52.54,29.74,400.26,36.06,2.13,58.34,0.975,50.07,7.29,0.722,0.0073,0.006,1.143,0.648,0,NORMAL,0
120.52,103.85,50.66,349.69,114.68,9.82,129.67,0.662,48.34,16.67,2.005,2.0979,0.7567,8.773,11.548,4,CRITICAL_FAILURE,1
61.02,53.26,26.7,406.4,34.0,1.94,55.48,0.94,50.05,7.76,0.691,-0.0003,0.0037,0.918,1.517,0,NORMAL,0
60.67,55.93,23.15,396.26,35.63,1.62,58.07,0.943,49.97,4.74,0.706,-0.0025,-0.0341,0.853,0.682,0,NORMAL,0
108.87,96.92,32.05,397.46,76.07,2.31,120.25,0.895,49.84,11.95,1.512,0.498,-0.0924,6.109,3.429,1,THERMAL_OVERLOAD,1
73.55,67.32,22.39,391.61,36.59,6.68,67.29,0.937,49.92,6.23,0.716,0.0483,0.3369,1.955,1.848,2,MECHANICAL_FAULT,1
131.51,109.24,51.85,331.44,112.11,11.48,137.4,0.762,48.22,22.27,1.858,0.8142,0.5542,5.421,8.027,4,CRITICAL_FAILURE,1
62.38,52.4,26.73,398.89,32.2,1.38,54.55,0.937,49.96,9.98,0.642,0.0249,-0.0232,0.537,1.406,0,NORMAL,0
117.9,98.34,61.39,330.38,110.63,10.37,138.31,0.63,49.13,19.56,1.828,0.627,0.5583,6.683,13.405,4,CRITICAL_FAILURE,1
60.87,56.41,28.17,401.51,31.06,1.51,52.94,0.965,50.05,4.46,0.624,0.0086,-0.0053,0.34,1.101,0,NORMAL,0
66.02,58.13,25.98,401.7,47.62,1.01,76.69,0.973,49.94,7.89,0.957,-0.0106,0.031,0.517,1.293,0,NORMAL,0
67.13,61.23,25.53,396.5,45.84,1.13,77.91,0.978,50.02,5.91,0.909,-0.0331,0.0081,0.772,1.177,0,NORMAL,0
63.28,54.87,26.25,406.82,36.05,1.21,58.86,0.945,49.96,8.41,0.733,0.0293,-0.0315,1.017,0.666,0,NORMAL,0
59.11,50.54,23.9,408.58,43.22,9.66,75.57,0.928,50.1,8.57,0.883,0.0114,0.2832,0.965,1.371,2,MECHANICAL_FAULT,1
65.49,60.03,23.2,401.83,45.21,1.84,73.88,0.938,50.01,5.45,0.908,-0.004,0.0138,0.339,1.098,0,NORMAL,0
61.03,54.93,27.38,399.18,37.0,1.82,62.48,0.975,50.01,6.1,0.738,0.0104,-0.0136,0.362,1.848,0,NORMAL,0
59.25,49.85,23.19,401.57,32.19,1.62,52.57,0.946,50.07,9.41,0.646,-0.038,0.0377,0.818,1.012,0,NORMAL,0
98.09,101.43,34.28,405.15,63.66,3.19,99.42,0.904,49.83,-3.34,1.29,0.5983,0.0035,3.956,4.282,1,THERMAL_OVERLOAD,1
57.84,51.95,23.82,396.1,33.29,1.49,48.74,0.957,50.06,5.89,0.659,-0.0271,-0.0234,0.98,1.8,0,NORMAL,0
78.78,91.3,57.54,385.93,50.06,3.15,84.77,0.797,49.6,-12.52,0.966,0.3333,0.0186,3.174,4.402,3,DIELECTRIC_FAULT,1
60.18,52.0,25.12,395.12,32.95,1.67,54.51,0.939,50.09,8.19,0.651,-0.0074,-0.0476,0.522,1.416,0,NORMAL,0
57.01,50.99,26.79,403.55,28.5,1.29,46.96,0.947,50.0,6.01,0.575,-0.0164,0.0193,0.278,0.771,0,NORMAL,0
73.74,66.37,23.7,392.97,33.29,10.15,71.56,0.919,50.06,7.37,0.654,0.0101,0.6294,1.688,2.499,2,MECHANICAL_FAULT,1
66.04,56.6,24.98,398.92,44.93,1.2,75.19,0.931,49.99,9.44,0.896,0.0313,-0.0237,0.703,0.886,0,NORMAL,0
107.16,90.37,31.73,391.53,83.68,2.33,131.78,0.937,49.97,16.78,1.638,0.5108,-0.0994,5.844,4.151,1,THERMAL_OVERLOAD,1
66.94,61.45,25.29,389.39,46.33,7.14,78.27,0.925,49.92,5.49,0.902,0.0481,0.2038,1.529,2.359,2,MECHANICAL_FAULT,1
90.26,84.44,6.05,382.1,38.49,2.55,77.13,0.772,49.87,5.82,0.735,0.2045,0.1682,3.699,4.406,3,DIELECTRIC_FAULT,1
68.52,61.94,25.29,389.82,43.62,1.41,74.46,0.949,50.09,6.58,0.85,-0.0729,0.0163,0.994,1.329,0,NORMAL,0
66.06,57.86,30.13,408.53,40.88,1.98,69.24,0.946,49.99,8.2,0.835,-0.0076,0.0002,0.887,0.793,0,NORMAL,0
61.47,54.52,27.38,404.38,42.05,7.72,75.02,0.902,50.08,6.95,0.85,0.0339,0.6084,1.421,2.532,2,MECHANICAL_FAULT,1
61.51,53.89,25.92,405.78,31.34,1.85,55.19,0.975,49.9,7.62,0.636,-0.0266,-0.0366,0.854,1.899,0,NORMAL,0
64.17,57.46,23.01,400.88,33.33,1.34,55.33,0.972,49.95,6.7,0.668,-0.0019,0.0097,0.593,1.77,0,NORMAL,0
67.74,60.99,25.31,400.17,44.87,0.89,75.39,0.953,50.02,6.75,0.898,-0.0056,-0.032,0.655,1.373,0,NORMAL,0
67.52,62.19,24.86,402.53,45.01,1.42,77.02,0.948,49.92,5.33,0.906,-0.0018,-0.023,0.802,1.037,0,NORMAL,0
63.34,57.59,25.82,394.6,35.67,1.97,56.33,0.958,49.99,5.75,0.704,-0.0196,0.0019,0.85,0.992,0,NORMAL,0
61.04,53.88,24.44,409.22,35.59,1.0,59.94,0.965,49.98,7.16,0.728,-0.0763,0.0207,0.998,0.989,0,NORMAL,0
116.89,98.02,29.76,392.2,79.71,3.36,125.37,0.91,49.72,18.87,1.563,0.2582,0.0363,5.621,4.883,1,THERMAL_OVERLOAD,1
62.62,54.18,24.41,395.24,36.02,1.61,56.14,0.936,49.97,8.44,0.712,0.0286,0.0085,0.857,1.732,0,NORMAL,0
62.91,56.81,26.05,401.79,42.84,2.19,71.75,0.958,49.97,6.09,0.861,0.0071,0.0138,0.766,1.22,0,NORMAL,0
62.74,58.64,25.88,400.99,35.99,1.06,56.09,0.963,50.01,4.1,0.721,-0.0009,0.0064,0.401,1.796,0,NORMAL,0
61.0,56.77,23.05,398.66,26.8,1.8,49.74,0.958,50.05,4.23,0.534,0.0505,-0.0068,0.701,1.407,0,NORMAL,0
69.97,65.07,26.52,402.82,39.39,1.38,71.48,0.947,49.97,4.9,0.793,-0.0077,-0.0057,0.573,1.842,0,NORMAL,0
105.41,111.24,64.67,335.14,97.7,11.65,146.29,0.638,48.21,-5.84,1.637,1.3692,1.1942,11.886,6.912,4,CRITICAL_FAILURE,1
59.77,52.54,24.05,407.02,32.25,1.66,51.7,0.976,50.03,7.22,0.656,0.0002,-0.0185,0.656,1.115,0,NORMAL,0
61.34,57.08,26.54,401.46,32.35,1.02,50.27,0.934,49.93,4.26,0.649,-0.0175,0.001,0.473,1.694,0,NORMAL,0
103.4,96.1,35.14,399.87,59.72,3.13,98.84,0.921,50.01,7.3,1.194,0.5265,0.0592,5.633,6.417,1,THERMAL_OVERLOAD,1
59.77,50.75,24.1,399.09,27.25,1.32,45.93,0.974,49.97,9.02,0.544,-0.0323,0.0072,0.62,1.42,0,NORMAL,0
70.39,64.55,25.49,397.15,47.54,0.89,77.64,0.944,49.99,5.84,0.944,-0.0259,-0.0099,0.708,0.518,0,NORMAL,0
62.22,54.66,23.2,398.84,33.55,1.45,56.29,0.95,49.98,7.55,0.669,-0.033,-0.0056,1.111,1.69,0,NORMAL,0
60.31,54.94,25.23,407.75,28.74,0.88,50.49,0.959,49.96,5.37,0.586,-0.0235,0.0233,0.688,1.893,0,NORMAL,0
66.82,60.4,24.25,408.13,42.17,1.32,69.52,0.962,50.0,6.42,0.86,0.025,-0.0068,0.419,0.686,0,NORMAL,0
60.06,55.81,24.86,398.87,36.15,1.75,59.34,0.941,50.0,4.25,0.721,0.0082,0.0192,0.475,1.73,0,NORMAL,0
60.22,54.44,22.21,400.59,39.94,10.72,75.02,0.922,49.89,5.78,0.8,0.044,0.1807,0.8,2.777,2,MECHANICAL_FAULT,1
67.2,57.33,24.33,399.27,37.1,0.86,62.24,0.972,50.04,9.87,0.741,0.0264,-0.0189,1.108,0.854,0,NORMAL,0
98.95,82.88,36.91,383.98,66.27,2.23,101.75,0.881,49.86,16.07,1.272,0.2331,0.0707,2.695,6.55,1,THERMAL_OVERLOAD,1
66.93,61.82,23.43,402.18,45.64,1.48,75.82,0.939,49.98,5.11,0.918,0.0069,0.0125,0.448,1.901,0,NORMAL,0
64.74,60.67,28.12,395.19,40.55,0.81,67.0,0.948,49.94,4.07,0.801,0.0181,0.0176,0.929,0.643,0,NORMAL,0
65.52,55.79,24.85,400.69,37.8,1.64,66.39,0.959,49.94,9.73,0.757,-0.0505,-0.0205,0.327,1.088,0,NORMAL,0
66.22,56.84,25.24,394.39,39.86,1.48,65.8,0.931,49.98,9.38,0.786,-0.0005,0.026,0.571,1.89,0,NORMAL,0
87.3,93.29,50.31,386.18,43.15,3.47,80.21,0.829,49.7,-5.99,0.833,0.3754,-0.0341,2.89,2.968,3,DIELECTRIC_FAULT,1
88.67,102.97,30.01,393.84,85.27,3.41,131.6,0.902,50.05,-14.3,1.679,0.2128,-0.0455,3.08,6.389,1,THERMAL_OVERLOAD,1
90.51,92.83,33.72,390.23,68.42,2.89,107.86,0.938,49.98,-2.32,1.335,0.8084,0.0313,5.768,3.692,1,THERMAL_OVERLOAD,1
64.76,56.75,22.95,404.63,38.22,1.04,64.84,0.953,49.93,8.01,0.773,0.0092,-0.0157,0.369,1.796,0,NORMAL,0
64.99,59.61,26.1,404.84,38.82,1.82,64.74,0.979,50.0,5.38,0.786,0.0053,0.0137,0.464,1.635,0,NORMAL,0
57.84,52.94,23.55,400.04,27.02,0.94,45.53,0.942,50.04,4.9,0.541,-0.0096,-0.002,0.342,0.986,0,NORMAL,0
114.43,108.54,64.28,346.87,91.04,11.06,138.03,0.729,48.88,5.89,1.579,1.9034,0.6675,5.393,14.736,4,CRITICAL_FAILURE,1
114.95,97.47,33.19,380.95,78.5,3.48,119.93,0.881,49.99,17.47,1.495,0.3878,-0.0049,3.951,6.806,1,THERMAL_OVERLOAD,1
58.51,52.56,25.37,400.23,26.17,1.32,45.92,0.954,50.01,5.95,0.524,-0.0363,0.0126,1.136,1.348,0,NORMAL,0
65.12,59.16,23.16,397.29,40.35,0.85,65.25,0.936,49.94,5.96,0.802,0.0217,-0.0235,0.893,1.239,0,NORMAL,0
61.18,56.77,28.42,402.73,33.09,1.32,51.61,0.976,50.05,4.41,0.666,0.0709,-0.0157,1.095,1.5,0,NORMAL,0
70.47,85.29,56.89,356.31,34.17,2.44,57.48,0.8,50.11,-14.81,0.609,0.1137,0.0797,1.896,3.993,3,DIELECTRIC_FAULT,1
55.72,50.4,27.1,400.14,46.83,7.64,76.48,0.91,50.04,5.32,0.937,-0.0188,0.454,1.291,2.794,2,MECHANICAL_FAULT,1
66.23,56.93,24.87,398.43,44.55,1.14,75.82,0.957,50.01,9.3,0.887,-0.0298,-0.0016,0.458,1.172,0,NORMAL,0
64.71,57.49,28.1,397.18,42.3,0.93,71.92,0.974,50.09,7.22,0.84,-0.0184,-0.0078,1.089,1.933,0,NORMAL,0
121.53,101.09,62.32,341.9,119.4,9.3,141.95,0.617,49.13,20.44,2.041,1.9102,0.8599,5.743,10.914,4,CRITICAL_FAILURE,1
63.63,58.89,22.63,406.07,34.97,2.2,56.35,0.934,50.01,4.74,0.71,0.0499,0.0233,0.241,1.557,0,NORMAL,0
66.82,58.91,25.43,406.92,47.17,6.86,81.75,0.947,50.01,7.91,0.96,-0.0309,0.5556,0.816,2.197,2,MECHANICAL_FAULT,1
133.4,111.09,53.01,358.63,124.27,11.16,136.66,0.637,48.3,22.3,2.228,0.8533,0.7738,5.189,14.453,4,CRITICAL_FAILURE,1
92.11,99.58,34.97,407.44,79.57,3.51,123.97,0.884,49.98,-7.48,1.621,0.843,0.0213,5.378,5.957,1,THERMAL_OVERLOAD,1
61.45,55.44,27.53,398.25,34.65,1.26,52.77,0.946,50.0,6.01,0.69,0.0074,0.0601,0.257,0.632,0,NORMAL,0
66.65,61.83,22.09,397.38,40.97,1.32,69.1,0.969,50.01,4.82,0.814,0.0191,-0.0116,0.874,0.83,0,NORMAL,0
72.65,82.33,6.87,371.43,33.66,3.38,56.22,0.725,49.89,-9.68,0.625,0.114,0.0769,2.469,4.624,3,DIELECTRIC_FAULT,1
63.7,54.29,23.14,398.52,39.62,1.6,66.26,0.977,50.03,9.4,0.79,-0.0321,-0.0105,1.142,1.192,0,NORMAL,0
64.52,55.85,26.08,401.73,40.48,1.88,61.67,0.976,49.98,8.67,0.813,0.0052,-0.0118,0.345,1.256,0,NORMAL,0
80.39,78.37,53.14,383.53,47.08,2.66,76.07,0.785,49.7,2.02,0.903,0.3472,0.0165,2.241,2.587,3,DIELECTRIC_FAULT,1
59.65,50.45,27.58,397.79,29.27,0.98,45.18,0.978,50.01,9.21,0.582,0.0221,-0.0014,0.379,1.443,0,NORMAL,0
117.2,113.26,58.83,357.92,100.73,10.53,142.64,0.696,48.61,3.94,1.803,1.1619,1.0912,5.978,9.694,4,CRITICAL_FAILURE,1
111.66,104.06,30.49,399.47,74.94,2.92,115.67,0.899,49.89,7.6,1.497,0.1564,0.0366,5.78,3.677,1,THERMAL_OVERLOAD,1
62.35,57.72,22.58,388.45,33.97,1.67,55.29,0.963,50.03,4.63,0.66,-0.0064,0.0298,0.258,1.992,0,NORMAL,0
77.04,71.4,22.18,397.06,47.1,6.12,80.94,0.938,50.06,5.64,0.935,0.0157,0.4571,1.4,2.394,2,MECHANICAL_FAULT,1
109.79,84.56,31.02,384.12,61.5,3.26,97.22,0.937,49.7,25.24,1.181,0.497,-0.0814,4.163,4.79,1,THERMAL_OVERLOAD,1
70.54,90.19,7.89,367.97,43.88,2.65,69.25,0.727,49.91,-19.65,0.807,0.212,0.0338,3.008,2.423,3,DIELECTRIC_FAULT,1
60.39,54.67,23.56,397.19,32.69,0.8,56.52,0.933,50.05,5.73,0.649,-0.0526,0.0087,0.393,0.574,0,NORMAL,0
64.07,58.7,20.97,401.24,32.87,1.38,53.08,0.947,49.97,5.37,0.659,0.0154,-0.014,0.447,0.758,0,NORMAL,0
62.61,56.51,27.79,396.48,38.18,1.07,64.81,0.96,49.99,6.09,0.757,0.0411,-0.001,0.461,1.904,0,NORMAL,0
61.55,52.04,21.78,399.98,35.68,0.84,63.68,0.947,50.02,9.51,0.713,-0.0164,0.0017,0.81,1.285,0,NORMAL,0
63.8,57.37,23.04,405.56,38.08,1.45,60.55,0.97,49.96,6.43,0.772,-0.0128,-0.0059,0.494,1.56,0,NORMAL,0
60.07,54.41,26.73,395.46,31.69,1.97,52.82,0.937,50.02,5.66,0.627,0.0037,-0.0168,1.149,1.979,0,NORMAL,0
67.61,60.38,25.5,389.32,40.96,1.08,70.54,0.975,49.84,7.24,0.797,0.0239,0.0224,1.15,0.927,0,NORMAL,0
102.43,88.46,29.57,391.29,71.79,2.44,112.02,0.911,49.85,13.97,1.405,0.6279,0.0087,4.842,3.848,1,THERMAL_OVERLOAD,1
106.22,97.62,33.82,399.61,76.71,2.12,116.48,0.882,49.89,8.6,1.533,0.4409,0.0277,2.536,4.839,1,THERMAL_OVERLOAD,1
59.56,54.44,22.62,399.48,27.57,1.9,45.12,0.958,50.02,5.12,0.551,-0.0091,0.0081,0.913,1.708,0,NORMAL,0
65.84,61.73,24.64,398.0,43.78,1.33,71.15,0.953,50.02,4.11,0.871,0.0179,-0.031,0.985,0.886,0,NORMAL,0
61.19,55.46,28.43,392.46,29.4,1.49,51.09,0.945,49.93,5.73,0.577,0.0596,0.0182,0.544,1.6,0,NORMAL,0
62.66,55.81,24.36,403.0,34.54,1.04,59.67,0.948,49.97,6.85,0.696,-0.0041,0.0192,0.352,1.397,0,NORMAL,0
69.6,60.89,23.69,392.96,46.15,0.83,72.34,0.959,50.03,8.71,0.907,-0.0331,-0.0179,0.549,1.639,0,NORMAL,0
101.75,83.54,29.67,395.0,71.56,3.18,108.42,0.889,49.73,18.21,1.413,0.5106,0.0827,3.71,4.798,1,THERMAL_OVERLOAD,1
65.28,60.96,24.45,401.04,42.23,1.5,69.31,0.946,49.89,4.33,0.847,0.0184,0.0075,1.139,1.708,0,NORMAL,0
132.82,100.36,49.99,335.83,105.71,13.76,123.87,0.637,48.33,32.47,1.775,0.8523,0.8767,6.558,9.395,4,CRITICAL_FAILURE,1
58.9,52.4,25.84,401.94,28.25,1.37,45.93,0.94,50.01,6.5,0.568,0.027,0.0008,1.004,0.599,0,NORMAL,0
59.09,49.67,27.56,402.34,28.13,1.48,46.63,0.959,50.09,9.42,0.566,-0.0018,-0.0331,0.346,1.409,0,NORMAL,0
63.37,53.85,25.9,396.67,38.48,2.08,70.74,0.979,50.03,9.52,0.763,-0.0143,-0.0107,0.298,1.969,0,NORMAL,0
114.46,97.74,32.26,393.32,88.82,3.39,134.61,0.897,49.96,16.71,1.747,0.5945,0.0075,2.568,4.31,1,THERMAL_OVERLOAD,1
65.08,59.54,25.91,395.58,38.12,1.43,66.67,0.939,50.05,5.54,0.754,-0.0008,-0.0136,1.022,0.928,0,NORMAL,0
65.97,59.56,27.4,398.07,42.62,0.92,70.15,0.936,49.96,6.41,0.848,0.0268,0.0094,0.401,1.128,0,NORMAL,0
58.36,49.7,22.56,397.16,33.41,1.28,54.31,0.977,49.99,8.66,0.663,0.033,0.0165,0.303,1.854,0,NORMAL,0
60.99,53.61,27.41,401.54,34.55,0.89,57.37,0.932,49.94,7.38,0.694,-0.0338,-0.0107,0.919,1.922,0,NORMAL,0
64.11,56.25,25.17,399.41,43.93,1.53,72.78,0.931,50.07,7.86,0.877,-0.0142,-0.0347,1.129,0.857,0,NORMAL,0
65.86,56.75,27.04,398.11,40.79,2.18,70.52,0.958,49.98,9.11,0.812,-0.0257,0.001,0.306,0.511,0,NORMAL,0
69.02,63.55,24.16,396.6,44.29,1.39,76.66,0.972,50.05,5.47,0.878,-0.0075,-0.0141,1.152,1.549,0,NORMAL,0
58.74,54.48,28.02,403.45,25.97,2.13,45.73,0.979,49.98,4.26,0.524,0.0177,-0.002,0.235,1.619,0,NORMAL,0
66.41,60.11,20.54,400.05,35.57,1.3,56.69,0.953,50.04,6.3,0.712,-0.0244,-0.0114,0.757,1.764,0,NORMAL,0
72.9,64.54,27.19,395.52,41.44,8.02,78.14,0.918,49.82,8.36,0.819,0.0491,0.3772,1.347,1.36,2,MECHANICAL_FAULT,1
65.99,60.1,23.58,398.46,36.6,1.35,64.8,0.968,50.03,5.89,0.729,0.0397,0.0009,0.247,0.929,0,NORMAL,0
61.37,54.23,23.27,395.63,34.48,2.11,56.07,0.94,50.05,7.14,0.682,0.0057,-0.0114,1.049,1.93,0,NORMAL,0
66.09,60.57,23.78,398.76,44.95,0.83,76.37,0.93,50.07,5.52,0.896,-0.0009,-0.0289,0.658,1.378,0,NORMAL,0
70.17,62.49,23.7,399.08,45.69,10.96,76.12,0.935,49.94,7.68,0.912,0.0846,0.1958,1.784,1.293,2,MECHANICAL_FAULT,1
61.35,53.5,25.67,400.73,43.86,8.67,77.23,0.951,49.94,7.85,0.879,-0.0902,0.6149,1.921,1.071,2,MECHANICAL_FAULT,1
68.79,60.59,24.7,396.75,37.07,11.95,68.26,0.956,50.08,8.2,0.735,0.0083,0.3108,1.484,2.319,2,MECHANICAL_FAULT,1
68.81,62.25,23.25,395.7,42.96,1.46,73.79,0.963,50.03,6.56,0.85,0.0683,0.0166,0.746,0.799,0,NORMAL,0
100.75,103.28,33.58,402.5,63.21,3.76,96.54,0.916,50.05,-2.53,1.272,0.8315,0.0279,6.191,4.37,1,THERMAL_OVERLOAD,1
68.32,59.16,23.97,399.13,45.79,1.69,75.35,0.954,50.0,9.16,0.914,-0.0116,-0.0214,0.617,1.597,0,NORMAL,0
66.64,61.49,25.97,399.0,43.18,11.53,75.93,0.918,49.98,5.15,0.861,-0.074,0.3475,1.955,1.33,2,MECHANICAL_FAULT,1
61.67,54.58,25.11,392.5,35.6,1.81,56.23,0.952,50.04,7.09,0.699,-0.0438,0.0238,0.501,1.367,0,NORMAL,0
107.5,104.28,28.7,402.28,72.65,3.1,113.34,0.938,49.97,3.22,1.461,0.3956,-0.0007,5.739,6.704,1,THERMAL_OVERLOAD,1
56.36,48.36,25.48,397.41,37.44,6.85,65.62,0.927,49.84,8.0,0.744,-0.0047,0.3881,1.959,1.815,2,MECHANICAL_FAULT,1
58.87,51.28,28.46,404.77,28.04,1.94,46.82,0.975,50.02,7.59,0.567,0.0013,-0.0006,0.849,1.714,0,NORMAL,0
131.26,110.43,62.99,348.9,110.86,10.08,152.18,0.693,48.23,20.83,1.934,1.8052,1.0218,8.773,9.562,4,CRITICAL_FAILURE,1
91.05,103.52,30.47,401.34,84.16,3.49,122.78,0.906,49.81,-12.47,1.689,0.2156,-0.001,4.194,6.372,1,THERMAL_OVERLOAD,1
66.92,58.18,24.38,390.02,34.24,8.64,62.82,0.907,49.94,8.74,0.668,0.0279,0.3635,1.587,1.576,2,MECHANICAL_FAULT,1
112.74,118.73,48.21,331.37,108.57,13.02,158.5,0.632,48.27,-5.99,1.799,0.9817,1.1496,10.332,7.541,4,CRITICAL_FAILURE,1
91.08,97.82,40.52,383.01,86.73,3.69,126.83,0.926,49.6,-6.73,1.661,0.5246,-0.0176,3.903,3.606,1,THERMAL_OVERLOAD,1
60.0,55.39,23.07,406.08,31.69,1.4,51.57,0.979,49.95,4.61,0.643,0.001,-0.0152,0.379,1.956,0,NORMAL,0
59.3,51.35,21.62,399.49,27.56,1.58,51.13,0.947,49.98,7.95,0.55,-0.062,0.0006,0.937,0.555,0,NORMAL,0
62.4,58.01,23.34,398.4,34.39,1.35,53.98,0.933,50.03,4.39,0.685,0.0206,-0.0128,1.004,0.811,0,NORMAL,0
90.83,100.97,35.74,398.14,81.99,3.75,123.5,0.921,49.92,-10.14,1.632,0.2519,0.1125,5.134,6.198,1,THERMAL_OVERLOAD,1
65.33,56.91,24.8,400.53,45.01,1.18,70.15,0.976,50.0,8.42,0.901,0.0418,0.0168,0.457,1.579,0,NORMAL,0
105.38,104.82,32.75,385.53,66.3,3.75,104.54,0.9,49.87,0.56,1.278,0.3037,0.0022,6.263,3.624,1,THERMAL_OVERLOAD,1
76.17,68.11,25.57,402.31,44.59,9.58,78.0,0.958,50.09,8.06,0.897,0.0367,0.4833,1.23,2.096,2,MECHANICAL_FAULT,1
66.96,61.2,26.44,394.54,41.91,2.13,72.95,0.974,50.0,5.76,0.827,-0.0486,-0.0306,0.492,1.971,0,NORMAL,0
67.31,59.02,24.68,399.57,40.41,1.2,68.42,0.938,49.99,8.28,0.807,-0.0312,-0.0459,0.719,0.561,0,NORMAL,0
60.54,50.71,24.94,396.03,27.57,1.03,47.36,0.96,49.95,9.83,0.546,0.0223,-0.0147,0.844,1.357,0,NORMAL,0
66.86,61.51,25.95,393.72,46.08,1.7,77.73,0.965,50.0,5.35,0.907,-0.006,-0.0354,0.746,0.732,0,NORMAL,0
66.89,57.6,21.03,405.73,34.91,1.31,61.43,0.978,50.08,9.29,0.708,0.0528,-0.0069,1.167,0.727,0,NORMAL,0
76.12,67.35,27.38,405.41,42.89,10.92,73.24,0.904,50.18,8.78,0.869,0.0012,0.2676,0.9,2.065,2,MECHANICAL_FAULT,1
64.4,54.47,26.09,397.26,31.48,1.71,55.93,0.934,50.01,9.93,0.625,0.0264,0.0017,0.207,0.75,0,NORMAL,0
59.75,50.37,23.78,397.63,28.86,1.14,48.08,0.965,49.99,9.38,0.574,-0.0021,0.0245,0.609,1.426,0,NORMAL,0
59.98,50.34,24.05,398.48,27.66,2.07,47.7,0.959,49.99,9.64,0.551,0.0256,0.0047,1.111,1.743,0,NORMAL,0
73.33,65.97,25.47,395.96,41.88,8.68,74.84,0.932,50.06,7.36,0.829,-0.0615,0.508,1.991,1.091,2,MECHANICAL_FAULT,1
65.34,58.88,20.56,403.64,44.01,1.43,69.99,0.969,50.12,6.46,0.888,-0.0592,0.0058,0.458,0.557,0,NORMAL,0
61.35,54.42,25.02,403.04,30.72,1.01,49.28,0.958,49.99,6.93,0.619,0.0066,0.0339,0.831,0.656,0,NORMAL,0
60.48,54.05,27.41,395.26,27.79,0.88,46.5,0.96,50.01,6.43,0.549,-0.0185,0.0169,0.91,1.645,0,NORMAL,0
60.95,54.72,24.74,405.76,28.76,1.03,47.99,0.944,50.0,6.23,0.584,-0.0484,0.0029,0.869,1.666,0,NORMAL,0
64.52,58.25,21.89,395.03,41.31,1.67,71.98,0.95,50.03,6.28,0.816,-0.0625,0.0339,0.494,1.923,0,NORMAL,0
59.31,50.4,27.24,398.49,30.0,2.0,48.22,0.964,49.91,8.91,0.598,-0.0027,-0.0144,0.268,1.218,0,NORMAL,0
94.39,94.75,28.69,388.44,76.31,3.46,118.4,0.895,50.02,-0.37,1.482,0.6661,-0.0266,3.329,4.529,1,THERMAL_OVERLOAD,1
113.77,90.24,33.85,394.71,62.85,2.09,96.62,0.922,49.91,23.53,1.24,0.2474,-0.0071,5.183,6.571,1,THERMAL_OVERLOAD,1
61.98,52.52,29.21,396.89,35.73,1.49,62.4,0.956,50.07,9.46,0.709,-0.0118,-0.0323,1.062,1.395,0,NORMAL,0
58.18,50.81,27.06,400.58,31.22,1.8,49.2,0.966,50.04,7.37,0.625,0.0112,0.0044,0.63,1.462,0,NORMAL,0
65.06,55.16,21.55,403.1,37.16,1.1,64.06,0.979,50.04,9.9,0.749,0.0164,-0.0053,0.258,1.057,0,NORMAL,0
58.76,52.79,24.11,405.03,28.85,1.86,45.9,0.932,50.09,5.97,0.584,-0.029,-0.0305,0.849,1.954,0,NORMAL,0
83.82,80.83,6.51,402.66,34.01,3.42,63.22,0.82,49.67,2.99,0.685,0.2727,-0.0004,2.397,2.394,3,DIELECTRIC_FAULT,1
63.55,54.48,26.46,401.57,30.07,1.19,54.01,0.931,50.06,9.07,0.604,0.001,-0.0074,0.456,0.52,0,NORMAL,0
75.78,68.33,24.06,394.62,34.54,11.07,64.17,0.949,49.98,7.45,0.682,-0.0386,0.6352,1.081,1.1,2,MECHANICAL_FAULT,1
104.84,87.93,28.98,394.91,63.31,2.65,98.11,0.928,49.86,16.91,1.25,0.399,0.0606,5.821,6.895,1,THERMAL_OVERLOAD,1
78.03,88.66,56.2,378.32,36.09,3.01,56.53,0.82,49.87,-10.64,0.683,0.2637,0.0718,2.111,4.814,3,DIELECTRIC_FAULT,1
58.57,49.65,25.63,403.18,30.92,0.86,50.26,0.935,49.89,8.92,0.623,0.0362,0.0037,0.288,1.128,0,NORMAL,0
97.13,98.27,29.14,388.92,84.52,3.05,129.61,0.886,49.87,-1.15,1.644,0.387,-0.029,5.907,5.289,1,THERMAL_OVERLOAD,1
65.18,58.5,23.85,406.16,36.77,0.8,61.11,0.977,50.04,6.68,0.747,-0.0158,-0.0081,0.674,0.56,0,NORMAL,0
89.14,85.64,36.08,387.69,69.65,2.18,98.77,0.936,50.02,3.5,1.35,0.3283,-0.1107,3.613,6.23,1,THERMAL_OVERLOAD,1
64.26,56.47,24.81,397.48,38.88,1.83,63.0,0.931,50.01,7.79,0.773,-0.0236,-0.0058,0.859,0.545,0,NORMAL,0
60.33,50.99,24.98,395.47,25.96,1.65,45.19,0.944,49.95,9.34,0.513,0.0208,0.0317,0.525,0.538,0,NORMAL,0
67.42,58.48,25.3,399.85,35.75,1.71,65.22,0.97,49.95,8.94,0.715,0.0267,0.002,0.679,1.659,0,NORMAL,0
95.94,96.71,30.13,396.63,66.77,3.34,102.85,0.921,49.87,-0.77,1.324,0.1853,0.0326,2.619,3.415,1,THERMAL_OVERLOAD,1
95.84,97.11,34.2,397.07,61.81,2.39,97.7,0.882,49.9,-1.27,1.227,0.5632,0.0587,4.395,4.829,1,THERMAL_OVERLOAD,1
57.32,52.04,31.29,395.58,37.03,8.67,78.49,0.937,50.06,5.28,0.732,0.0349,0.5526,0.969,2.589,2,MECHANICAL_FAULT,1
62.2,55.04,25.9,401.47,39.09,1.57,70.85,0.934,50.06,7.16,0.785,0.0429,-0.0047,0.497,1.475,0,NORMAL,0
59.88,50.27,25.43,391.68,28.09,1.15,49.2,0.971,49.96,9.61,0.55,0.0483,-0.0045,1.151,1.142,0,NORMAL,0
60.41,53.32,25.29,394.07,32.09,1.3,52.36,0.949,50.04,7.1,0.632,0.0474,-0.0122,0.652,1.785,0,NORMAL,0
65.6,58.88,26.61,403.41,37.62,1.68,61.33,0.94,50.07,6.72,0.759,-0.0325,-0.0261,1.008,1.663,0,NORMAL,0
79.36,91.32,50.58,363.53,37.9,3.13,60.43,0.739,49.79,-11.96,0.689,0.2464,0.0912,3.229,4.103,3,DIELECTRIC_FAULT,1
61.98,57.19,26.1,402.45,37.95,1.88,61.4,0.97,49.97,4.8,0.764,0.0217,-0.0082,0.923,1.751,0,NORMAL,0
60.33,51.73,25.38,398.6,32.17,2.09,55.07,0.977,50.01,8.6,0.641,-0.0286,0.0031,1.015,1.307,0,NORMAL,0
63.28,55.92,24.78,392.99,36.25,1.13,60.92,0.962,49.98,7.36,0.712,0.0179,0.0097,0.234,1.063,0,NORMAL,0
114.76,92.3,32.3,392.32,70.51,2.36,105.57,0.894,49.88,22.46,1.383,0.3258,0.0531,3.827,4.636,1,THERMAL_OVERLOAD,1
60.16,55.51,27.87,400.04,29.65,1.19,49.68,0.939,49.91,4.64,0.593,-0.0114,0.0148,1.139,0.975,0,NORMAL,0
66.92,57.31,23.06,408.6,40.52,1.8,70.14,0.961,49.93,9.61,0.828,-0.0132,-0.0228,0.668,1.129,0,NORMAL,0
61.44,56.12,23.63,405.39,39.75,0.86,62.81,0.939,49.91,5.32,0.806,-0.0259,-0.0149,0.524,1.499,0,NORMAL,0
63.36,59.08,21.94,399.48,38.11,1.5,63.76,0.976,50.0,4.27,0.761,-0.0067,-0.01,0.332,0.565,0,NORMAL,0
65.53,56.64,24.61,398.39,46.9,1.37,75.07,0.954,50.0,8.89,0.934,-0.052,0.0056,1.171,1.14,0,NORMAL,0
71.96,63.7,24.28,389.74,35.66,9.94,65.99,0.958,50.03,8.26,0.695,0.0182,0.186,1.815,1.077,2,MECHANICAL_FAULT,1
61.5,52.62,19.95,406.79,34.57,2.08,57.23,0.942,50.01,8.88,0.703,-0.0226,-0.0265,1.059,1.908,0,NORMAL,0
64.41,57.05,27.93,399.82,40.52,1.15,71.16,0.93,50.05,7.36,0.81,0.0084,0.0352,1.036,1.732,0,NORMAL,0
73.63,66.29,27.36,396.43,34.57,8.61,68.11,0.935,50.01,7.34,0.685,-0.0929,0.2357,1.955,1.364,2,MECHANICAL_FAULT,1
66.9,61.95,22.06,393.35,39.8,1.09,66.21,0.98,49.96,4.95,0.783,-0.0153,-0.0727,0.375,1.6,0,NORMAL,0
61.8,54.71,27.11,399.15,37.41,1.71,61.14,0.944,49.98,7.09,0.747,-0.0007,0.0243,0.698,1.965,0,NORMAL,0
58.43,49.26,26.43,394.66,31.63,1.2,52.69,0.964,49.95,9.17,0.624,0.0206,-0.0018,0.489,1.713,0,NORMAL,0
62.86,54.62,25.83,399.14,30.05,0.9,53.77,0.966,49.96,8.24,0.6,-0.0116,-0.0397,0.366,1.442,0,NORMAL,0
61.79,53.32,22.93,409.5,30.04,1.2,47.87,0.948,49.99,8.47,0.615,0.0278,0.0382,0.556,1.98,0,NORMAL,0
122.71,117.57,61.19,333.74,121.6,10.37,151.7,0.757,48.49,5.13,2.029,1.2163,0.5485,11.197,6.837,4,CRITICAL_FAILURE,1
59.42,51.46,23.08,401.43,25.69,2.15,45.98,0.931,49.98,7.96,0.516,0.0224,0.0071,0.225,1.588,0,NORMAL,0
110.71,113.94,49.63,339.36,102.9,12.34,129.89,0.696,49.16,-3.23,1.746,1.9041,0.7934,10.909,13.115,4,CRITICAL_FAILURE,1
65.86,55.88,24.67,398.38,35.32,1.9,60.0,0.974,50.02,9.98,0.703,0.0084,0.0146,0.276,1.573,0,NORMAL,0
59.66,50.21,21.94,401.47,28.67,1.86,46.95,0.93,49.99,9.45,0.576,-0.0007,-0.0099,1.093,1.482,0,NORMAL,0
62.2,55.34,26.55,396.94,32.32,0.9,54.84,0.971,49.98,6.87,0.641,-0.004,-0.002,0.721,1.982,0,NORMAL,0
67.93,58.51,26.06,402.76,47.15,0.88,77.43,0.953,50.03,9.42,0.95,0.0459,-0.01,0.518,0.892,0,NORMAL,0
115.41,116.44,53.91,355.85,106.52,13.06,157.92,0.684,49.09,-1.03,1.895,0.6998,1.159,8.235,10.333,4,CRITICAL_FAILURE,1
59.83,54.56,25.32,401.13,31.69,1.04,54.59,0.933,49.98,5.27,0.636,0.0601,-0.0088,0.966,0.959,0,NORMAL,0
62.35,54.43,25.4,393.91,38.9,1.32,66.15,0.962,49.99,7.92,0.766,0.1081,-0.0035,0.938,1.44,0,NORMAL,0
65.82,58.63,21.94,404.55,47.6,2.15,77.34,0.959,50.08,7.19,0.963,0.0503,0.0112,0.945,1.857,0,NORMAL,0
63.4,54.54,24.66,396.29,37.25,2.16,60.05,0.954,49.96,8.86,0.738,0.042,-0.0047,0.366,1.973,0,NORMAL,0
93.81,96.93,28.87,409.92,74.68,3.69,106.58,0.887,49.91,-3.12,1.531,0.6006,-0.0109,3.282,3.545,1,THERMAL_OVERLOAD,1
64.93,58.54,22.54,397.66,36.15,0.88,63.32,0.975,50.02,6.39,0.719,-0.0332,0.0021,0.253,0.68,0,NORMAL,0
65.0,59.39,22.63,403.87,42.42,1.52,73.86,0.952,50.1,5.62,0.857,0.0044,-0.0283,0.366,1.024,0,NORMAL,0
66.56,58.38,22.41,396.59,43.63,2.06,73.41,0.934,50.02,8.18,0.865,-0.0231,-0.0048,1.112,0.553,0,NORMAL,0
60.9,53.29,20.56,398.47,31.22,1.23,53.68,0.97,50.11,7.6,0.622,0.0102,0.0167,0.824,1.794,0,NORMAL,0
60.88,53.39,24.33,404.64,30.47,0.95,48.54,0.969,50.01,7.49,0.616,0.0203,-0.0136,0.248,0.928,0,NORMAL,0
58.8,53.18,21.91,396.42,38.47,9.5,67.96,0.911,50.03,5.62,0.762,0.0192,0.2966,1.848,1.793,2,MECHANICAL_FAULT,1
117.53,106.25,57.58,349.93,104.95,11.46,133.17,0.613,49.17,11.28,1.836,1.9892,0.4312,8.704,12.415,4,CRITICAL_FAILURE,1
70.27,62.86,27.58,396.88,43.49,0.92,73.14,0.938,50.03,7.4,0.863,-0.0144,0.0326,0.646,0.963,0,NORMAL,0
60.36,54.37,21.94,393.63,32.35,2.04,52.38,0.969,49.93,5.99,0.637,0.0348,0.0165,0.795,1.677,0,NORMAL,0
66.65,57.76,23.21,402.63,46.48,1.17,77.53,0.944,49.87,8.88,0.936,-0.0184,-0.0168,0.309,1.983,0,NORMAL,0
64.5,59.44,26.74,404.29,38.74,2.12,67.2,0.964,50.02,5.06,0.783,0.0721,-0.0012,1.069,1.356,0,NORMAL,0
65.4,59.28,26.5,397.63,44.24,1.26,76.83,0.971,49.98,6.12,0.88,0.0391,-0.019,0.734,1.68,0,NORMAL,0
62.88,55.4,25.42,398.31,26.82,1.11,47.98,0.94,50.0,7.48,0.534,-0.015,-0.0302,0.964,1.08,0,NORMAL,0
65.86,58.34,25.62,401.33,42.08,1.89,65.23,0.942,50.03,7.52,0.844,0.0087,0.0263,0.925,0.589,0,NORMAL,0
99.93,98.53,31.83,406.75,66.0,2.52,109.7,0.885,49.83,1.4,1.342,0.4754,-0.0067,4.528,6.895,1,THERMAL_OVERLOAD,1
68.94,64.49,24.64,400.58,45.39,1.26,75.46,0.962,50.05,4.45,0.909,0.0185,0.0164,0.816,0.847,0,NORMAL,0
74.68,68.35,21.52,401.47,41.56,9.47,75.33,0.959,50.03,6.33,0.834,0.0456,0.3528,1.342,1.971,2,MECHANICAL_FAULT,1
59.54,50.31,27.39,399.02,31.92,1.64,54.38,0.972,50.0,9.23,0.637,-0.1002,-0.0163,0.768,1.921,0,NORMAL,0
60.5,53.43,25.79,404.13,35.61,1.11,59.88,0.941,49.99,7.08,0.72,-0.0356,-0.0014,0.604,0.902,0,NORMAL,0
74.26,65.49,24.35,408.06,40.05,6.23,75.27,0.938,50.08,8.77,0.817,0.0317,0.5948,1.713,2.191,2,MECHANICAL_FAULT,1
60.07,54.38,23.53,390.58,35.29,10.29,60.78,0.947,50.0,5.69,0.689,-0.0102,0.1916,1.399,1.696,2,MECHANICAL_FAULT,1
58.82,49.09,25.17,398.13,30.18,1.15,49.09,0.973,50.01,9.73,0.601,-0.0072,0.0002,0.969,1.902,0,NORMAL,0
113.46,87.7,30.65,394.97,63.52,3.39,96.98,0.913,49.8,25.76,1.254,0.2013,-0.03,4.645,4.801,1,THERMAL_OVERLOAD,1
57.25,47.88,22.58,396.92,24.29,0.83,46.13,0.969,49.97,9.37,0.482,-0.0422,-0.0344,0.294,0.671,0,NORMAL,0
60.51,53.85,25.34,400.77,27.19,0.82,46.06,0.964,49.97,6.66,0.545,0.0063,-0.0115,0.606,1.494,0,NORMAL,0
67.64,62.72,27.43,395.25,47.48,1.82,77.25,0.96,50.04,4.92,0.938,0.0228,0.0012,0.542,1.473,0,NORMAL,0
66.02,58.03,25.68,400.46,38.6,1.68,68.49,0.94,50.07,7.99,0.773,-0.0257,-0.0144,0.276,1.729,0,NORMAL,0
61.51,53.02,28.88,397.72,34.64,1.3,58.04,0.962,50.03,8.49,0.689,-0.0221,-0.0283,0.492,1.623,0,NORMAL,0
59.82,50.82,29.61,407.9,31.85,1.17,49.96,0.962,49.95,8.99,0.65,0.0047,0.0195,0.452,1.932,0,NORMAL,0
63.6,54.52,24.1,402.78,37.71,1.69,58.63,0.976,49.97,9.07,0.759,0.0189,0.0004,0.974,1.686,0,NORMAL,0
60.37,55.09,26.0,401.84,29.81,0.82,47.98,0.942,50.04,5.28,0.599,0.0017,0.0498,0.728,0.848,0,NORMAL,0
59.11,51.67,24.58,398.39,28.41,1.56,48.57,0.938,50.05,7.44,0.566,-0.0189,-0.0081,0.61,1.386,0,NORMAL,0
64.42,54.49,24.48,400.18,40.91,1.12,70.1,0.962,50.05,9.93,0.818,-0.039,0.0128,0.311,1.843,0,NORMAL,0
60.6,51.52,23.69,399.16,34.25,2.06,54.75,0.941,50.04,9.08,0.683,-0.0238,-0.0604,0.784,1.835,0,NORMAL,0
61.03,53.43,28.87,399.22,31.2,0.88,57.36,0.944,50.01,7.6,0.623,-0.0131,0.021,0.812,0.729,0,NORMAL,0
65.17,58.62,25.0,397.74,42.57,1.69,71.26,0.961,50.03,6.55,0.846,-0.0088,-0.0197,0.907,1.958,0,NORMAL,0
67.45,62.66,28.98,397.64,43.22,1.33,71.72,0.933,49.96,4.79,0.859,0.0252,0.0042,0.583,0.824,0,NORMAL,0
63.84,57.76,26.7,406.31,41.11,2.08,71.77,0.945,50.05,6.07,0.835,-0.0023,-0.0064,0.347,0.512,0,NORMAL,0
65.41,59.86,30.16,393.01,36.25,7.72,68.98,0.914,49.98,5.56,0.712,-0.0033,0.3006,1.433,1.672,2,MECHANICAL_FAULT,1
76.98,70.02,22.47,401.65,34.41,9.28,66.1,0.949,49.85,6.96,0.691,0.0085,0.624,1.887,1.441,2,MECHANICAL_FAULT,1
67.93,61.99,26.04,397.02,43.55,1.41,71.3,0.948,50.01,5.95,0.865,0.0094,0.0135,0.588,0.586,0,NORMAL,0
62.25,57.96,23.49,404.08,43.89,0.96,74.06,0.951,50.02,4.3,0.887,0.04,0.0186,0.378,0.619,0,NORMAL,0
63.67,55.04,26.25,399.85,41.57,0.88,67.74,0.945,50.0,8.62,0.831,0.021,-0.0146,0.724,0.708,0,NORMAL,0
64.36,59.11,21.99,400.05,36.38,1.01,57.15,0.934,50.04,5.25,0.728,0.0242,-0.0176,1.038,1.793,0,NORMAL,0
66.22,60.81,23.82,403.61,43.08,1.05,71.97,0.958,50.07,5.41,0.869,-0.0248,0.0238,0.258,0.852,0,NORMAL,0
63.76,56.57,23.68,396.96,43.73,1.19,73.52,0.973,49.96,7.19,0.868,0.0394,0.0055,0.929,0.684,0,NORMAL,0
67.03,62.92,27.06,406.43,40.88,0.81,69.63,0.932,49.93,4.11,0.831,0.0133,0.017,0.465,1.532,0,NORMAL,0
57.56,48.66,24.92,393.71,27.29,1.95,46.49,0.965,50.03,8.9,0.537,0.0063,-0.0084,0.735,0.525,0,NORMAL,0
59.91,50.24,23.8,396.75,30.57,1.97,46.88,0.979,49.98,9.68,0.606,0.0469,-0.002,0.55,1.172,0,NORMAL,0
60.1,50.52,25.7,404.82,32.92,1.25,54.75,0.965,50.0,9.57,0.666,0.0185,-0.0207,0.59,1.779,0,NORMAL,0
56.56,49.18,22.34,398.63,27.08,1.9,45.14,0.94,50.04,7.38,0.54,-0.0251,0.0028,0.608,1.452,0,NORMAL,0
61.36,54.32,27.62,398.84,42.07,7.84,80.04,0.914,49.97,7.04,0.839,0.0213,0.4409,1.786,2.999,2,MECHANICAL_FAULT,1
62.21,52.88,23.56,395.38,39.72,0.88,65.04,0.939,49.95,9.33,0.785,0.084,-0.0097,0.467,1.017,0,NORMAL,0
60.73,56.29,27.46,405.17,33.92,1.18,53.17,0.979,50.08,4.44,0.687,0.022,0.0002,0.238,1.354,0,NORMAL,0
90.78,83.92,48.77,360.64,31.74,1.91,51.55,0.765,49.89,6.86,0.572,0.1411,-0.0388,3.513,2.439,3,DIELECTRIC_FAULT,1
61.95,56.4,24.67,402.52,34.46,1.49,58.56,0.977,50.08,5.55,0.694,-0.0379,-0.0116,0.704,0.599,0,NORMAL,0
59.47,54.04,22.13,402.25,32.54,2.03,56.67,0.964,49.95,5.43,0.654,-0.0243,-0.0356,0.9,1.118,0,NORMAL,0
61.96,56.7,26.99,401.4,34.94,1.58,61.01,0.951,49.89,5.27,0.701,-0.0079,-0.0236,0.745,1.707,0,NORMAL,0
78.61,79.55,7.01,386.11,44.23,2.79,85.19,0.74,49.8,-0.93,0.854,0.2529,0.0356,2.23,2.511,3,DIELECTRIC_FAULT,1
66.04,56.92,25.99,405.72,37.75,1.04,65.25,0.954,50.04,9.12,0.766,0.0223,-0.0135,0.393,1.385,0,NORMAL,0
60.8,55.25,25.66,395.97,41.69,1.43,64.22,0.959,50.04,5.55,0.825,-0.0196,-0.0453,0.558,1.116,0,NORMAL,0
63.94,59.14,24.57,399.65,39.32,1.31,63.85,0.976,50.14,4.8,0.786,0.0134,-0.0404,0.769,1.291,0,NORMAL,0
63.81,59.05,20.94,396.37,29.35,1.28,48.53,0.935,50.04,4.75,0.582,0.0128,-0.0045,1.148,1.716,0,NORMAL,0
110.58,92.94,33.88,390.32,70.94,3.45,112.84,0.919,49.96,17.63,1.385,0.5505,-0.0045,5.637,3.376,1,THERMAL_OVERLOAD,1
106.47,99.36,50.17,339.17,90.14,10.91,152.44,0.642,48.55,7.12,1.529,1.833,1.0381,7.455,11.938,4,CRITICAL_FAILURE,1
73.3,67.5,24.18,392.15,41.84,7.88,81.79,0.934,49.91,5.8,0.82,-0.0039,0.3352,0.973,2.438,2,MECHANICAL_FAULT,1
58.98,50.27,26.83,416.06,31.46,2.0,55.0,0.958,49.99,8.71,0.654,0.004,0.0034,0.478,0.755,0,NORMAL,0
101.39,88.56,29.4,408.0,72.75,3.2,116.92,0.888,49.67,12.83,1.484,0.6848,-0.0384,4.337,6.788,1,THERMAL_OVERLOAD,1
63.04,56.27,25.0,402.17,36.44,1.78,59.65,0.963,50.13,6.77,0.733,0.0164,0.0065,0.65,1.493,0,NORMAL,0
66.02,57.5,23.28,405.61,39.96,1.47,69.0,0.931,49.95,8.52,0.81,-0.0073,-0.0375,0.308,0.689,0,NORMAL,0
62.75,57.16,23.54,393.97,42.56,2.13,70.4,0.942,50.03,5.58,0.838,0.0264,-0.0065,0.947,0.912,0,NORMAL,0
64.39,56.37,19.19,401.08,43.35,1.11,68.86,0.949,49.98,8.02,0.869,0.0025,0.0406,1.167,1.816,0,NORMAL,0
75.6,80.6,46.86,378.29,41.86,1.88,81.3,0.806,49.94,-5.0,0.792,0.3679,0.09,2.663,2.288,3,DIELECTRIC_FAULT,1
59.96,51.69,22.32,394.79,26.61,2.0,45.37,0.962,50.05,8.27,0.525,0.0474,-0.012,0.686,0.644,0,NORMAL,0
73.81,64.94,26.74,394.2,50.43,10.07,81.79,0.947,50.04,8.88,0.994,-0.0153,0.3295,1.228,1.57,2,MECHANICAL_FAULT,1
58.19,50.82,25.94,399.82,28.97,1.16,47.39,0.941,49.99,7.36,0.579,0.0053,-0.0221,0.484,0.94,0,NORMAL,0
57.67,53.18,23.92,398.03,29.26,1.26,49.57,0.965,50.02,4.49,0.582,0.0026,-0.0379,0.894,1.118,0,NORMAL,0
64.0,57.47,25.28,400.95,33.34,1.35,56.67,0.954,49.96,6.53,0.668,0.043,0.0267,1.161,1.483,0,NORMAL,0
67.45,62.14,24.16,405.52,45.62,1.58,77.55,0.953,50.07,5.31,0.925,0.0649,0.0012,1.046,0.98,0,NORMAL,0
104.58,85.74,32.7,403.95,71.49,2.63,114.36,0.928,49.91,18.84,1.444,0.2144,0.0078,4.046,5.479,1,THERMAL_OVERLOAD,1
88.79,91.89,31.87,399.62,85.18,3.38,126.9,0.925,50.02,-3.1,1.702,0.2345,0.0442,2.718,4.368,1,THERMAL_OVERLOAD,1
125.15,103.74,58.92,332.98,115.68,13.61,137.42,0.731,49.06,21.41,1.926,1.9494,1.0073,8.368,6.398,4,CRITICAL_FAILURE,1
61.75,54.66,24.41,397.42,29.24,1.21,48.11,0.966,50.06,7.1,0.581,0.0151,-0.0208,0.87,1.087,0,NORMAL,0
60.12,51.44,26.34,401.35,33.86,2.18,57.02,0.931,49.95,8.67,0.679,-0.0114,-0.0034,0.516,1.109,0,NORMAL,0
63.6,54.85,26.07,403.67,33.79,2.04,56.09,0.978,50.03,8.75,0.682,-0.0025,-0.0064,0.882,1.53,0,NORMAL,0
111.16,92.75,35.55,400.0,69.97,2.74,110.89,0.93,49.95,18.41,1.399,0.7716,-0.0196,3.645,3.791,1,THERMAL_OVERLOAD,1
75.48,88.15,45.3,404.91,50.1,2.74,84.88,0.72,50.02,-12.67,1.014,0.2605,-0.0882,3.124,2.731,3,DIELECTRIC_FAULT,1
127.68,99.53,61.79,339.71,119.98,15.18,135.15,0.648,48.34,28.15,2.038,0.8942,1.0942,7.003,8.082,4,CRITICAL_FAILURE,1
61.97,55.1,26.5,400.72,37.48,1.94,66.81,0.932,49.91,6.87,0.751,-0.0153,-0.0026,1.113,0.77,0,NORMAL,0
62.84,57.0,23.5,396.84,37.47,1.58,63.88,0.959,50.1,5.84,0.743,-0.0367,0.0014,0.414,0.925,0,NORMAL,0
61.88,57.32,23.77,404.39,34.95,2.01,60.22,0.934,50.06,4.56,0.707,-0.0449,-0.0228,1.193,1.978,0,NORMAL,0
66.02,57.62,24.31,405.08,42.08,1.84,68.54,0.98,50.02,8.39,0.852,0.0136,0.054,0.529,1.759,0,NORMAL,0
63.37,56.96,23.63,400.19,32.68,1.47,52.69,0.961,49.98,6.41,0.654,0.0436,0.0316,0.439,0.666,0,NORMAL,0
98.14,89.46,30.43,391.62,79.69,3.46,123.76,0.912,49.92,8.68,1.56,0.2711,0.0065,4.336,5.38,1,THERMAL_OVERLOAD,1
58.03,53.58,26.44,394.87,30.33,1.28,48.24,0.936,49.98,4.45,0.599,-0.0231,-0.0187,1.172,0.768,0,NORMAL,0
64.82,59.76,24.49,400.69,44.61,2.0,70.11,0.965,50.03,5.05,0.894,-0.0266,0.02,0.646,1.847,0,NORMAL,0
82.35,82.97,8.12,389.9,31.47,2.44,60.65,0.765,49.54,-0.62,0.614,0.1266,0.033,3.611,4.602,3,DIELECTRIC_FAULT,1
99.58,96.36,39.49,407.99,85.34,3.24,132.15,0.914,49.88,3.22,1.741,0.8198,0.0382,4.655,5.896,1,THERMAL_OVERLOAD,1
65.21,60.24,23.41,397.55,36.72,1.82,59.72,0.954,49.97,4.98,0.73,-0.02,0.0332,1.09,1.975,0,NORMAL,0
65.68,56.42,24.97,400.73,37.94,0.87,63.96,0.945,49.94,9.26,0.76,-0.0065,-0.0161,0.547,1.495,0,NORMAL,0
65.12,55.48,26.67,403.46,45.66,1.96,76.63,0.948,50.02,9.64,0.921,-0.0333,0.0065,0.736,0.846,0,NORMAL,0
66.65,56.84,24.99,402.75,41.39,1.38,69.61,0.976,50.05,9.81,0.833,-0.046,0.0166,0.764,1.988,0,NORMAL,0
66.25,59.5,25.96,401.13,43.58,1.26,72.67,0.963,49.98,6.76,0.874,-0.0071,0.0216,0.493,1.976,0,NORMAL,0
64.62,57.56,24.81,401.53,40.44,0.83,66.39,0.954,50.0,7.06,0.812,0.0053,0.0124,1.059,0.98,0,NORMAL,0
67.75,62.16,26.86,400.22,43.93,1.51,72.7,0.945,49.97,5.59,0.879,-0.0421,-0.0179,0.267,1.007,0,NORMAL,0
58.91,52.16,24.95,403.13,27.71,1.23,49.75,0.971,49.99,6.76,0.559,-0.0191,0.0348,0.774,1.501,0,NORMAL,0
61.3,56.29,26.04,394.43,36.5,0.85,59.22,0.967,49.98,5.01,0.72,0.0623,0.0076,0.785,1.802,0,NORMAL,0
131.89,111.63,51.92,330.46,99.65,10.57,154.55,0.744,48.84,20.26,1.646,1.6989,0.8618,10.53,13.39,4,CRITICAL_FAILURE,1
60.44,50.53,23.69,398.39,35.93,1.4,59.78,0.951,49.95,9.91,0.716,-0.0029,-0.0325,0.665,1.785,0,NORMAL,0
60.74,54.46,23.78,398.38,31.19,2.1,50.07,0.978,50.05,6.27,0.621,0.0753,0.0223,1.036,1.239,0,NORMAL,0
64.33,57.65,28.09,396.23,43.16,1.9,70.48,0.972,49.95,6.69,0.855,0.0117,0.0074,0.868,1.106,0,NORMAL,0
58.94,51.65,25.33,400.49,26.88,2.16,46.56,0.962,49.94,7.29,0.538,0.038,-0.0039,0.413,1.121,0,NORMAL,0
90.83,89.38,10.49,380.35,29.14,2.22,53.4,0.737,50.21,1.44,0.554,0.3782,0.0055,1.843,3.587,3,DIELECTRIC_FAULT,1
64.47,55.64,20.87,397.25,34.88,1.78,61.31,0.933,49.96,8.83,0.693,-0.003,-0.0056,0.93,0.675,0,NORMAL,0
64.73,55.71,21.9,402.39,39.06,1.5,64.51,0.968,50.08,9.01,0.786,0.0397,-0.011,0.632,0.998,0,NORMAL,0
64.77,56.03,26.39,408.44,40.59,1.4,73.63,0.936,49.93,8.74,0.829,-0.0281,0.0118,0.409,1.886,0,NORMAL,0
68.87,60.89,25.15,387.89,43.8,8.03,79.44,0.912,50.1,7.97,0.849,0.0705,0.2743,1.335,2.479,2,MECHANICAL_FAULT,1
63.63,57.2,29.0,396.26,38.72,0.83,66.33,0.974,49.99,6.43,0.767,0.0303,-0.0178,0.704,1.158,0,NORMAL,0
64.53,58.52,23.65,394.86,39.7,1.37,65.26,0.968,50.09,6.01,0.784,-0.0706,-0.0041,0.541,0.759,0,NORMAL,0
65.47,59.44,25.94,401.7,40.04,2.15,66.56,0.931,50.06,6.02,0.804,-0.0401,0.0307,1.066,1.405,0,NORMAL,0
64.25,56.35,29.27,396.77,38.09,1.0,61.54,0.939,49.98,7.9,0.756,-0.0193,-0.0146,0.427,1.093,0,NORMAL,0
62.27,53.76,27.22,402.96,32.47,1.11,55.17,0.964,49.92,8.51,0.654,-0.0193,0.0024,1.072,1.817,0,NORMAL,0
73.58,89.3,55.11,383.24,49.34,2.76,89.77,0.687,49.73,-15.73,0.945,0.3782,0.0697,3.091,4.439,3,DIELECTRIC_FAULT,1
58.4,53.03,22.27,395.7,34.03,6.85,65.21,0.924,50.13,5.37,0.673,0.0514,0.2381,1.782,1.067,2,MECHANICAL_FAULT,1
62.36,57.6,25.57,401.11,31.47,1.41,48.57,0.96,50.06,4.77,0.631,0.0321,0.0171,0.294,1.543,0,NORMAL,0
65.06,60.19,27.77,402.43,45.68,1.91,71.47,0.953,49.99,4.87,0.919,0.0376,-0.0114,0.944,1.362,0,NORMAL,0
62.45,54.11,26.26,398.63,29.72,0.98,51.54,0.939,49.99,8.34,0.592,-0.0254,-0.0003,0.396,1.916,0,NORMAL,0
64.43,56.28,25.7,402.09,40.26,1.21,65.68,0.949,49.99,8.15,0.809,-0.0297,-0.0176,1.12,1.708,0,NORMAL,0
67.73,59.86,26.08,405.07,43.73,0.81,74.23,0.946,49.95,7.87,0.886,-0.0624,0.0042,0.894,1.284,0,NORMAL,0
133.92,108.33,50.05,334.9,88.46,9.67,139.68,0.605,48.43,25.6,1.481,2.08,0.6631,6.752,12.009,4,CRITICAL_FAILURE,1
65.3,57.56,23.46,396.4,43.72,1.82,72.37,0.932,50.13,7.74,0.866,0.0357,0.0,0.914,0.58,0,NORMAL,0
62.4,55.42,28.57,402.78,32.53,0.89,51.09,0.949,49.98,6.99,0.655,-0.0578,0.0207,0.68,1.412,0,NORMAL,0
61.31,57.18,23.05,401.2,29.88,0.83,50.01,0.97,50.05,4.13,0.599,-0.0061,0.0182,0.517,1.487,0,NORMAL,0
66.18,56.23,27.13,396.9,47.72,1.12,76.21,0.958,49.94,9.96,0.947,0.0131,-0.0022,0.633,1.376,0,NORMAL,0
69.4,65.27,24.86,400.02,44.47,1.75,77.63,0.957,50.02,4.13,0.889,-0.0128,-0.0286,1.028,1.458,0,NORMAL,0
70.83,94.2,46.06,374.2,41.18,2.44,76.67,0.697,49.43,-23.38,0.77,0.0941,0.0933,2.611,3.771,3,DIELECTRIC_FAULT,1
116.22,113.85,50.77,340.79,123.64,13.32,131.98,0.72,48.26,2.38,2.107,0.8849,0.7732,10.848,12.591,4,CRITICAL_FAILURE,1
81.66,79.31,11.28,381.47,52.81,2.54,89.38,0.722,49.82,2.35,1.007,0.1321,0.1128,3.82,4.886,3,DIELECTRIC_FAULT,1
63.0,54.82,23.06,400.37,31.25,2.15,54.64,0.936,50.01,8.18,0.625,0.0226,-0.0118,0.819,1.757,0,NORMAL,0
82.05,88.88,51.12,397.0,42.18,2.52,73.45,0.69,50.07,-6.84,0.837,0.3287,0.1106,3.866,3.284,3,DIELECTRIC_FAULT,1
63.02,57.54,26.15,397.3,39.64,1.16,65.62,0.977,50.04,5.48,0.788,-0.0728,-0.0162,0.306,1.481,0,NORMAL,0
57.97,51.51,24.25,403.26,29.36,0.82,47.49,0.945,50.03,6.46,0.592,-0.0563,0.0236,0.735,1.815,0,NORMAL,0
61.15,57.08,23.18,403.82,32.94,1.95,55.64,0.969,50.02,4.07,0.665,-0.0447,-0.0,0.834,0.734,0,NORMAL,0
63.05,58.52,21.59,396.72,29.47,1.4,48.99,0.939,50.0,4.54,0.585,0.0081,-0.0223,0.295,1.964,0,NORMAL,0
60.92,54.75,24.55,394.96,30.01,2.08,48.94,0.955,50.05,6.17,0.593,0.0437,-0.0118,0.273,0.634,0,NORMAL,0
61.54,52.53,24.05,397.29,34.22,1.15,51.18,0.949,49.96,9.02,0.68,-0.0023,-0.0337,0.607,1.98,0,NORMAL,0
60.14,52.06,21.24,401.63,27.89,2.1,48.52,0.96,49.94,8.08,0.56,0.0329,-0.0122,1.057,1.089,0,NORMAL,0
61.76,55.81,25.68,396.9,32.3,0.87,50.04,0.96,50.01,5.95,0.641,-0.0225,-0.0033,0.882,1.418,0,NORMAL,0
68.94,63.05,25.4,401.46,46.58,1.57,75.33,0.93,50.0,5.89,0.935,-0.0268,-0.0034,0.419,0.975,0,NORMAL,0
89.89,94.96,28.74,391.1,65.47,2.25,106.3,0.911,49.84,-5.08,1.28,0.7353,0.0062,4.108,6.28,1,THERMAL_OVERLOAD,1
68.86,61.58,27.44,396.77,37.44,6.78,63.42,0.901,50.05,7.28,0.743,0.0373,0.22,1.528,2.041,2,MECHANICAL_FAULT,1
58.95,54.27,24.15,400.53,30.9,1.19,49.95,0.96,49.96,4.68,0.619,0.0169,0.0137,0.462,0.868,0,NORMAL,0
61.18,56.39,24.48,396.63,31.78,0.85,50.79,0.95,50.01,4.79,0.63,-0.0124,0.0225,0.4,1.19,0,NORMAL,0
62.75,58.38,27.22,397.48,37.79,2.09,61.21,0.975,49.97,4.38,0.751,-0.0452,0.0029,0.998,0.821,0,NORMAL,0
63.83,54.53,27.3,405.35,29.13,1.2,53.8,0.964,49.9,9.3,0.59,-0.0274,0.0139,0.498,1.711,0,NORMAL,0
57.68,52.42,26.2,403.22,35.41,7.96,62.77,0.918,49.93,5.27,0.714,-0.0142,0.288,1.958,2.715,2,MECHANICAL_FAULT,1
95.81,95.22,26.77,391.32,82.83,3.38,129.82,0.934,49.91,0.6,1.621,0.2892,0.0636,3.816,5.471,1,THERMAL_OVERLOAD,1
63.0,56.14,24.98,393.09,31.54,2.01,55.4,0.933,49.91,6.86,0.62,-0.0161,-0.0314,1.165,0.959,0,NORMAL,0
65.2,57.7,23.82,400.07,42.3,2.09,68.77,0.932,50.06,7.51,0.846,0.007,0.01,0.219,1.599,0,NORMAL,0
93.99,82.87,27.11,391.66,73.36,2.83,116.39,0.927,49.91,11.12,1.437,0.4222,0.0446,5.579,5.021,1,THERMAL_OVERLOAD,1
55.84,49.18,27.58,400.41,28.18,1.34,48.22,0.941,50.06,6.66,0.564,0.0217,-0.0125,0.266,1.346,0,NORMAL,0
61.3,53.23,25.55,397.45,38.03,1.49,64.45,0.969,49.94,8.07,0.756,-0.0343,0.007,0.96,1.227,0,NORMAL,0
65.79,59.03,21.4,398.07,44.25,1.61,75.18,0.939,50.04,6.76,0.881,0.0016,-0.0074,0.717,1.534,0,NORMAL,0
61.26,53.02,25.27,400.47,38.08,1.1,62.82,0.976,50.08,8.24,0.762,-0.0224,0.0178,1.012,1.022,0,NORMAL,0
80.31,94.67,56.46,382.29,47.77,1.97,84.24,0.699,49.75,-14.36,0.913,0.3336,0.0046,3.59,4.675,3,DIELECTRIC_FAULT,1
59.67,55.31,20.79,403.81,31.43,0.84,51.42,0.963,50.03,4.36,0.635,0.0278,-0.0209,1.071,0.786,0,NORMAL,0
61.0,52.81,27.95,396.12,33.27,1.34,53.66,0.938,50.07,8.19,0.659,-0.0549,-0.0414,0.708,0.536,0,NORMAL,0
57.83,50.93,25.3,395.12,31.48,5.34,61.03,0.929,50.12,6.9,0.622,0.0759,0.3975,1.958,2.196,2,MECHANICAL_FAULT,1
86.79,81.6,53.37,397.07,33.62,3.24,60.78,0.749,49.93,5.19,0.668,0.1445,-0.0371,1.551,3.72,3,DIELECTRIC_FAULT,1
77.04,68.53,25.61,395.81,32.02,11.14,64.99,0.947,49.96,8.51,0.634,0.0276,0.4711,1.696,1.262,2,MECHANICAL_FAULT,1
63.04,58.8,25.55,402.8,30.59,2.18,53.91,0.971,50.04,4.25,0.616,0.0319,-0.0134,0.814,1.005,0,NORMAL,0
63.57,57.52,21.88,398.44,41.6,6.05,68.48,0.901,49.95,6.04,0.829,-0.017,0.3773,1.089,2.635,2,MECHANICAL_FAULT,1
105.72,102.84,48.39,357.74,119.51,9.05,122.81,0.696,48.93,2.87,2.138,1.3192,0.7088,6.447,8.129,4,CRITICAL_FAILURE,1
61.76,55.83,24.46,402.11,32.36,1.23,53.47,0.955,50.05,5.93,0.651,0.0252,-0.0023,0.668,0.916,0,NORMAL,0
116.95,92.93,34.2,382.97,63.51,3.86,97.74,0.882,49.88,24.02,1.216,0.7709,-0.0221,4.678,6.297,1,THERMAL_OVERLOAD,1
63.83,57.75,26.36,404.82,36.85,1.17,60.86,0.974,50.09,6.09,0.746,0.0177,0.0222,1.051,1.801,0,NORMAL,0
63.65,56.01,25.43,397.66,39.48,0.82,66.46,0.963,50.0,7.64,0.785,0.0527,0.0067,0.909,0.635,0,NORMAL,0
120.98,102.51,62.84,340.06,88.95,15.17,149.94,0.772,48.35,18.47,1.512,0.7189,0.8449,10.547,8.62,4,CRITICAL_FAILURE,1
62.57,56.35,25.97,403.23,39.32,2.02,63.83,0.957,50.08,6.23,0.793,0.0139,-0.009,0.983,1.959,0,NORMAL,0
81.3,89.48,8.37,402.67,33.88,2.37,66.61,0.762,49.99,-8.18,0.682,0.2216,0.0461,3.633,2.781,3,DIELECTRIC_FAULT,1
119.74,111.73,54.2,349.9,108.19,15.08,125.55,0.643,48.48,8.01,1.893,1.7605,0.4463,11.912,11.661,4,CRITICAL_FAILURE,1
66.2,61.52,28.13,397.05,34.32,2.16,59.35,0.954,49.94,4.67,0.681,-0.029,0.0122,0.824,0.859,0,NORMAL,0
60.08,54.44,25.36,391.67,40.63,8.21,78.77,0.943,49.97,5.64,0.796,0.0309,0.3828,1.378,1.878,2,MECHANICAL_FAULT,1
84.54,94.57,8.96,388.7,43.95,3.58,75.94,0.765,49.68,-10.03,0.854,0.3004,-0.0524,2.22,2.46,3,DIELECTRIC_FAULT,1
67.79,63.7,24.83,399.72,38.88,1.22,63.72,0.974,50.01,4.09,0.777,0.0478,-0.0006,0.767,1.073,0,NORMAL,0
73.71,67.14,26.79,395.76,40.94,8.52,79.56,0.914,49.94,6.57,0.81,0.0327,0.4336,1.988,2.507,2,MECHANICAL_FAULT,1
63.91,56.96,21.66,408.48,30.49,1.22,52.46,0.958,49.97,6.95,0.623,-0.0016,0.0051,1.066,1.824,0,NORMAL,0
67.83,62.32,26.89,395.22,45.75,1.01,74.33,0.971,50.0,5.51,0.904,0.027,-0.0122,1.12,1.141,0,NORMAL,0
63.32,55.44,28.44,397.07,37.25,1.04,61.28,0.948,49.98,7.88,0.739,-0.0331,-0.0359,0.793,1.253,0,NORMAL,0
64.11,54.98,22.82,401.46,35.64,1.15,60.41,0.946,49.93,9.13,0.715,0.0056,0.0114,0.345,1.196,0,NORMAL,0
61.19,53.11,24.69,402.54,33.48,1.34,53.66,0.958,50.07,8.08,0.674,0.0165,-0.0124,0.741,0.685,0,NORMAL,0
65.46,57.85,23.9,399.58,45.14,1.79,75.07,0.95,49.95,7.61,0.902,0.028,-0.0096,0.539,1.284,0,NORMAL,0
57.56,49.61,26.34,401.8,27.9,1.35,46.0,0.963,50.02,7.95,0.56,-0.0226,-0.0013,1.071,1.674,0,NORMAL,0
67.2,58.66,25.95,398.94,45.6,1.26,76.7,0.957,50.04,8.55,0.91,0.0856,0.0269,0.702,1.454,0,NORMAL,0
95.0,88.46,30.16,396.53,84.26,2.03,129.32,0.934,49.84,6.53,1.671,0.3795,0.041,4.42,4.976,1,THERMAL_OVERLOAD,1
112.33,82.72,31.98,387.52,74.69,2.91,112.59,0.904,49.88,29.61,1.447,0.7163,-0.0183,3.05,6.934,1,THERMAL_OVERLOAD,1
64.61,56.95,23.16,402.38,43.07,10.25,83.49,0.918,49.98,7.66,0.866,0.029,0.643,1.204,1.448,2,MECHANICAL_FAULT,1
65.78,56.55,25.62,401.46,44.11,1.52,76.06,0.949,49.99,9.23,0.885,-0.017,0.0153,0.595,1.142,0,NORMAL,0
65.48,57.36,25.77,400.01,46.44,2.07,75.78,0.977,50.07,8.12,0.929,-0.0044,-0.0131,0.223,0.994,0,NORMAL,0
88.64,80.51,8.69,396.25,36.31,2.78,70.91,0.791,49.64,8.14,0.719,0.304,-0.0395,2.029,3.564,3,DIELECTRIC_FAULT,1
58.69,52.07,25.36,399.63,27.75,2.08,46.39,0.97,50.02,6.62,0.554,-0.0065,-0.0107,1.194,1.805,0,NORMAL,0
66.58,59.35,26.41,402.4,43.99,1.44,73.33,0.94,49.88,7.23,0.885,0.0058,0.0073,0.55,1.178,0,NORMAL,0
59.17,51.86,22.29,399.54,33.77,2.13,56.1,0.938,50.04,7.31,0.675,-0.0623,-0.0047,0.649,1.356,0,NORMAL,0
62.32,53.61,25.79,397.22,28.55,1.54,52.17,0.935,49.95,8.71,0.567,0.0417,-0.0228,1.071,1.853,0,NORMAL,0
90.03,93.56,29.65,396.97,82.93,3.05,123.11,0.927,49.88,-3.53,1.646,0.262,0.0227,2.658,6.064,1,THERMAL_OVERLOAD,1
59.03,50.57,25.14,395.63,33.41,1.87,50.01,0.974,49.98,8.46,0.661,0.0311,-0.0102,0.311,1.77,0,NORMAL,0
73.94,65.62,27.84,388.06,43.84,9.84,80.42,0.925,49.97,8.33,0.851,-0.0562,0.616,0.919,2.256,2,MECHANICAL_FAULT,1
56.13,48.71,26.75,398.15,28.82,1.88,47.71,0.979,50.0,7.42,0.574,-0.0256,-0.001,1.156,0.506,0,NORMAL,0
71.0,65.68,25.2,396.03,41.42,1.76,72.81,0.97,50.04,5.32,0.82,0.0777,0.0106,0.954,1.22,0,NORMAL,0
66.24,60.32,23.99,394.53,38.65,1.44,64.43,0.966,50.07,5.92,0.762,-0.0095,-0.0193,0.704,1.951,0,NORMAL,0
66.41,56.48,26.24,402.19,40.46,1.87,68.11,0.948,49.98,9.94,0.814,-0.0149,0.0059,0.989,1.298,0,NORMAL,0
94.38,82.5,26.93,399.83,83.06,3.63,125.27,0.931,49.96,11.87,1.66,0.3682,0.0447,4.382,4.632,1,THERMAL_OVERLOAD,1
67.62,59.83,23.22,395.1,39.88,8.16,74.84,0.926,50.07,7.79,0.788,-0.0329,0.1229,1.415,1.007,2,MECHANICAL_FAULT,1
68.72,60.31,22.07,401.61,47.35,2.0,76.4,0.952,50.01,8.41,0.951,0.0309,0.0264,0.52,0.865,0,NORMAL,0
107.14,98.37,32.72,397.81,77.14,2.35,116.64,0.889,50.01,8.78,1.534,0.4618,0.045,5.905,6.076,1,THERMAL_OVERLOAD,1
62.98,57.89,26.57,403.45,34.13,1.93,55.73,0.979,49.99,5.09,0.689,-0.0179,0.0284,0.791,1.492,0,NORMAL,0
63.84,58.63,27.86,400.87,31.56,1.57,55.75,0.971,49.93,5.21,0.633,-0.0201,-0.0084,1.033,1.915,0,NORMAL,0
113.46,102.36,30.39,405.61,64.18,2.93,95.37,0.931,49.65,11.1,1.302,0.236,0.054,5.243,5.772,1,THERMAL_OVERLOAD,1
61.77,57.36,24.09,401.96,32.33,1.39,55.59,0.933,49.97,4.41,0.65,0.0019,0.01,1.013,1.659,0,NORMAL,0
65.83,59.9,25.46,398.23,43.98,1.34,73.97,0.961,50.01,5.92,0.876,-0.0033,0.0165,0.668,0.913,0,NORMAL,0
64.72,59.22,26.45,402.43,35.55,1.45,57.36,0.978,49.95,5.49,0.715,-0.0217,0.0058,1.15,1.413,0,NORMAL,0
75.62,67.49,25.95,402.18,42.65,8.73,76.88,0.904,50.07,8.13,0.858,-0.005,0.1394,1.423,2.265,2,MECHANICAL_FAULT,1
91.38,88.66,31.94,379.79,79.87,2.22,125.33,0.929,49.74,2.72,1.517,0.1627,0.023,4.596,6.008,1,THERMAL_OVERLOAD,1
62.21,54.16,24.55,399.69,38.13,1.78,63.58,0.966,50.04,8.06,0.762,0.0546,-0.0017,0.799,1.215,0,NORMAL,0
74.19,84.22,10.6,343.61,44.05,3.2,79.06,0.816,49.87,-10.03,0.757,0.2961,0.1177,1.991,2.649,3,DIELECTRIC_FAULT,1
100.5,97.09,34.74,391.86,75.36,2.73,117.25,0.93,49.83,3.41,1.477,0.7962,0.0181,3.117,5.823,1,THERMAL_OVERLOAD,1
63.85,55.87,25.19,402.37,35.93,1.71,57.31,0.947,49.98,7.98,0.723,0.0017,-0.012,1.112,1.442,0,NORMAL,0
112.58,98.58,34.41,396.27,77.19,3.45,118.42,0.906,50.02,14.0,1.529,0.6448,0.0617,4.595,6.594,1,THERMAL_OVERLOAD,1
64.08,55.66,24.84,401.89,37.12,1.88,62.34,0.945,49.9,8.43,0.746,0.01,0.0049,1.188,0.822,0,NORMAL,0
59.78,51.26,25.21,399.62,27.73,1.0,46.8,0.96,49.98,8.52,0.554,-0.0316,0.0232,0.28,0.655,0,NORMAL,0
57.1,52.46,24.24,394.79,28.77,1.0,51.16,0.932,50.03,4.64,0.568,-0.0012,0.0159,0.845,1.74,0,NORMAL,0
60.16,51.82,26.04,400.58,29.94,1.19,50.79,0.943,49.95,8.34,0.6,0.0071,-0.0405,1.004,1.248,0,NORMAL,0
84.06,79.16,6.07,379.67,29.18,3.06,51.26,0.741,49.89,4.9,0.554,0.3343,-0.0691,3.737,3.774,3,DIELECTRIC_FAULT,1
66.02,60.71,22.42,404.81,40.81,2.03,70.09,0.965,49.98,5.31,0.826,-0.0226,-0.0088,0.83,1.496,0,NORMAL,0
66.13,59.16,26.4,403.58,44.48,1.25,71.48,0.948,50.01,6.97,0.897,0.0032,-0.0109,0.922,1.66,0,NORMAL,0
106.01,86.22,28.84,389.86,75.79,3.11,115.06,0.922,49.96,19.79,1.477,0.4018,-0.0188,6.47,6.916,1,THERMAL_OVERLOAD,1
102.21,103.94,26.12,393.02,73.49,3.14,112.81,0.938,49.79,-1.73,1.444,0.4191,0.0319,5.669,4.686,1,THERMAL_OVERLOAD,1
65.38,56.73,22.34,405.2,44.73,1.73,76.56,0.939,50.06,8.65,0.906,0.0216,0.0199,0.825,1.073,0,NORMAL,0
62.0,53.81,24.26,402.98,37.66,2.01,65.04,0.974,49.94,8.19,0.759,0.0395,0.0174,0.826,1.119,0,NORMAL,0
54.78,47.04,26.34,399.8,26.62,1.87,45.29,0.968,49.97,7.74,0.532,0.0089,0.0253,0.854,1.522,0,NORMAL,0
94.08,82.27,31.24,395.54,81.18,3.59,129.29,0.922,49.84,11.81,1.606,0.4025,0.0084,3.225,6.73,1,THERMAL_OVERLOAD,1
64.33,56.63,27.65,390.6,41.19,6.46,78.8,0.953,50.13,7.69,0.804,0.0147,0.3885,1.343,1.939,2,MECHANICAL_FAULT,1
61.56,53.78,23.53,399.99,30.42,1.07,52.53,0.974,49.95,7.78,0.608,0.0321,0.0165,0.934,0.723,0,NORMAL,0
62.12,52.36,22.59,400.06,39.0,1.88,70.71,0.94,50.04,9.76,0.78,-0.0662,-0.0131,1.01,1.651,0,NORMAL,0
59.74,53.12,23.85,406.98,30.35,1.57,47.31,0.967,49.97,6.61,0.618,-0.0509,-0.0011,0.721,1.294,0,NORMAL,0
90.54,95.22,10.27,406.61,41.16,3.4,70.82,0.787,49.46,-4.68,0.837,0.3123,0.0278,2.283,2.993,3,DIELECTRIC_FAULT,1
88.34,82.62,46.34,385.63,41.19,2.29,73.92,0.767,49.91,5.72,0.794,0.2069,0.0386,2.754,2.905,3,DIELECTRIC_FAULT,1
112.09,101.67,60.84,350.85,123.79,15.26,148.4,0.764,48.97,10.42,2.172,1.7915,0.9299,10.151,7.044,4,CRITICAL_FAILURE,1
63.78,55.61,22.68,401.9,35.55,1.45,62.37,0.934,50.01,8.16,0.714,0.0141,0.0302,0.599,1.977,0,NORMAL,0
63.14,56.68,22.74,399.94,35.12,1.29,59.84,0.975,50.0,6.47,0.702,0.0155,-0.0313,0.931,1.972,0,NORMAL,0
65.7,60.31,24.04,406.08,43.39,1.45,74.46,0.975,50.05,5.4,0.881,-0.03,-0.0078,1.11,1.24,0,NORMAL,0
62.42,58.02,24.54,406.55,26.05,1.81,46.67,0.971,50.09,4.4,0.53,-0.0053,-0.0405,0.461,0.802,0,NORMAL,0
60.79,51.91,27.86,398.86,29.61,1.67,49.23,0.963,50.05,8.88,0.59,0.0237,0.046,0.814,0.657,0,NORMAL,0
64.43,55.78,29.61,398.04,36.02,0.93,64.35,0.945,50.01,8.65,0.717,0.0242,-0.0099,0.704,1.29,0,NORMAL,0
132.54,98.64,48.84,330.74,98.03,10.74,120.98,0.714,48.56,33.9,1.621,0.6923,1.069,9.902,9.567,4,CRITICAL_FAILURE,1
64.05,56.58,21.67,401.29,35.11,1.14,63.6,0.976,50.06,7.47,0.704,0.0783,-0.0133,1.082,0.975,0,NORMAL,0
65.9,57.58,26.95,396.92,39.5,2.09,69.27,0.933,50.0,8.32,0.784,0.0206,-0.0431,0.348,1.619,0,NORMAL,0
124.59,116.28,59.87,346.51,108.15,9.56,126.88,0.603,48.34,8.31,1.874,0.6604,0.7494,6.986,6.066,4,CRITICAL_FAILURE,1
64.95,60.81,27.69,399.88,43.58,1.18,70.2,0.957,49.93,4.13,0.871,0.0223,0.0034,1.184,1.289,0,NORMAL,0
66.85,57.47,25.83,400.68,43.27,1.88,71.1,0.944,49.95,9.39,0.867,0.0251,0.0145,1.031,0.969,0,NORMAL,0
64.26,56.04,23.88,397.54,44.51,2.05,71.74,0.968,49.95,8.23,0.885,-0.0408,0.0095,0.307,1.855,0,NORMAL,0
67.78,60.03,24.29,394.22,36.0,11.59,67.46,0.923,49.98,7.74,0.71,-0.0339,0.3454,1.399,2.516,2,MECHANICAL_FAULT,1
79.11,87.55,54.5,385.89,32.57,3.77,64.35,0.81,49.69,-8.44,0.629,0.274,0.0063,3.691,2.601,3,DIELECTRIC_FAULT,1
64.95,59.04,23.98,402.14,43.6,1.26,69.39,0.955,49.98,5.92,0.877,-0.0521,0.0274,0.804,1.48,0,NORMAL,0
65.38,56.76,24.12,395.79,35.59,1.53,63.6,0.963,50.0,8.61,0.704,0.0057,0.0318,1.136,1.027,0,NORMAL,0
113.52,84.93,29.17,398.22,78.06,3.33,113.88,0.904,49.75,28.6,1.554,0.3172,-0.0691,4.623,3.492,1,THERMAL_OVERLOAD,1
65.24,55.35,22.97,396.32,38.53,0.94,61.76,0.939,50.07,9.9,0.764,-0.0449,-0.0699,0.968,1.589,0,NORMAL,0
65.4,58.42,25.18,407.89,36.57,1.8,64.42,0.951,49.98,6.98,0.746,-0.0234,0.0147,0.421,0.742,0,NORMAL,0
62.98,54.64,25.45,392.82,35.22,1.48,57.92,0.978,49.95,8.34,0.692,0.0805,-0.0059,0.358,1.674,0,NORMAL,0
67.09,58.83,25.76,401.92,43.69,2.04,73.03,0.951,49.96,8.25,0.878,-0.0415,-0.0419,0.282,1.838,0,NORMAL,0
62.52,56.49,25.72,402.37,39.65,2.1,64.22,0.941,49.95,6.03,0.798,-0.059,0.0411,1.143,0.861,0,NORMAL,0
62.7,56.96,25.02,403.97,41.15,1.48,66.44,0.968,49.97,5.74,0.831,-0.0109,0.0182,0.649,1.206,0,NORMAL,0
68.02,59.13,27.51,391.95,46.51,1.03,75.52,0.958,49.93,8.89,0.912,-0.025,-0.0103,0.819,1.458,0,NORMAL,0
105.95,82.11,23.23,402.49,62.91,2.4,96.93,0.937,50.09,23.84,1.266,0.3657,0.024,4.841,4.426,1,THERMAL_OVERLOAD,1
77.55,71.69,23.25,398.97,46.21,10.59,77.61,0.911,49.93,5.86,0.922,0.0152,0.3005,1.731,1.091,2,MECHANICAL_FAULT,1
63.31,53.53,24.49,403.18,39.55,1.27,62.5,0.943,49.92,9.78,0.797,-0.0189,-0.0247,0.848,0.65,0,NORMAL,0
64.94,56.73,26.27,397.59,42.0,1.83,68.12,0.963,50.05,8.21,0.835,0.0038,-0.014,1.045,1.511,0,NORMAL,0
61.09,56.19,21.86,406.06,29.58,1.12,49.41,0.931,50.02,4.9,0.601,-0.0118,-0.0152,0.317,1.979,0,NORMAL,0
58.65,52.88,21.2,399.31,40.83,1.57,66.67,0.953,49.97,5.77,0.815,-0.0107,-0.0042,0.338,1.229,0,NORMAL,0
66.99,57.2,23.72,395.87,48.45,1.55,77.04,0.944,50.02,9.78,0.959,-0.0204,-0.0257,1.151,0.533,0,NORMAL,0
64.14,56.15,22.53,404.61,36.33,1.8,62.21,0.974,49.97,7.99,0.735,-0.006,-0.0016,0.823,1.499,0,NORMAL,0
106.3,97.02,33.54,392.3,86.99,3.72,131.06,0.918,49.86,9.28,1.706,0.5963,-0.0115,6.148,6.566,1,THERMAL_OVERLOAD,1
60.2,55.68,27.53,395.28,37.42,1.46,61.69,0.968,49.94,4.52,0.74,-0.0201,-0.0188,0.345,0.655,0,NORMAL,0
115.58,101.65,49.13,350.07,108.41,15.11,142.44,0.699,48.89,13.94,1.898,1.0981,1.0456,7.449,6.268,4,CRITICAL_FAILURE,1
63.76,58.64,22.35,402.34,41.06,0.82,70.31,0.939,50.01,5.13,0.826,0.0408,0.0221,0.94,1.032,0,NORMAL,0
116.34,88.74,35.32,388.04,63.31,2.66,98.44,0.922,50.17,27.6,1.228,0.501,-0.0489,6.206,3.442,1,THERMAL_OVERLOAD,1
65.45,57.63,25.96,397.66,42.47,1.4,71.09,0.936,50.05,7.82,0.844,-0.0074,0.009,0.424,1.724,0,NORMAL,0
76.48,68.48,27.63,398.45,38.18,11.27,62.03,0.943,50.02,8.0,0.761,0.014,0.2982,1.997,1.928,2,MECHANICAL_FAULT,1
65.46,59.09,26.35,393.71,40.52,1.32,67.4,0.953,50.02,6.37,0.798,-0.0331,0.0198,0.957,1.416,0,NORMAL,0
62.87,58.39,28.73,398.65,33.87,2.08,57.59,0.963,50.02,4.48,0.675,0.0293,-0.0091,1.011,1.497,0,NORMAL,0
64.14,56.94,24.06,400.43,32.34,1.02,57.16,0.961,49.97,7.2,0.648,0.0075,-0.0225,0.83,0.799,0,NORMAL,0
66.26,60.98,21.55,398.03,43.77,1.47,70.51,0.946,50.02,5.28,0.871,-0.0156,-0.021,0.24,1.104,0,NORMAL,0
63.1,54.14,24.14,410.26,37.26,1.02,59.64,0.96,49.94,8.97,0.764,0.0097,-0.0273,0.371,1.501,0,NORMAL,0
60.31,55.18,26.04,404.02,31.44,1.69,50.01,0.952,50.0,5.13,0.635,0.0249,0.0111,0.791,1.808,0,NORMAL,0
74.14,68.15,22.08,396.23,40.86,10.31,78.72,0.922,49.97,5.99,0.81,-0.0403,0.5359,0.934,2.032,2,MECHANICAL_FAULT,1
83.17,75.62,7.1,390.55,40.61,3.7,73.25,0.793,49.84,7.56,0.793,0.3149,-0.0087,1.778,2.883,3,DIELECTRIC_FAULT,1
59.37,53.21,22.96,395.86,34.61,8.9,60.17,0.901,50.06,6.16,0.685,0.0219,0.1217,0.8,2.479,2,MECHANICAL_FAULT,1
70.99,76.06,8.11,385.25,46.23,2.12,89.29,0.717,49.8,-5.07,0.891,0.1483,-0.0392,2.244,3.814,3,DIELECTRIC_FAULT,1
61.57,56.87,20.19,403.14,36.67,1.18,63.4,0.96,50.07,4.7,0.739,-0.0444,0.0334,0.425,0.886,0,NORMAL,0
103.98,101.65,29.4,397.06,69.74,3.32,109.4,0.926,49.82,2.33,1.385,0.3483,0.0862,3.641,5.665,1,THERMAL_OVERLOAD,1
65.28,59.19,22.92,402.96,41.16,1.32,68.89,0.961,49.97,6.09,0.829,0.0099,0.0251,0.541,1.166,0,NORMAL,0
119.56,116.92,63.46,332.73,99.8,12.58,145.55,0.726,48.81,2.63,1.66,1.8162,0.4826,7.81,8.278,4,CRITICAL_FAILURE,1
71.03,79.15,51.58,377.63,32.9,3.39,62.06,0.704,49.38,-8.12,0.621,0.0904,0.0219,3.818,4.518,3,DIELECTRIC_FAULT,1
63.51,59.15,26.42,394.73,41.64,0.98,67.85,0.96,49.96,4.36,0.822,0.0375,0.0156,0.532,1.198,0,NORMAL,0
70.32,64.8,23.12,395.49,36.73,5.28,72.14,0.944,50.06,5.52,0.726,0.0332,0.4074,1.934,2.219,2,MECHANICAL_FAULT,1
67.29,60.91,25.6,406.47,42.15,0.82,68.99,0.941,50.0,6.38,0.857,-0.0128,-0.0151,0.955,1.33,0,NORMAL,0
60.5,53.26,24.03,401.94,34.3,1.72,55.76,0.932,50.04,7.24,0.689,0.0455,0.0153,0.569,0.823,0,NORMAL,0
98.14,95.71,36.18,408.02,88.64,3.26,131.03,0.925,49.77,2.43,1.808,0.5573,0.036,3.691,3.349,1,THERMAL_OVERLOAD,1
61.24,55.67,23.56,398.06,33.07,1.69,55.84,0.978,50.02,5.57,0.658,0.0064,0.0141,0.614,0.987,0,NORMAL,0
68.44,59.42,23.2,404.9,43.59,1.8,74.64,0.962,50.03,9.02,0.883,-0.0124,0.0023,0.712,1.354,0,NORMAL,0
62.92,57.54,24.01,396.54,31.69,0.96,55.15,0.978,50.06,5.38,0.628,-0.0098,-0.006,0.558,0.643,0,NORMAL,0
112.58,103.55,30.31,398.64,66.14,2.18,104.37,0.89,49.76,9.03,1.318,0.1848,0.0455,6.168,4.852,1,THERMAL_OVERLOAD,1
62.26,52.67,27.96,400.02,39.47,0.84,64.21,0.966,50.0,9.59,0.789,-0.0,0.0134,0.538,1.47,0,NORMAL,0
64.03,56.29,24.45,399.87,37.31,1.44,63.02,0.965,50.06,7.73,0.746,0.0059,0.0549,0.286,1.111,0,NORMAL,0
67.5,58.21,24.81,400.68,43.93,1.24,72.66,0.969,49.99,9.29,0.88,-0.065,-0.0045,0.358,1.716,0,NORMAL,0
59.31,51.04,25.07,403.15,36.97,1.35,61.62,0.959,50.07,8.26,0.745,-0.0767,-0.0064,0.43,1.355,0,NORMAL,0
69.85,61.57,23.08,398.54,37.21,5.65,69.07,0.926,50.05,8.28,0.742,0.0561,0.159,0.814,2.567,2,MECHANICAL_FAULT,1
66.82,59.57,23.08,395.09,44.02,1.29,72.37,0.933,49.94,7.25,0.87,-0.035,0.0294,0.846,1.034,0,NORMAL,0
69.76,62.41,27.32,410.64,44.09,7.05,76.42,0.939,49.91,7.35,0.905,-0.005,0.1874,1.801,1.243,2,MECHANICAL_FAULT,1
124.46,111.62,52.06,333.33,89.37,13.89,136.26,0.65,48.5,12.84,1.49,0.6921,0.8402,7.014,13.37,4,CRITICAL_FAILURE,1
64.3,56.96,25.35,404.05,36.61,1.7,63.94,0.932,49.93,7.35,0.74,-0.0136,-0.0044,0.37,0.69,0,NORMAL,0
62.11,54.3,28.26,404.86,41.7,0.96,68.34,0.964,50.16,7.82,0.844,0.0184,0.0283,0.678,1.141,0,NORMAL,0
69.34,64.33,27.59,394.45,44.99,1.19,72.74,0.944,50.02,5.01,0.887,0.0023,0.0229,1.116,0.855,0,NORMAL,0
64.07,55.09,24.3,394.75,35.06,1.11,60.68,0.95,50.02,8.98,0.692,-0.0018,0.01,0.534,1.596,0,NORMAL,0
61.88,52.05,24.57,400.54,32.61,2.12,52.3,0.954,50.0,9.83,0.653,0.0009,0.0188,0.237,1.394,0,NORMAL,0
114.66,99.25,35.81,394.83,78.51,3.43,123.72,0.925,49.73,15.41,1.55,0.427,0.0506,4.199,5.645,1,THERMAL_OVERLOAD,1
67.38,58.26,28.58,404.21,43.9,1.24,73.87,0.956,49.89,9.12,0.887,-0.0066,0.0049,0.857,0.792,0,NORMAL,0
62.18,56.46,26.35,399.24,32.42,1.09,58.6,0.972,50.05,5.72,0.647,-0.0199,-0.0081,0.304,1.1,0,NORMAL,0
101.13,97.77,35.55,398.11,63.03,3.54,101.28,0.896,49.89,3.36,1.255,0.2413,0.0086,4.03,6.24,1,THERMAL_OVERLOAD,1
61.05,51.36,24.46,405.79,30.37,2.13,47.09,0.968,49.97,9.69,0.616,-0.0104,-0.0386,1.031,1.617,0,NORMAL,0
59.91,51.65,23.34,410.06,34.65,1.28,55.09,0.96,49.97,8.26,0.711,0.0512,0.0071,0.294,1.744,0,NORMAL,0
65.75,57.57,23.77,397.39,48.23,1.34,74.84,0.973,49.92,8.18,0.958,0.014,0.0284,0.475,1.907,0,NORMAL,0
60.85,54.53,29.24,402.19,29.71,1.22,52.1,0.977,50.14,6.32,0.597,0.0114,0.0029,1.158,0.66,0,NORMAL,0
64.68,59.99,27.33,400.14,37.44,0.93,64.23,0.975,50.05,4.69,0.749,0.015,0.0038,0.717,1.146,0,NORMAL,0
60.25,54.44,23.12,398.97,34.74,1.66,55.84,0.952,50.03,5.82,0.693,0.0091,-0.0212,1.133,0.897,0,NORMAL,0
116.7,114.73,59.25,332.62,104.06,14.99,154.02,0.735,48.53,1.97,1.731,1.1117,0.9182,7.171,13.809,4,CRITICAL_FAILURE,1
59.0,52.86,23.59,394.95,30.27,1.86,50.83,0.962,50.08,6.14,0.598,-0.0285,-0.039,0.904,1.302,0,NORMAL,0
64.89,55.86,23.24,398.14,36.77,1.75,58.93,0.941,49.95,9.03,0.732,-0.0223,-0.0207,0.879,1.834,0,NORMAL,0
85.75,88.56,6.42,399.85,41.58,1.85,74.3,0.821,49.52,-2.81,0.831,0.2639,0.205,2.927,4.187,3,DIELECTRIC_FAULT,1
65.83,56.54,24.35,396.7,45.79,1.66,76.91,0.97,49.94,9.29,0.908,-0.053,-0.0125,0.81,1.239,0,NORMAL,0
60.76,55.09,26.91,404.58,34.35,1.21,54.88,0.931,50.03,5.67,0.695,0.0218,0.0103,0.94,0.714,0,NORMAL,0
59.49,49.67,26.15,398.06,29.05,1.68,46.74,0.951,49.97,9.82,0.578,0.0278,0.0168,0.59,0.704,0,NORMAL,0
61.7,54.83,25.46,400.17,32.05,1.3,55.28,0.964,50.06,6.87,0.641,0.0284,-0.018,0.325,1.483,0,NORMAL,0
64.59,59.49,24.67,403.7,42.35,2.08,70.28,0.944,50.02,5.1,0.855,-0.0002,0.0163,1.066,1.926,0,NORMAL,0
66.75,57.04,24.85,399.59,41.66,1.74,71.12,0.952,50.07,9.71,0.832,-0.0201,0.0018,0.896,0.579,0,NORMAL,0
60.05,52.81,23.5,395.34,29.7,1.99,47.88,0.947,50.04,7.23,0.587,-0.0046,-0.0274,1.076,0.603,0,NORMAL,0
73.17,67.09,28.21,401.04,36.85,11.35,66.47,0.914,49.95,6.08,0.739,0.0269,0.4067,0.918,1.664,2,MECHANICAL_FAULT,1
81.32,88.37,45.52,372.12,45.98,3.12,78.67,0.705,49.87,-7.05,0.855,0.2173,0.0207,1.64,3.021,3,DIELECTRIC_FAULT,1
66.1,60.05,27.36,393.69,44.83,1.57,73.94,0.935,50.02,6.05,0.883,0.0449,-0.0099,0.384,0.586,0,NORMAL,0
74.64,65.95,29.01,393.89,41.26,10.18,82.31,0.924,49.93,8.69,0.813,0.0291,0.2038,1.74,1.059,2,MECHANICAL_FAULT,1
74.67,78.08,10.21,391.28,35.2,2.39,64.8,0.696,50.07,-3.42,0.689,0.171,0.0032,3.703,4.404,3,DIELECTRIC_FAULT,1
62.22,58.06,25.88,400.65,34.54,1.11,57.59,0.977,50.0,4.16,0.692,-0.0091,-0.0041,0.288,1.789,0,NORMAL,0
55.72,50.08,30.03,401.12,38.2,6.29,76.74,0.953,50.03,5.65,0.766,0.003,0.2194,1.466,2.468,2,MECHANICAL_FAULT,1
64.28,58.51,27.22,392.03,36.9,1.54,60.03,0.972,50.1,5.77,0.723,0.0246,0.0137,0.846,1.885,0,NORMAL,0
81.49,88.96,52.82,363.92,41.03,3.06,84.88,0.717,50.08,-7.47,0.747,0.2107,0.053,3.422,4.334,3,DIELECTRIC_FAULT,1
106.73,104.79,60.8,346.3,116.91,10.94,132.85,0.678,49.11,1.95,2.024,2.077,1.0058,6.681,8.188,4,CRITICAL_FAILURE,1
62.71,57.52,26.46,391.3,39.24,1.77,63.34,0.932,50.0,5.19,0.768,-0.0001,-0.0325,1.115,1.58,0,NORMAL,0
61.23,53.38,26.59,404.0,31.75,1.85,54.74,0.941,49.99,7.85,0.641,0.0192,0.0043,0.696,1.6,0,NORMAL,0
64.41,54.66,25.01,397.89,38.25,1.98,65.61,0.953,50.04,9.75,0.761,-0.0524,0.0263,0.907,1.548,0,NORMAL,0
70.75,62.85,23.27,393.94,36.08,7.4,68.25,0.926,49.94,7.9,0.711,0.0672,0.5034,1.06,1.953,2,MECHANICAL_FAULT,1
60.24,52.7,24.94,391.02,33.37,8.7,63.32,0.907,50.03,7.54,0.652,0.0076,0.5403,1.298,2.484,2,MECHANICAL_FAULT,1
59.36,52.85,26.57,396.69,26.87,1.74,47.04,0.939,49.95,6.52,0.533,0.0217,-0.0045,0.939,1.641,0,NORMAL,0
65.57,60.97,28.23,397.17,45.4,1.7,76.21,0.973,50.05,4.61,0.902,-0.0335,-0.0008,0.489,1.494,0,NORMAL,0
68.19,58.71,22.6,398.96,43.96,1.5,73.03,0.951,49.99,9.48,0.877,-0.0186,0.0151,0.926,0.559,0,NORMAL,0
63.3,55.62,29.96,400.53,42.61,1.05,69.48,0.954,49.98,7.69,0.853,-0.0243,0.038,0.879,1.177,0,NORMAL,0
67.11,62.5,22.31,396.57,40.98,1.98,68.33,0.946,49.96,4.61,0.813,0.0079,0.0039,0.634,1.865,0,NORMAL,0
68.94,60.67,23.83,406.18,38.95,7.9,69.96,0.945,50.07,8.27,0.791,0.006,0.4936,1.302,1.366,2,MECHANICAL_FAULT,1
63.76,56.69,23.46,397.62,34.14,1.4,60.3,0.937,49.97,7.07,0.679,-0.0122,0.037,0.731,0.72,0,NORMAL,0
63.29,58.51,26.07,397.32,38.98,2.1,66.18,0.964,49.95,4.78,0.774,-0.0018,0.0318,0.6,1.867,0,NORMAL,0
67.74,62.19,26.0,400.95,46.12,2.1,76.99,0.958,49.95,5.55,0.925,-0.0501,0.0109,0.969,0.781,0,NORMAL,0
70.12,61.46,22.22,401.58,43.15,1.83,74.25,0.978,50.01,8.66,0.866,-0.0287,0.0134,1.074,1.967,0,NORMAL,0
63.29,57.04,24.14,404.06,33.3,0.82,56.53,0.95,49.94,6.25,0.673,0.0236,-0.013,0.788,1.634,0,NORMAL,0
61.93,56.97,23.9,398.21,28.16,1.45,46.58,0.971,50.0,4.96,0.561,-0.0026,0.0356,1.06,0.681,0,NORMAL,0
66.36,62.04,25.49,402.24,46.78,1.07,75.45,0.946,49.97,4.32,0.941,-0.0118,-0.0171,0.48,1.605,0,NORMAL,0
71.0,64.18,26.98,396.85,34.93,10.17,62.56,0.912,49.81,6.82,0.693,0.0053,0.2499,1.517,2.074,2,MECHANICAL_FAULT,1
60.24,51.46,26.76,396.12,26.73,1.9,47.08,0.936,50.02,8.78,0.529,0.0395,-0.0114,0.617,1.959,0,NORMAL,0
59.84,51.82,26.46,395.36,42.01,9.6,74.37,0.941,49.96,8.02,0.83,-0.0507,0.2569,0.882,1.408,2,MECHANICAL_FAULT,1
61.41,54.73,25.71,398.23,35.78,0.82,59.38,0.959,49.99,6.67,0.712,0.0226,0.0176,0.844,1.116,0,NORMAL,0
64.06,59.14,28.0,405.62,34.43,1.98,57.05,0.94,50.0,4.92,0.698,0.0022,-0.0182,0.518,0.965,0,NORMAL,0
63.3,57.34,25.46,394.7,38.27,9.6,70.84,0.936,49.97,5.96,0.755,0.0016,0.4212,1.003,1.965,2,MECHANICAL_FAULT,1
67.29,60.38,22.66,398.87,38.87,1.39,67.29,0.948,50.07,6.9,0.775,0.0557,-0.0021,0.753,1.355,0,NORMAL,0
59.39,50.61,25.76,395.25,30.29,0.87,52.83,0.957,49.94,8.79,0.599,-0.0095,-0.0159,0.544,1.74,0,NORMAL,0
60.93,55.45,25.46,400.34,32.36,2.13,53.01,0.937,49.98,5.48,0.648,-0.039,0.0344,0.492,1.881,0,NORMAL,0
64.22,58.82,27.21,404.72,32.57,0.86,48.48,0.955,50.02,5.4,0.659,-0.0328,0.0167,0.508,1.42,0,NORMAL,0
97.15,86.32,37.06,391.44,86.49,3.41,128.66,0.904,49.85,10.83,1.693,0.8065,-0.0674,3.079,3.281,1,THERMAL_OVERLOAD,1
63.25,57.37,24.43,398.03,35.55,0.96,59.58,0.957,50.04,5.88,0.708,-0.0287,-0.0313,0.998,1.897,0,NORMAL,0
62.93,54.29,24.02,406.96,34.89,10.34,61.46,0.926,49.96,8.64,0.71,0.0474,0.2629,0.812,1.036,2,MECHANICAL_FAULT,1
56.32,48.5,23.16,398.69,27.53,1.07,47.71,0.976,50.12,7.82,0.549,0.0091,0.0014,0.568,1.886,0,NORMAL,0
58.68,49.48,24.15,399.03,34.58,2.01,57.49,0.931,49.99,9.2,0.69,-0.0079,0.0112,0.708,0.698,0,NORMAL,0
62.54,58.22,26.98,401.05,31.02,1.18,52.94,0.949,50.03,4.32,0.622,0.0156,-0.0236,0.864,0.603,0,NORMAL,0
94.67,89.54,30.19,393.08,62.24,2.11,102.58,0.936,49.94,5.13,1.223,0.5246,-0.014,4.711,3.422,1,THERMAL_OVERLOAD,1
99.15,103.78,32.49,384.95,79.67,3.82,120.09,0.918,49.76,-4.63,1.533,0.8173,0.0388,5.522,4.529,1,THERMAL_OVERLOAD,1
73.56,67.38,26.28,399.22,33.15,5.22,60.65,0.929,50.07,6.18,0.662,-0.0059,0.5571,1.022,2.066,2,MECHANICAL_FAULT,1
73.68,64.79,24.92,401.4,33.67,11.05,63.42,0.919,49.96,8.89,0.676,-0.0084,0.235,0.891,2.814,2,MECHANICAL_FAULT,1
60.02,51.13,24.65,409.11,28.77,1.47,49.01,0.978,49.96,8.89,0.589,-0.0228,0.025,1.159,1.729,0,NORMAL,0
64.17,56.69,23.57,399.63,41.33,1.83,71.87,0.937,50.08,7.48,0.826,0.031,0.0097,1.089,1.369,0,NORMAL,0
75.72,76.98,9.84,380.91,27.7,2.86,67.0,0.782,49.77,-1.27,0.528,0.1457,0.0112,2.717,3.966,3,DIELECTRIC_FAULT,1
56.63,49.66,26.83,394.65,38.5,8.3,71.23,0.915,49.87,6.97,0.76,0.0332,0.4556,0.84,2.979,2,MECHANICAL_FAULT,1
61.97,53.15,28.03,395.73,35.9,1.22,58.71,0.97,49.95,8.82,0.71,0.0079,-0.0166,1.008,1.49,0,NORMAL,0
119.96,102.9,55.21,342.7,103.01,10.12,148.22,0.663,48.73,17.07,1.765,1.6406,0.9071,9.029,11.36,4,CRITICAL_FAILURE,1
111.12,100.79,58.35,344.45,111.05,15.6,155.81,0.65,48.3,10.33,1.913,1.2358,0.4004,8.875,6.445,4,CRITICAL_FAILURE,1
61.82,54.08,26.36,402.18,35.63,0.88,58.78,0.965,50.07,7.73,0.716,0.0052,-0.0134,1.077,0.648,0,NORMAL,0
59.12,52.72,24.66,401.12,34.04,1.88,50.77,0.961,49.97,6.39,0.683,-0.0344,-0.0102,0.832,1.831,0,NORMAL,0
72.94,87.73,8.54,420.48,38.53,2.82,61.01,0.835,49.61,-14.79,0.81,0.0847,0.0153,2.948,4.44,3,DIELECTRIC_FAULT,1
70.47,66.27,20.02,401.34,47.2,1.03,75.77,0.963,49.97,4.2,0.947,0.0018,0.0089,0.915,0.603,0,NORMAL,0
64.94,58.98,26.34,399.54,38.27,1.97,63.38,0.98,50.01,5.96,0.764,0.0354,0.0081,0.485,0.859,0,NORMAL,0
67.51,62.33,24.34,402.09,45.02,1.42,73.93,0.967,49.95,5.18,0.905,0.0544,0.0105,0.476,1.469,0,NORMAL,0
63.5,57.45,22.22,398.18,40.66,1.61,62.13,0.957,49.92,6.05,0.809,0.0415,0.0113,1.013,1.577,0,NORMAL,0
65.32,59.99,23.25,397.81,35.28,1.08,59.8,0.941,49.97,5.33,0.702,-0.0092,-0.0013,0.57,1.858,0,NORMAL,0
62.98,56.63,26.59,393.84,28.0,2.07,49.33,0.958,50.1,6.35,0.551,-0.0208,-0.002,0.671,0.972,0,NORMAL,0
110.44,88.39,34.14,408.04,67.13,2.77,108.06,0.914,49.81,22.06,1.37,0.8087,-0.0401,4.207,4.914,1,THERMAL_OVERLOAD,1
81.61,93.64,48.93,397.52,43.13,2.13,71.75,0.757,50.0,-12.03,0.857,0.256,0.0849,3.552,2.128,3,DIELECTRIC_FAULT,1
61.99,56.25,24.04,400.29,33.99,0.89,58.36,0.954,49.86,5.74,0.68,0.0507,-0.0117,0.846,0.778,0,NORMAL,0
59.48,54.42,28.37,390.39,31.35,1.13,52.58,0.966,50.0,5.06,0.612,-0.0198,0.0226,0.99,1.534,0,NORMAL,0
68.27,58.62,23.66,404.09,47.69,1.11,77.49,0.933,49.94,9.65,0.964,-0.0204,0.0089,0.293,1.036,0,NORMAL,0
63.82,54.86,23.29,401.61,37.05,1.97,57.84,0.951,50.04,8.96,0.744,0.0633,-0.0314,0.883,1.565,0,NORMAL,0
62.67,53.62,26.4,399.29,31.51,1.87,57.98,0.963,49.99,9.06,0.629,-0.0,-0.0315,0.318,1.167,0,NORMAL,0
66.64,61.4,24.48,390.57,38.5,9.57,70.27,0.916,49.92,5.24,0.752,-0.0955,0.4541,1.309,2.703,2,MECHANICAL_FAULT,1
60.86,54.53,23.73,403.28,26.23,2.06,45.76,0.939,50.07,6.33,0.529,0.0133,-0.0358,0.519,1.136,0,NORMAL,0
104.74,91.24,40.1,395.01,62.44,2.83,107.5,0.921,49.9,13.5,1.233,0.65,0.0104,2.515,6.014,1,THERMAL_OVERLOAD,1
67.73,57.96,22.0,397.56,40.32,0.96,66.65,0.94,49.98,9.77,0.801,-0.046,0.0087,0.854,1.073,0,NORMAL,0
64.26,57.49,26.25,394.08,35.83,7.96,68.9,0.92,50.05,6.77,0.706,0.0473,0.2979,1.379,1.844,2,MECHANICAL_FAULT,1
59.34,54.93,25.35,399.57,31.83,1.49,55.25,0.945,50.09,4.41,0.636,-0.0095,0.0189,1.081,1.593,0,NORMAL,0
65.59,55.86,24.87,395.04,40.06,1.92,68.23,0.942,49.99,9.73,0.791,-0.0139,0.0009,0.978,1.787,0,NORMAL,0
71.87,63.84,24.28,394.47,47.97,5.6,84.75,0.949,50.02,8.03,0.946,-0.0271,0.2363,1.279,1.53,2,MECHANICAL_FAULT,1
61.04,54.36,26.8,395.0,31.68,1.91,53.46,0.98,49.98,6.68,0.626,0.0756,0.0193,1.147,1.099,0,NORMAL,0
65.01,60.91,26.96,395.29,32.91,2.14,54.54,0.932,50.04,4.1,0.651,0.0034,0.0201,0.213,1.313,0,NORMAL,0
73.14,67.76,25.84,402.03,49.99,5.88,84.65,0.94,50.13,5.38,1.005,0.0312,0.2689,0.925,1.502,2,MECHANICAL_FAULT,1
86.63,79.08,57.5,391.07,47.45,2.94,76.95,0.686,49.96,7.55,0.928,0.0906,-0.0396,3.017,2.151,3,DIELECTRIC_FAULT,1
59.48,55.3,27.01,404.85,29.7,2.11,50.62,0.974,50.03,4.18,0.601,0.0248,-0.0345,0.277,0.887,0,NORMAL,0
59.48,50.56,26.63,401.26,28.37,1.34,48.02,0.931,49.92,8.92,0.569,-0.0473,0.0134,0.344,1.912,0,NORMAL,0
61.76,57.53,24.06,398.34,32.8,0.98,54.46,0.956,50.05,4.22,0.653,-0.0215,0.0136,0.823,0.628,0,NORMAL,0
66.87,58.94,26.24,392.75,42.15,1.87,70.86,0.932,50.07,7.93,0.828,0.0116,0.0218,0.763,1.437,0,NORMAL,0
104.06,92.77,29.8,386.44,61.69,2.9,98.76,0.899,49.89,11.29,1.192,0.2916,0.1084,4.69,5.387,1,THERMAL_OVERLOAD,1
63.34,55.99,24.27,402.03,42.61,2.08,68.69,0.95,50.03,7.35,0.857,-0.0081,0.0044,0.651,1.908,0,NORMAL,0
63.04,58.18,23.42,396.33,37.92,1.77,62.57,0.94,50.04,4.86,0.751,-0.007,0.0008,0.619,0.527,0,NORMAL,0
65.45,57.39,22.41,403.85,40.08,10.73,74.59,0.939,50.02,8.07,0.809,0.0184,0.2825,1.417,2.041,2,MECHANICAL_FAULT,1
102.8,96.98,32.25,403.52,77.13,3.67,119.72,0.912,49.89,5.82,1.556,0.2813,-0.0288,5.553,4.245,1,THERMAL_OVERLOAD,1
63.28,57.73,24.99,401.17,41.24,0.91,64.77,0.947,49.92,5.54,0.827,-0.0897,-0.0031,0.661,1.819,0,NORMAL,0
66.54,59.98,24.14,397.75,39.66,0.81,67.81,0.945,49.91,6.56,0.789,0.062,-0.0171,0.837,1.376,0,NORMAL,0
112.11,95.28,31.29,397.23,84.8,2.15,130.52,0.893,49.8,16.83,1.684,0.2174,-0.0671,4.384,3.356,1,THERMAL_OVERLOAD,1
64.73,59.66,26.5,407.06,35.75,2.13,63.29,0.937,49.97,5.06,0.728,-0.0449,-0.0002,0.26,0.988,0,NORMAL,0
63.83,58.65,22.7,405.7,35.59,1.44,61.22,0.974,49.92,5.18,0.722,0.0306,-0.0355,0.287,0.505,0,NORMAL,0
89.79,94.21,10.98,367.57,50.85,2.8,89.68,0.78,49.91,-4.43,0.935,0.3463,-0.0201,3.314,4.924,3,DIELECTRIC_FAULT,1
101.41,97.16,29.91,404.39,70.22,3.68,107.76,0.886,49.98,4.25,1.42,0.7238,0.0618,6.324,4.238,1,THERMAL_OVERLOAD,1
103.69,86.89,38.29,400.51,86.71,3.23,130.82,0.923,49.94,16.8,1.736,0.5807,0.0738,3.414,5.528,1,THERMAL_OVERLOAD,1
65.83,60.38,24.33,392.74,36.69,0.82,59.08,0.944,49.99,5.45,0.721,-0.016,-0.0145,0.276,1.012,0,NORMAL,0
56.94,48.31,20.24,395.14,25.92,1.77,46.74,0.96,49.98,8.63,0.512,-0.0069,-0.0103,1.179,1.225,0,NORMAL,0
92.19,100.48,28.07,398.31,83.96,3.14,125.7,0.882,49.76,-8.29,1.672,0.307,0.0366,5.604,4.164,1,THERMAL_OVERLOAD,1
59.64,51.35,27.8,401.78,29.51,1.38,48.6,0.932,50.06,8.29,0.593,0.0201,0.0214,0.673,1.85,0,NORMAL,0
65.3,60.85,23.38,395.1,43.11,1.21,74.29,0.973,50.04,4.44,0.852,0.0112,-0.0021,0.429,1.582,0,NORMAL,0
66.82,59.58,23.61,400.45,46.7,2.0,74.97,0.935,49.97,7.24,0.935,-0.0435,-0.0081,1.03,1.839,0,NORMAL,0
61.18,54.72,21.47,399.9,28.63,1.2,47.86,0.944,49.98,6.46,0.573,-0.0033,0.0292,0.897,1.861,0,NORMAL,0
70.6,63.66,27.47,396.3,43.76,1.25,72.75,0.953,49.99,6.94,0.867,-0.0192,-0.0154,0.86,0.675,0,NORMAL,0
64.15,57.13,26.33,399.58,33.89,2.04,55.46,0.946,49.94,7.02,0.677,-0.0461,0.0218,0.993,1.212,0,NORMAL,0
88.08,93.83,29.6,395.62,85.96,3.5,131.81,0.881,49.95,-5.75,1.7,0.5526,0.0089,5.458,5.122,1,THERMAL_OVERLOAD,1
63.65,58.25,23.59,396.73,39.88,0.94,66.74,0.975,49.95,5.4,0.791,0.008,0.0179,0.262,1.706,0,NORMAL,0
65.27,56.7,25.56,396.57,43.91,1.03,70.9,0.931,50.06,8.58,0.871,0.0137,0.0364,0.851,1.72,0,NORMAL,0
65.39,56.86,27.95,395.93,33.66,5.83,64.68,0.927,50.07,8.53,0.666,0.0349,0.6437,1.431,1.004,2,MECHANICAL_FAULT,1
85.45,91.0,55.03,370.92,38.01,3.69,71.4,0.76,49.71,-5.55,0.705,0.3517,0.1048,1.9,2.694,3,DIELECTRIC_FAULT,1
101.75,82.62,35.31,395.44,74.58,2.93,118.29,0.913,49.88,19.12,1.475,0.2606,-0.0426,4.785,5.981,1,THERMAL_OVERLOAD,1
62.91,53.83,26.23,397.87,32.65,2.17,52.24,0.938,50.04,9.08,0.65,0.0263,-0.0156,0.377,1.87,0,NORMAL,0
89.09,94.8,26.99,400.79,67.23,2.46,100.08,0.888,49.97,-5.71,1.347,0.6506,0.0489,2.545,4.14,1,THERMAL_OVERLOAD,1
63.31,55.13,21.4,401.77,40.4,1.92,66.33,0.956,50.01,8.18,0.812,0.0138,0.029,0.637,1.94,0,NORMAL,0
60.97,55.87,25.03,404.6,29.98,0.89,49.78,0.937,50.05,5.1,0.606,-0.0057,-0.0016,0.509,0.59,0,NORMAL,0
61.17,52.65,26.91,402.35,25.91,1.47,47.42,0.962,50.06,8.52,0.521,0.0033,-0.0083,0.978,1.251,0,NORMAL,0
68.13,62.14,24.7,399.94,45.05,1.22,73.9,0.946,49.98,5.98,0.901,0.0139,-0.011,0.322,1.452,0,NORMAL,0
75.71,91.71,8.81,395.86,25.31,3.74,55.22,0.725,50.02,-15.99,0.501,0.353,-0.1,2.145,2.703,3,DIELECTRIC_FAULT,1
72.04,80.98,57.22,365.87,35.61,2.71,67.44,0.782,49.6,-8.95,0.651,0.2796,0.1024,1.506,4.665,3,DIELECTRIC_FAULT,1
93.17,96.02,25.33,390.4,68.69,2.09,110.78,0.903,49.88,-2.85,1.341,0.4588,0.0655,2.772,5.421,1,THERMAL_OVERLOAD,1
66.96,57.49,26.99,399.82,35.63,1.16,61.58,0.938,49.89,9.47,0.712,-0.0159,0.0104,0.643,1.932,0,NORMAL,0
66.88,60.3,28.74,391.63,38.36,1.78,65.34,0.939,50.02,6.57,0.751,-0.0791,0.0001,1.071,1.447,0,NORMAL,0
61.14,52.08,26.61,399.72,32.4,2.13,50.21,0.942,50.08,9.06,0.648,0.033,-0.0027,0.752,0.87,0,NORMAL,0
63.56,58.52,24.58,397.98,43.62,1.94,68.79,0.943,50.01,5.04,0.868,-0.0041,-0.0158,0.344,0.909,0,NORMAL,0
63.58,57.5,22.74,397.56,41.03,1.4,65.17,0.969,50.07,6.08,0.816,-0.0023,-0.0368,1.01,0.857,0,NORMAL,0
112.58,94.63,28.02,386.53,85.45,2.33,128.95,0.9,49.81,17.95,1.651,0.6391,0.0419,5.34,4.083,1,THERMAL_OVERLOAD,1
59.3,53.03,24.68,401.45,33.76,1.95,57.99,0.976,50.03,6.27,0.678,-0.0398,0.0181,1.099,1.202,0,NORMAL,0
64.79,60.27,21.81,400.93,43.71,1.44,70.98,0.955,49.97,4.51,0.876,0.0049,-0.0016,0.389,1.638,0,NORMAL,0
66.48,62.03,25.64,398.94,38.83,1.58,67.34,0.936,50.05,4.45,0.775,0.0492,-0.0355,0.938,1.842,0,NORMAL,0
61.18,53.88,23.93,393.63,28.3,0.91,51.96,0.977,50.07,7.3,0.557,-0.0233,-0.0139,0.968,0.607,0,NORMAL,0
72.1,64.59,24.93,399.98,43.46,11.19,73.34,0.937,50.06,7.51,0.869,0.0075,0.2088,0.931,2.365,2,MECHANICAL_FAULT,1
62.42,58.02,25.04,401.75,38.82,1.45,63.1,0.978,49.95,4.41,0.78,-0.0297,0.0448,0.556,1.921,0,NORMAL,0
74.51,67.7,25.18,399.71,35.18,8.45,65.78,0.908,49.87,6.81,0.703,0.0467,0.1773,1.369,1.09,2,MECHANICAL_FAULT,1
73.95,77.37,54.5,407.88,42.1,3.21,81.49,0.713,49.74,-3.41,0.859,0.1885,0.0834,3.282,4.167,3,DIELECTRIC_FAULT,1
109.1,116.41,52.14,336.79,118.72,8.74,135.26,0.67,49.02,-7.31,1.999,1.2478,0.7761,5.33,12.399,4,CRITICAL_FAILURE,1
62.56,54.29,23.24,401.72,35.88,1.65,63.11,0.972,50.03,8.27,0.721,-0.0077,-0.0126,0.295,0.885,0,NORMAL,0
111.0,85.39,30.24,401.24,86.27,3.93,132.98,0.918,49.89,25.61,1.731,0.6394,0.0213,2.723,3.742,1,THERMAL_OVERLOAD,1
65.19,55.67,27.06,399.94,42.78,1.1,68.21,0.968,50.01,9.51,0.855,0.0102,0.0069,0.985,0.956,0,NORMAL,0
64.02,56.99,22.27,404.02,42.4,2.12,72.34,0.974,49.99,7.03,0.857,-0.0255,0.0035,0.394,1.788,0,NORMAL,0
63.03,58.68,21.06,398.0,34.58,1.02,59.48,0.977,49.96,4.35,0.688,0.0021,-0.0076,0.939,1.625,0,NORMAL,0
61.99,53.9,22.15,390.77,41.4,10.12,73.81,0.903,50.02,8.08,0.809,-0.0147,0.2657,0.91,1.827,2,MECHANICAL_FAULT,1
59.05,49.54,25.64,397.27,31.6,1.15,50.14,0.936,50.08,9.52,0.628,0.0052,-0.0046,0.647,0.986,0,NORMAL,0
63.46,58.59,23.67,410.88,31.76,2.09,58.6,0.949,50.07,4.88,0.652,0.0133,-0.012,0.768,1.08,0,NORMAL,0
61.24,51.28,28.19,399.74,30.5,0.81,48.04,0.955,50.01,9.96,0.61,0.0253,0.0142,0.358,1.128,0,NORMAL,0
62.43,56.54,22.26,403.69,35.08,2.0,54.67,0.966,49.98,5.89,0.708,0.0153,-0.0234,0.292,1.275,0,NORMAL,0
68.4,64.31,28.06,404.86,46.25,1.52,77.68,0.944,50.02,4.09,0.936,0.0089,0.0216,0.779,1.489,0,NORMAL,0
62.64,58.15,25.12,395.85,39.61,0.89,59.52,0.951,49.86,4.48,0.784,-0.0219,0.0143,0.807,1.903,0,NORMAL,0
61.65,52.46,25.38,403.42,34.8,2.13,57.16,0.971,50.05,9.19,0.702,0.0545,-0.0236,0.322,1.327,0,NORMAL,0
60.33,51.56,26.13,396.75,35.93,2.04,57.84,0.933,50.03,8.77,0.713,0.0124,0.007,0.294,1.286,0,NORMAL,0
88.31,88.59,49.19,368.34,34.44,3.72,67.77,0.715,49.88,-0.27,0.634,0.1336,0.0975,2.509,3.53,3,DIELECTRIC_FAULT,1
60.76,53.26,23.86,401.53,31.26,2.13,47.59,0.932,50.03,7.5,0.628,-0.0451,0.021,0.959,0.654,0,NORMAL,0
64.04,58.0,24.53,404.6,41.53,1.04,68.63,0.947,50.01,6.03,0.84,-0.0523,-0.0211,0.964,0.645,0,NORMAL,0
88.69,103.73,33.01,409.5,70.65,3.62,108.72,0.925,49.83,-15.03,1.447,0.7165,0.0013,6.085,6.65,1,THERMAL_OVERLOAD,1
61.65,53.45,22.5,403.67,35.86,1.46,62.9,0.956,50.07,8.19,0.724,0.0146,0.0024,0.763,1.504,0,NORMAL,0
60.71,51.17,20.88,391.89,32.72,1.68,52.15,0.934,49.93,9.54,0.641,0.0236,0.0151,0.674,1.934,0,NORMAL,0
117.07,101.85,28.82,399.49,63.01,2.11,101.43,0.9,50.02,15.22,1.259,0.4137,-0.0374,5.212,5.193,1,THERMAL_OVERLOAD,1
69.09,62.62,23.8,401.81,43.96,11.2,81.76,0.96,49.95,6.46,0.883,-0.01,0.1421,1.907,2.519,2,MECHANICAL_FAULT,1
62.07,56.57,29.3,395.5,30.4,1.32,49.5,0.935,50.02,5.5,0.601,-0.0064,0.0046,0.233,1.995,0,NORMAL,0
71.91,63.33,24.55,390.2,46.89,11.41,83.17,0.926,50.05,8.58,0.915,0.0101,0.148,1.701,1.355,2,MECHANICAL_FAULT,1
67.38,61.98,28.23,399.43,44.06,0.95,70.87,0.944,49.97,5.4,0.88,-0.0026,-0.0117,1.027,0.537,0,NORMAL,0
67.97,58.23,27.42,401.11,45.95,2.14,77.09,0.933,50.0,9.74,0.922,-0.0372,0.0031,1.164,1.427,0,NORMAL,0
60.97,54.93,28.1,407.16,35.5,1.69,61.59,0.96,49.96,6.04,0.723,-0.0138,-0.0234,0.829,1.872,0,NORMAL,0
60.7,53.29,22.1,393.39,43.19,5.33,78.73,0.906,50.02,7.41,0.85,-0.0149,0.2946,1.325,2.9,2,MECHANICAL_FAULT,1
117.03,94.21,34.95,388.57,61.45,3.13,95.19,0.901,50.06,22.83,1.194,0.5433,0.032,5.065,4.89,1,THERMAL_OVERLOAD,1
60.59,51.41,25.27,398.64,32.7,2.15,55.18,0.942,49.98,9.17,0.652,-0.0012,-0.022,0.47,0.81,0,NORMAL,0
58.45,52.87,21.19,398.34,28.05,1.03,46.86,0.964,49.93,5.58,0.559,0.0021,0.0173,0.272,0.721,0,NORMAL,0
59.72,52.5,25.63,396.34,26.94,1.1,48.09,0.98,50.02,7.22,0.534,0.0446,0.0063,1.163,1.679,0,NORMAL,0
72.2,65.91,23.09,401.59,32.49,6.59,61.16,0.915,49.84,6.29,0.652,0.0754,0.3826,1.774,2.005,2,MECHANICAL_FAULT,1
61.87,53.0,23.87,399.35,39.07,1.49,62.89,0.973,49.91,8.87,0.78,-0.0219,0.0057,1.065,1.748,0,NORMAL,0
65.01,55.22,25.23,405.24,48.07,1.2,72.13,0.97,49.93,9.79,0.974,0.0562,0.0216,0.998,1.094,0,NORMAL,0
115.39,101.36,59.05,342.52,106.73,9.38,143.89,0.749,48.65,14.02,1.828,1.5081,0.4622,5.654,8.123,4,CRITICAL_FAILURE,1
86.05,79.61,44.36,420.9,46.22,3.54,85.83,0.824,49.67,6.45,0.973,0.3112,0.0381,3.133,3.355,3,DIELECTRIC_FAULT,1
67.32,59.57,24.11,397.86,40.49,2.14,68.99,0.975,50.03,7.74,0.805,-0.0736,-0.0223,0.325,0.57,0,NORMAL,0
56.27,48.74,27.17,401.73,40.5,10.63,82.43,0.925,49.9,7.53,0.813,-0.0747,0.4559,1.609,1.295,2,MECHANICAL_FAULT,1
65.41,57.22,26.28,400.33,38.64,1.78,65.33,0.978,50.04,8.19,0.773,0.0513,0.0242,1.049,1.505,0,NORMAL,0
100.23,93.24,36.88,380.88,83.54,2.13,128.99,0.911,49.81,6.99,1.591,0.7862,-0.0435,2.896,6.436,1,THERMAL_OVERLOAD,1
64.51,57.03,23.81,404.16,31.29,1.36,56.66,0.962,49.98,7.48,0.632,-0.0444,-0.011,0.217,1.225,0,NORMAL,0
62.3,54.36,20.32,394.1,29.21,1.74,51.57,0.951,50.06,7.94,0.576,0.0169,0.0158,0.741,1.816,0,NORMAL,0
67.44,58.28,26.59,400.89,41.21,1.98,66.09,0.966,49.91,9.16,0.826,0.0001,0.0061,1.038,0.711,0,NORMAL,0
62.1,56.06,24.59,400.83,36.36,1.07,61.6,0.94,50.06,6.04,0.729,-0.0229,0.0175,0.967,0.809,0,NORMAL,0
63.17,53.89,25.98,397.92,31.54,2.11,49.38,0.976,50.09,9.29,0.628,0.0166,0.0046,0.63,0.557,0,NORMAL,0
59.78,50.2,26.17,406.67,29.39,1.78,50.85,0.958,50.03,9.59,0.598,0.0349,-0.0124,0.265,0.83,0,NORMAL,0
58.2,50.39,26.66,394.49,45.96,6.15,82.48,0.957,49.96,7.8,0.907,0.0173,0.1998,1.149,2.408,2,MECHANICAL_FAULT,1
65.03,56.43,27.3,393.22,41.92,0.86,70.2,0.936,49.98,8.61,0.824,-0.039,-0.0086,0.855,1.564,0,NORMAL,0
64.62,57.47,26.12,397.89,41.98,1.74,74.82,0.973,49.95,7.14,0.835,0.046,0.0067,0.678,0.507,0,NORMAL,0
63.66,57.31,25.41,392.91,34.35,1.6,55.94,0.962,50.01,6.36,0.675,0.0432,0.0058,0.751,0.667,0,NORMAL,0
58.51,53.2,23.53,400.59,37.47,10.63,70.17,0.914,49.97,5.31,0.75,0.1015,0.4788,1.046,1.154,2,MECHANICAL_FAULT,1
64.8,56.26,25.58,397.0,35.37,1.26,63.89,0.967,50.05,8.54,0.702,-0.0164,-0.0267,0.755,1.291,0,NORMAL,0
62.4,54.69,22.2,398.63,36.98,1.62,63.64,0.958,49.99,7.72,0.737,-0.0267,0.0011,1.127,1.388,0,NORMAL,0
116.11,106.4,63.81,350.45,91.82,11.56,129.99,0.772,48.31,9.72,1.609,1.1145,0.9544,5.882,9.483,4,CRITICAL_FAILURE,1
63.55,57.5,25.78,394.63,35.37,1.88,56.8,0.958,50.0,6.05,0.698,0.0308,0.0528,0.949,1.947,0,NORMAL,0
67.73,58.84,22.2,399.41,41.36,2.15,69.99,0.967,49.91,8.88,0.826,-0.0185,0.0064,0.71,1.517,0,NORMAL,0
65.82,60.81,27.1,407.23,43.98,1.97,73.81,0.957,50.03,5.01,0.896,-0.0255,0.0497,0.661,1.743,0,NORMAL,0
129.39,114.63,59.9,336.57,106.22,13.56,154.77,0.741,49.03,14.77,1.788,1.9473,0.8879,7.755,6.809,4,CRITICAL_FAILURE,1
101.16,97.6,34.34,401.83,82.41,2.06,128.67,0.933,49.98,3.57,1.656,0.6896,0.0401,3.646,4.092,1,THERMAL_OVERLOAD,1
65.45,57.75,21.95,395.63,34.76,1.29,57.6,0.97,49.95,7.7,0.688,0.0104,0.0015,1.033,1.229,0,NORMAL,0
60.6,52.68,24.47,398.07,30.48,0.97,54.48,0.931,50.04,7.92,0.607,-0.0426,-0.01,0.523,0.863,0,NORMAL,0
61.21,54.34,25.14,402.11,31.46,1.59,47.48,0.96,50.06,6.87,0.632,-0.0092,0.0046,0.922,1.856,0,NORMAL,0
67.64,63.36,22.07,399.8,44.92,0.8,75.1,0.962,50.06,4.29,0.898,-0.0049,-0.0175,0.278,1.308,0,NORMAL,0
63.98,58.12,22.06,402.06,41.06,1.56,66.63,0.934,49.94,5.86,0.826,-0.0192,0.0132,0.877,1.705,0,NORMAL,0
62.14,56.58,26.01,390.23,38.81,10.48,69.81,0.904,49.93,5.56,0.757,-0.0862,0.2235,1.262,1.836,2,MECHANICAL_FAULT,1
60.55,53.06,25.34,405.5,25.73,0.89,46.32,0.931,49.92,7.5,0.522,0.026,-0.0226,0.237,1.596,0,NORMAL,0
65.89,61.57,23.38,404.41,35.35,1.05,57.54,0.961,50.06,4.32,0.715,0.0191,0.0312,0.884,1.945,0,NORMAL,0
64.99,56.86,25.01,393.22,42.83,5.72,73.87,0.934,49.9,8.14,0.842,0.0888,0.6353,1.398,2.353,2,MECHANICAL_FAULT,1
62.8,54.76,25.69,396.95,30.44,1.31,52.66,0.978,49.99,8.03,0.604,0.0281,0.0093,1.183,1.175,0,NORMAL,0
65.42,57.81,23.98,400.77,45.72,1.8,76.64,0.946,50.1,7.61,0.916,0.0118,0.0221,0.972,0.597,0,NORMAL,0
65.04,56.68,24.22,398.36,40.14,2.12,66.49,0.955,49.96,8.36,0.8,-0.0218,-0.0007,0.83,0.618,0,NORMAL,0
90.32,93.63,28.39,392.74,79.14,2.84,126.45,0.914,49.95,-3.31,1.554,0.2591,0.055,5.4,5.544,1,THERMAL_OVERLOAD,1
104.01,83.33,35.32,409.58,78.79,3.99,119.28,0.939,49.75,20.68,1.614,0.2781,0.0261,2.728,5.447,1,THERMAL_OVERLOAD,1
91.32,76.76,8.38,377.22,32.48,1.98,57.13,0.696,49.56,14.56,0.613,0.239,0.0968,3.379,2.548,3,DIELECTRIC_FAULT,1
127.83,103.11,48.47,337.92,121.35,12.11,151.2,0.738,48.41,24.72,2.05,0.6729,0.699,6.42,9.439,4,CRITICAL_FAILURE,1
61.64,55.14,24.51,401.86,26.27,1.17,47.61,0.937,50.01,6.5,0.528,0.0097,-0.0066,0.852,0.524,0,NORMAL,0
67.02,59.81,26.23,403.24,46.68,1.56,73.96,0.975,49.98,7.21,0.941,-0.0032,-0.0095,1.148,0.874,0,NORMAL,0
81.48,75.74,56.22,397.49,44.42,2.99,83.55,0.749,49.57,5.74,0.883,0.3086,-0.0047,3.09,4.67,3,DIELECTRIC_FAULT,1
59.97,52.95,21.15,395.86,29.65,0.9,49.21,0.977,50.04,7.02,0.587,0.0174,0.0093,0.567,1.641,0,NORMAL,0
67.59,61.15,27.15,403.78,39.23,2.01,64.91,0.969,50.01,6.44,0.792,0.0413,-0.0083,0.588,1.496,0,NORMAL,0
60.34,54.37,27.41,397.91,38.88,1.63,64.69,0.98,49.98,5.97,0.774,-0.0208,0.0176,0.464,1.004,0,NORMAL,0
125.27,115.82,58.9,345.91,100.83,8.73,124.43,0.705,48.29,9.45,1.744,1.4474,0.7008,7.004,10.335,4,CRITICAL_FAILURE,1
64.27,54.46,25.28,396.3,32.93,0.88,54.78,0.96,50.01,9.81,0.653,0.0073,-0.0249,0.584,1.378,0,NORMAL,0
65.98,60.75,18.06,398.38,46.82,1.63,74.51,0.939,50.04,5.23,0.933,-0.0126,-0.0521,1.011,1.754,0,NORMAL,0
72.22,63.99,23.9,402.01,46.3,10.52,82.27,0.957,50.08,8.23,0.931,0.0489,0.5851,1.3,1.991,2,MECHANICAL_FAULT,1
75.51,95.16,43.85,367.92,40.89,2.82,77.79,0.735,50.01,-19.65,0.752,0.1434,0.0157,2.294,2.596,3,DIELECTRIC_FAULT,1
65.28,57.33,27.42,400.9,40.33,1.01,66.04,0.954,49.97,7.95,0.808,-0.0528,-0.0184,0.217,1.095,0,NORMAL,0
74.77,66.33,26.92,397.74,35.98,5.6,61.11,0.947,50.01,8.45,0.716,0.0474,0.2088,0.948,2.124,2,MECHANICAL_FAULT,1
61.61,55.83,23.65,394.19,33.69,1.68,54.4,0.971,50.09,5.78,0.664,0.0244,-0.0378,0.978,1.573,0,NORMAL,0
74.72,68.37,24.22,390.42,32.23,11.23,65.35,0.92,50.02,6.35,0.629,-0.0428,0.4142,1.543,1.604,2,MECHANICAL_FAULT,1
65.85,57.43,25.87,392.41,39.74,1.6,63.23,0.963,49.97,8.42,0.78,0.0118,0.0125,1.05,1.114,0,NORMAL,0
70.62,94.83,7.61,399.69,38.3,1.92,64.57,0.689,49.81,-24.21,0.765,0.3509,0.0008,2.365,3.046,3,DIELECTRIC_FAULT,1
62.0,53.83,22.15,398.51,30.56,1.25,50.4,0.971,50.05,8.17,0.609,0.0044,0.0102,0.22,0.865,0,NORMAL,0
58.94,49.2,25.16,400.95,35.27,1.94,57.89,0.969,49.99,9.74,0.707,0.0237,0.0025,0.335,0.868,0,NORMAL,0
76.89,69.3,27.45,404.36,35.61,7.11,63.47,0.917,49.96,7.59,0.72,-0.0243,0.3154,1.492,1.433,2,MECHANICAL_FAULT,1
65.24,57.3,26.1,402.87,37.9,1.6,63.87,0.966,49.96,7.94,0.763,0.0176,0.0011,0.827,1.361,0,NORMAL,0
57.19,47.51,22.47,396.81,30.95,1.46,50.39,0.957,50.06,9.69,0.614,0.0421,-0.0094,1.131,0.63,0,NORMAL,0
108.54,100.9,53.85,331.3,106.09,9.37,133.11,0.682,48.47,7.64,1.757,1.0087,0.7564,10.977,12.856,4,CRITICAL_FAILURE,1
63.92,56.61,23.23,403.52,41.98,2.05,70.16,0.96,49.98,7.31,0.847,0.0054,0.0257,0.42,1.006,0,NORMAL,0
87.13,91.69,6.63,387.05,39.64,3.08,75.57,0.724,49.82,-4.57,0.767,0.1972,0.1498,2.325,4.17,3,DIELECTRIC_FAULT,1
94.44,99.63,38.07,396.32,87.59,3.72,134.46,0.899,49.95,-5.19,1.736,0.7896,0.0255,5.238,4.644,1,THERMAL_OVERLOAD,1
76.11,94.63,57.52,378.44,33.44,1.82,55.56,0.696,49.82,-18.52,0.633,0.2919,0.1126,3.363,2.901,3,DIELECTRIC_FAULT,1
63.91,56.4,25.42,400.65,43.31,1.71,71.97,0.946,49.93,7.51,0.868,-0.0121,-0.0034,1.157,1.705,0,NORMAL,0
65.02,59.59,24.75,396.49,38.75,0.96,66.52,0.933,49.97,5.43,0.768,-0.0415,-0.0008,0.565,1.601,0,NORMAL,0
68.6,58.72,26.11,400.49,44.69,1.65,77.3,0.941,50.0,9.89,0.895,-0.0301,0.0129,0.539,0.841,0,NORMAL,0
67.5,59.83,26.62,399.04,41.5,1.46,70.84,0.979,50.04,7.68,0.828,0.0143,0.0177,0.932,1.619,0,NORMAL,0
117.02,103.33,33.85,398.41,74.19,3.24,113.3,0.924,49.92,13.68,1.478,0.7666,0.149,5.452,6.439,1,THERMAL_OVERLOAD,1
67.62,57.7,27.19,392.85,42.37,1.12,71.78,0.963,50.04,9.92,0.832,0.006,0.0095,0.768,0.912,0,NORMAL,0
67.92,60.08,23.98,396.57,44.31,1.34,72.75,0.976,49.91,7.84,0.879,0.0129,-0.0295,0.561,1.495,0,NORMAL,0
63.33,57.53,24.9,401.36,36.05,1.44,59.85,0.937,50.02,5.8,0.723,-0.0573,-0.0048,1.194,0.777,0,NORMAL,0
66.97,57.48,23.95,404.71,39.55,1.4,63.11,0.942,50.04,9.49,0.8,-0.0531,-0.0141,0.962,1.749,0,NORMAL,0
76.68,68.89,23.57,399.72,31.74,6.74,60.17,0.906,50.02,7.78,0.634,-0.0347,0.2207,1.073,1.285,2,MECHANICAL_FAULT,1
102.66,86.38,28.92,398.34,65.36,2.88,105.24,0.925,50.01,16.29,1.302,0.6117,-0.0146,6.186,3.032,1,THERMAL_OVERLOAD,1
64.14,58.34,26.99,404.12,36.45,1.8,57.96,0.952,49.94,5.8,0.736,0.0124,0.0157,0.858,0.831,0,NORMAL,0
89.81,99.64,29.35,391.05,76.61,2.59,114.01,0.89,49.8,-9.83,1.498,0.5703,0.0757,4.171,4.337,1,THERMAL_OVERLOAD,1
85.33,91.89,51.82,367.29,33.91,3.6,62.97,0.824,49.53,-6.55,0.623,0.3631,0.0514,2.021,2.801,3,DIELECTRIC_FAULT,1
66.88,59.96,24.13,402.44,41.8,0.81,69.6,0.96,49.91,6.92,0.841,0.0571,0.0202,0.988,0.602,0,NORMAL,0
66.27,60.55,24.62,403.51,44.52,0.93,75.94,0.955,50.05,5.72,0.898,0.025,-0.0035,0.488,0.656,0,NORMAL,0
133.19,99.15,62.1,342.14,119.66,11.04,143.3,0.756,49.12,34.04,2.047,1.6506,0.684,8.199,10.966,4,CRITICAL_FAILURE,1
59.21,53.51,25.21,400.86,26.28,1.41,46.19,0.959,50.03,5.69,0.527,0.0485,0.0021,0.482,1.03,0,NORMAL,0
62.4,54.23,26.79,406.07,39.61,1.37,64.12,0.972,49.97,8.17,0.804,0.0188,0.0117,0.75,1.336,0,NORMAL,0
62.41,53.64,22.57,398.77,31.29,2.1,48.19,0.942,49.95,8.77,0.624,-0.0095,0.0243,0.721,1.435,0,NORMAL,0
57.13,52.33,24.94,403.56,28.72,1.68,49.71,0.933,49.96,4.8,0.58,0.0336,0.0,0.247,0.914,0,NORMAL,0
63.27,58.56,23.5,402.35,36.89,0.83,63.14,0.949,49.99,4.7,0.742,-0.0034,0.0376,0.939,1.506,0,NORMAL,0
66.06,56.15,28.17,400.03,32.77,1.64,54.63,0.963,49.99,9.9,0.656,-0.0059,0.0203,0.787,1.164,0,NORMAL,0
65.54,57.05,22.81,394.7,48.7,1.28,75.14,0.955,50.04,8.49,0.961,0.0239,-0.0004,0.228,0.973,0,NORMAL,0
61.22,52.74,27.41,395.43,35.38,2.04,56.31,0.968,50.03,8.48,0.699,0.0338,-0.0143,0.661,0.57,0,NORMAL,0
64.93,55.76,23.62,402.97,44.08,2.05,72.83,0.943,50.06,9.18,0.888,-0.0085,0.0131,0.718,1.867,0,NORMAL,0
63.25,55.5,27.06,396.85,33.56,1.09,55.64,0.972,50.04,7.75,0.666,-0.0421,-0.0078,0.743,1.795,0,NORMAL,0
76.11,69.2,25.44,396.43,36.36,10.19,67.7,0.942,50.01,6.91,0.721,0.0159,0.2433,1.029,2.041,2,MECHANICAL_FAULT,1
114.75,118.27,63.11,341.19,115.52,13.03,156.83,0.664,48.99,-3.51,1.971,1.5956,0.8517,10.17,7.21,4,CRITICAL_FAILURE,1
76.37,69.07,19.96,398.94,31.82,7.21,60.29,0.921,49.92,7.29,0.635,-0.006,0.1968,1.377,1.541,2,MECHANICAL_FAULT,1
61.73,56.0,25.73,402.91,36.38,1.79,64.34,0.95,49.99,5.72,0.733,-0.0197,-0.015,0.472,1.362,0,NORMAL,0
65.94,60.79,24.97,407.87,44.34,1.91,71.58,0.978,49.94,5.15,0.904,0.0189,-0.0125,0.207,1.523,0,NORMAL,0
69.55,65.35,24.28,399.71,44.79,0.99,71.78,0.973,49.94,4.2,0.895,-0.0375,0.0196,0.282,1.649,0,NORMAL,0
84.06,86.3,10.53,363.92,31.88,3.01,65.49,0.819,49.99,-2.23,0.58,0.169,0.0113,2.604,3.843,3,DIELECTRIC_FAULT,1
62.55,57.79,30.86,400.0,38.19,2.16,62.53,0.963,50.09,4.75,0.764,-0.0294,-0.016,0.328,1.635,0,NORMAL,0
70.95,62.58,25.56,397.86,42.35,1.3,70.97,0.961,50.06,8.37,0.842,0.0669,-0.0264,0.285,0.679,0,NORMAL,0
59.13,49.87,26.75,401.12,29.04,2.12,49.31,0.937,50.02,9.26,0.583,-0.0009,0.0225,0.789,1.063,0,NORMAL,0
64.43,60.35,26.06,401.44,45.34,1.44,72.95,0.955,49.93,4.08,0.91,-0.0355,0.0143,0.481,1.527,0,NORMAL,0
84.3,86.49,8.14,413.02,46.81,2.87,83.19,0.697,49.69,-2.19,0.967,0.3697,-0.0103,2.414,4.747,3,DIELECTRIC_FAULT,1
62.45,57.89,23.03,407.69,37.48,1.41,61.96,0.96,50.02,4.55,0.764,-0.0263,-0.0062,0.422,1.84,0,NORMAL,0
93.77,103.25,30.45,388.85,73.05,3.62,111.9,0.899,50.01,-9.48,1.42,0.8496,-0.046,4.363,6.243,1,THERMAL_OVERLOAD,1
67.53,62.11,23.56,398.9,42.63,1.95,72.72,0.951,50.04,5.42,0.85,-0.0202,0.0056,0.824,1.178,0,NORMAL,0
61.12,55.11,25.57,400.51,30.97,1.13,53.59,0.93,50.04,6.01,0.62,0.0502,-0.0042,1.113,0.661,0,NORMAL,0
57.63,52.07,23.96,398.35,34.69,6.51,62.93,0.924,50.09,5.56,0.691,0.0448,0.5979,1.658,2.32,2,MECHANICAL_FAULT,1
63.54,55.23,23.62,396.65,47.65,11.87,77.27,0.925,49.99,8.31,0.945,0.021,0.1247,0.889,2.439,2,MECHANICAL_FAULT,1
62.15,52.45,27.65,391.56,27.54,2.0,47.33,0.97,50.04,9.7,0.539,0.008,0.0045,0.3,1.159,0,NORMAL,0
88.95,86.27,8.83,359.32,32.05,2.98,61.24,0.802,50.01,2.68,0.576,0.3089,0.1077,3.454,2.631,3,DIELECTRIC_FAULT,1
59.2,51.66,22.13,395.31,34.31,7.08,60.92,0.951,49.84,7.54,0.678,0.0708,0.5933,1.794,2.64,2,MECHANICAL_FAULT,1
62.16,54.6,26.41,402.08,36.58,1.2,59.93,0.935,49.96,7.56,0.735,0.0129,0.0237,1.01,0.709,0,NORMAL,0
60.87,53.27,25.29,390.39,28.68,1.84,48.44,0.955,49.97,7.6,0.56,0.0058,-0.0148,0.672,0.568,0,NORMAL,0
58.5,53.12,25.62,392.03,31.2,1.86,51.55,0.967,50.04,5.38,0.612,-0.0128,0.0061,0.472,0.905,0,NORMAL,0
60.44,52.69,23.93,402.52,30.42,0.83,49.79,0.962,50.08,7.75,0.612,-0.0251,0.0057,0.662,1.873,0,NORMAL,0
58.52,53.09,30.34,396.61,28.09,0.97,47.62,0.974,49.99,5.43,0.557,0.041,0.0337,1.187,1.442,0,NORMAL,0
122.62,100.26,49.2,349.45,91.63,10.37,137.43,0.75,48.26,22.37,1.601,1.2906,0.5432,6.775,12.929,4,CRITICAL_FAILURE,1
68.35,62.31,28.29,397.6,39.07,9.62,67.96,0.902,49.95,6.04,0.777,0.0451,0.2406,0.801,1.626,2,MECHANICAL_FAULT,1
65.11,55.76,22.73,406.46,39.6,1.46,68.44,0.94,49.96,9.34,0.805,0.0332,0.0121,0.378,1.303,0,NORMAL,0
61.82,54.28,22.42,395.09,34.38,2.08,60.86,0.969,50.01,7.54,0.679,0.0037,-0.0016,0.658,1.078,0,NORMAL,0
62.33,54.36,25.31,396.45,35.62,1.9,52.69,0.959,49.97,7.97,0.706,0.022,0.0215,0.667,1.065,0,NORMAL,0
76.08,70.79,26.93,405.48,37.95,6.93,66.38,0.947,49.94,5.29,0.769,0.0529,0.2179,1.241,1.126,2,MECHANICAL_FAULT,1
65.62,57.05,28.79,398.0,35.33,2.02,61.11,0.941,49.97,8.57,0.703,0.0375,0.0203,0.456,1.401,0,NORMAL,0
63.37,58.99,23.02,393.97,40.92,1.15,69.79,0.946,50.0,4.37,0.806,0.0078,0.0043,0.502,1.788,0,NORMAL,0
112.82,101.66,50.82,334.43,107.34,15.94,123.76,0.654,48.77,11.16,1.795,0.6301,1.0451,9.762,8.059,4,CRITICAL_FAILURE,1
61.86,54.02,23.23,403.64,28.15,2.18,47.33,0.967,49.98,7.84,0.568,0.0203,-0.0026,0.291,0.631,0,NORMAL,0
62.77,52.86,26.52,398.95,44.87,0.95,72.14,0.932,50.01,9.91,0.895,0.0812,-0.0137,0.434,0.776,0,NORMAL,0
67.52,62.11,25.91,391.26,43.7,2.12,76.09,0.95,50.1,5.4,0.855,-0.0032,0.0388,0.713,0.902,0,NORMAL,0
64.56,60.01,28.35,399.67,37.45,1.71,64.92,0.943,50.07,4.55,0.748,0.0243,-0.023,0.907,1.415,0,NORMAL,0
66.8,62.71,22.96,401.31,43.95,1.99,72.44,0.966,50.09,4.09,0.882,0.007,0.0013,0.491,1.959,0,NORMAL,0
62.0,56.11,24.65,402.04,28.05,1.15,47.09,0.943,49.94,5.89,0.564,0.0013,0.0213,0.929,0.554,0,NORMAL,0
61.25,54.14,20.99,402.69,35.28,1.68,59.07,0.97,50.07,7.12,0.71,-0.006,-0.0412,0.858,1.577,0,NORMAL,0
64.68,55.89,29.61,405.35,32.99,1.73,58.21,0.964,49.93,8.79,0.669,-0.0292,0.0201,1.08,0.574,0,NORMAL,0
57.14,49.78,28.51,395.87,29.06,1.8,45.99,0.942,50.02,7.35,0.575,-0.0166,0.006,0.93,1.291,0,NORMAL,0
64.17,56.68,22.97,394.78,35.75,1.92,62.83,0.94,49.97,7.49,0.706,-0.0086,-0.0121,1.164,1.48,0,NORMAL,0
66.76,60.92,26.43,393.19,48.78,1.34,77.76,0.978,50.05,5.83,0.959,-0.0127,-0.0116,0.46,0.807,0,NORMAL,0
111.37,102.3,52.2,335.95,99.31,10.16,146.99,0.746,48.73,9.07,1.668,1.0448,0.676,11.705,7.655,4,CRITICAL_FAILURE,1
64.0,56.04,25.58,395.61,43.22,2.1,70.09,0.978,50.03,7.96,0.855,-0.0177,0.015,0.987,0.611,0,NORMAL,0
64.13,59.4,21.56,399.76,37.71,0.85,64.19,0.957,50.05,4.73,0.754,-0.025,-0.0047,1.002,1.873,0,NORMAL,0
65.14,58.95,28.93,398.83,46.17,1.46,74.75,0.963,50.06,6.19,0.921,0.0031,0.0105,0.265,1.239,0,NORMAL,0
90.61,87.55,53.04,366.4,48.86,2.58,78.31,0.749,49.74,3.06,0.895,0.1749,0.051,3.826,4.099,3,DIELECTRIC_FAULT,1
61.87,57.79,24.71,400.66,40.88,2.1,68.3,0.955,50.0,4.08,0.819,-0.0086,-0.0144,0.246,1.296,0,NORMAL,0
60.73,51.05,24.29,397.62,32.52,0.8,60.87,0.975,49.96,9.68,0.647,0.0162,0.0058,0.844,0.691,0,NORMAL,0
77.84,83.69,7.54,389.02,46.94,1.81,84.89,0.83,50.0,-5.84,0.913,0.0925,0.1092,3.139,3.838,3,DIELECTRIC_FAULT,1
60.07,53.22,23.06,402.03,37.82,1.1,57.75,0.944,49.99,6.85,0.76,-0.0111,0.0036,0.79,1.681,0,NORMAL,0
64.39,58.9,23.79,408.57,40.52,1.42,70.98,0.962,50.09,5.49,0.828,-0.0165,0.0172,0.644,0.533,0,NORMAL,0
63.0,58.11,23.27,395.25,34.81,0.97,56.56,0.965,50.04,4.89,0.688,0.0182,-0.0032,0.474,0.827,0,NORMAL,0
63.5,59.23,22.24,401.33,40.91,2.0,69.19,0.939,49.91,4.27,0.821,-0.0338,0.0105,1.149,1.294,0,NORMAL,0
75.77,68.15,27.87,406.31,43.15,8.53,75.69,0.932,49.98,7.62,0.877,-0.0679,0.5029,0.918,2.738,2,MECHANICAL_FAULT,1
67.67,62.71,25.25,398.1,44.97,0.93,72.79,0.964,49.96,4.96,0.895,0.03,0.0313,1.077,1.067,0,NORMAL,0
66.98,61.87,24.12,408.46,37.76,1.2,67.96,0.963,50.01,5.11,0.771,-0.0084,-0.0024,1.032,0.965,0,NORMAL,0
90.21,96.88,31.81,400.5,68.19,3.25,105.38,0.935,49.96,-6.66,1.366,0.4434,-0.0147,6.349,5.015,1,THERMAL_OVERLOAD,1
107.72,103.37,36.36,394.25,62.47,2.25,100.37,0.907,50.02,4.35,1.231,0.8456,0.027,5.347,5.567,1,THERMAL_OVERLOAD,1
64.73,56.4,21.48,401.25,34.81,1.14,57.28,0.938,50.0,8.32,0.698,0.0096,-0.0198,0.461,1.268,0,NORMAL,0
61.07,54.64,19.72,395.46,30.01,1.54,53.83,0.96,50.0,6.43,0.593,-0.0079,0.0004,0.878,0.968,0,NORMAL,0
64.43,59.44,21.61,398.57,38.2,2.05,66.84,0.957,49.94,4.99,0.761,0.0441,0.0198,0.732,1.654,0,NORMAL,0
66.81,60.39,26.19,403.83,37.36,1.92,58.92,0.964,50.0,6.42,0.754,-0.0049,0.0098,0.518,0.869,0,NORMAL,0
64.21,57.82,24.39,397.66,46.03,1.25,72.59,0.94,50.02,6.39,0.915,-0.0183,-0.0164,0.695,1.196,0,NORMAL,0
60.6,55.79,26.42,395.02,40.5,0.93,64.58,0.972,50.01,4.81,0.8,0.0194,-0.0043,0.929,1.67,0,NORMAL,0
61.73,56.82,28.95,396.92,34.96,0.91,58.08,0.977,49.93,4.91,0.694,0.0152,0.0298,1.028,0.62,0,NORMAL,0
64.36,55.37,29.49,394.58,44.49,7.13,80.97,0.937,49.94,8.99,0.878,0.0429,0.5801,0.823,2.009,2,MECHANICAL_FAULT,1
68.03,58.1,21.68,397.69,40.95,1.97,71.34,0.966,50.08,9.93,0.814,-0.0228,0.0124,0.668,1.793,0,NORMAL,0
62.95,56.89,20.47,399.57,42.96,7.58,76.91,0.904,50.04,6.05,0.858,0.0243,0.4055,1.171,2.723,2,MECHANICAL_FAULT,1
59.54,52.05,21.52,398.42,35.52,9.84,65.61,0.928,50.06,7.5,0.708,-0.0826,0.6417,1.685,1.497,2,MECHANICAL_FAULT,1
64.61,56.7,29.93,402.32,44.4,10.67,80.54,0.95,49.96,7.91,0.893,0.0429,0.1333,1.757,1.25,2,MECHANICAL_FAULT,1
69.15,62.34,20.47,386.33,44.39,10.86,84.16,0.932,49.93,6.81,0.857,-0.0439,0.2534,1.208,1.931,2,MECHANICAL_FAULT,1
65.72,60.27,22.14,402.44,44.08,1.74,74.24,0.971,50.05,5.44,0.887,0.0157,-0.0221,0.938,1.041,0,NORMAL,0
68.13,58.64,24.32,397.53,47.08,1.36,77.95,0.971,49.97,9.49,0.936,-0.0124,-0.0222,0.597,1.059,0,NORMAL,0
74.35,66.94,25.85,399.65,41.85,6.45,73.33,0.93,49.84,7.41,0.836,0.0294,0.3448,1.847,2.036,2,MECHANICAL_FAULT,1
131.65,116.17,56.29,330.22,124.34,13.79,121.58,0.619,48.96,15.48,2.053,1.7756,0.4411,8.481,14.533,4,CRITICAL_FAILURE,1
107.92,116.9,50.55,354.36,122.63,9.81,137.4,0.614,48.68,-8.97,2.173,1.567,1.003,5.187,7.601,4,CRITICAL_FAILURE,1
65.34,58.92,26.07,397.97,42.21,1.28,71.07,0.979,49.96,6.42,0.84,0.0326,0.0095,0.333,1.793,0,NORMAL,0
67.36,57.62,23.08,405.68,44.09,1.36,73.63,0.954,49.97,9.74,0.894,0.0043,0.0187,0.492,1.614,0,NORMAL,0
65.78,60.68,27.86,399.25,40.57,2.0,72.83,0.974,49.96,5.1,0.81,-0.0019,0.0247,1.102,0.805,0,NORMAL,0
65.03,58.15,27.0,406.7,34.68,11.24,64.32,0.943,50.05,6.88,0.705,0.0256,0.4712,1.278,1.095,2,MECHANICAL_FAULT,1
63.26,56.53,24.1,397.46,30.18,1.64,53.88,0.945,49.88,6.73,0.6,0.0236,0.0085,0.98,0.559,0,NORMAL,0
66.89,57.17,25.47,408.11,46.42,1.03,75.33,0.978,50.03,9.71,0.947,0.0588,-0.0403,0.292,0.785,0,NORMAL,0
61.62,53.9,22.34,398.4,39.65,1.64,61.88,0.934,49.89,7.71,0.79,0.0031,0.003,0.219,0.991,0,NORMAL,0
71.23,77.25,48.68,386.98,52.95,2.32,89.99,0.82,50.02,-6.01,1.025,0.3176,0.017,1.73,4.441,3,DIELECTRIC_FAULT,1
63.11,54.72,23.47,396.1,40.43,1.14,66.06,0.977,49.98,8.38,0.801,-0.0676,0.0067,1.073,1.092,0,NORMAL,0
71.47,63.29,23.57,396.11,45.54,6.83,82.14,0.919,49.87,8.18,0.902,0.0172,0.5697,1.754,1.889,2,MECHANICAL_FAULT,1
62.08,56.66,23.42,392.47,42.8,10.35,79.86,0.949,50.19,5.42,0.84,0.0355,0.6142,1.503,2.228,2,MECHANICAL_FAULT,1
60.49,54.75,26.45,400.76,31.75,1.59,52.63,0.935,49.99,5.74,0.636,-0.0192,0.0158,0.753,1.265,0,NORMAL,0
65.2,59.81,24.85,397.44,41.89,11.36,72.17,0.95,49.93,5.4,0.832,0.1282,0.3607,1.357,2.491,2,MECHANICAL_FAULT,1
70.1,62.91,22.81,403.26,47.04,1.15,77.26,0.953,50.0,7.19,0.949,-0.0446,0.0535,0.961,1.642,0,NORMAL,0
60.04,55.91,24.32,403.83,27.23,1.48,48.49,0.955,49.96,4.13,0.55,-0.0117,0.0301,0.982,1.296,0,NORMAL,0
63.3,58.76,23.43,397.63,44.86,1.59,74.44,0.954,50.01,4.54,0.892,-0.0255,0.0173,1.105,1.114,0,NORMAL,0
67.58,58.61,29.41,396.62,32.09,9.25,61.82,0.913,50.0,8.98,0.636,0.0465,0.131,1.488,1.141,2,MECHANICAL_FAULT,1
63.88,56.69,24.24,401.54,41.02,2.03,68.81,0.96,49.99,7.19,0.823,-0.0327,0.0021,0.689,1.098,0,NORMAL,0
65.77,61.5,26.02,399.43,46.23,1.1,75.75,0.969,49.94,4.27,0.923,0.0182,-0.0126,1.022,1.691,0,NORMAL,0
57.86,53.3,25.49,397.9,31.34,1.3,51.11,0.944,50.02,4.55,0.624,0.0003,-0.0062,1.132,1.815,0,NORMAL,0
64.84,58.25,28.59,400.71,40.58,1.37,67.66,0.955,50.07,6.59,0.813,-0.0214,0.0066,0.542,0.964,0,NORMAL,0
113.7,85.86,36.84,386.54,72.18,3.43,118.74,0.939,49.94,27.84,1.395,0.1515,0.0333,2.51,4.862,1,THERMAL_OVERLOAD,1
66.39,58.17,23.44,398.65,44.98,2.06,71.63,0.941,49.94,8.22,0.896,0.0597,-0.017,0.334,1.755,0,NORMAL,0
66.59,59.97,21.93,386.78,37.06,7.54,73.09,0.907,50.11,6.61,0.717,0.02,0.1755,1.686,1.536,2,MECHANICAL_FAULT,1
63.13,53.48,25.11,391.2,41.04,1.08,66.52,0.952,50.01,9.65,0.803,0.0488,-0.0004,0.868,1.272,0,NORMAL,0
57.15,51.65,26.59,400.75,28.04,2.12,46.56,0.945,49.97,5.49,0.562,0.0406,0.0085,0.569,1.036,0,NORMAL,0
62.04,57.51,24.41,396.47,41.61,1.84,63.99,0.942,50.02,4.53,0.825,0.02,0.0146,1.01,0.59,0,NORMAL,0
64.94,59.81,23.76,395.61,48.14,1.26,76.57,0.951,50.04,5.14,0.952,-0.059,-0.0294,0.704,1.722,0,NORMAL,0
64.6,56.03,23.04,387.99,41.19,6.15,74.06,0.924,50.11,8.57,0.799,0.0571,0.58,1.207,1.597,2,MECHANICAL_FAULT,1
61.2,55.58,21.16,393.75,44.29,7.66,78.35,0.906,49.96,5.61,0.872,0.0622,0.4664,1.156,1.421,2,MECHANICAL_FAULT,1
89.47,98.18,39.67,388.66,66.35,3.11,110.05,0.906,49.95,-8.71,1.289,0.3426,-0.041,4.217,3.226,1,THERMAL_OVERLOAD,1
62.57,57.69,25.95,396.38,40.02,2.13,70.23,0.955,49.95,4.87,0.793,-0.0024,0.034,0.448,1.053,0,NORMAL,0
56.29,51.3,23.19,397.17,27.75,0.96,47.04,0.973,49.94,4.99,0.551,-0.018,-0.011,0.8,0.873,0,NORMAL,0
100.54,86.86,34.01,400.16,61.48,3.51,101.08,0.93,49.99,13.68,1.23,0.4808,0.0663,5.284,3.544,1,THERMAL_OVERLOAD,1
61.97,55.26,25.42,399.06,35.21,0.93,54.72,0.936,50.0,6.71,0.703,-0.0009,0.003,0.944,1.675,0,NORMAL,0
128.24,104.79,58.15,356.26,102.96,8.88,152.35,0.626,49.15,23.45,1.834,0.6146,0.5626,5.972,12.289,4,CRITICAL_FAILURE,1
65.91,57.33,24.72,404.29,37.14,1.21,64.31,0.934,49.97,8.58,0.751,0.0533,-0.0267,0.378,0.958,0,NORMAL,0
64.89,60.57,23.11,399.0,45.32,1.91,73.31,0.951,49.96,4.32,0.904,-0.0222,0.0424,0.674,1.087,0,NORMAL,0
102.73,91.14,31.96,398.03,66.69,2.97,107.94,0.928,49.96,11.59,1.327,0.4236,0.0504,6.14,3.183,1,THERMAL_OVERLOAD,1
60.53,54.31,28.04,393.2,29.58,1.5,46.86,0.954,49.99,6.22,0.581,0.0113,-0.0373,0.448,0.891,0,NORMAL,0
69.03,64.23,22.73,396.62,46.73,0.94,77.68,0.953,50.06,4.8,0.927,-0.0126,0.0054,0.704,0.642,0,NORMAL,0
65.83,56.6,24.63,396.68,39.25,2.16,64.6,0.937,49.99,9.22,0.778,0.0101,0.0128,0.273,1.226,0,NORMAL,0
62.37,53.49,22.83,405.28,31.11,1.33,55.35,0.937,49.97,8.89,0.63,-0.0213,0.0196,0.801,1.544,0,NORMAL,0
62.78,56.82,28.9,399.77,46.19,6.15,79.96,0.944,49.95,5.96,0.923,0.0814,0.1232,1.926,1.874,2,MECHANICAL_FAULT,1
61.18,56.85,27.82,404.92,39.97,1.22,61.96,0.937,50.02,4.33,0.809,-0.0299,0.0522,0.636,1.201,0,NORMAL,0
58.01,49.05,27.12,406.47,38.89,5.55,73.84,0.904,50.01,8.97,0.79,-0.0012,0.4026,1.567,2.026,2,MECHANICAL_FAULT,1
62.0,56.97,24.2,401.0,28.84,1.12,48.29,0.975,50.03,5.03,0.578,0.0039,-0.0022,1.003,0.965,0,NORMAL,0
103.91,95.82,28.32,390.77,66.48,2.8,100.7,0.916,50.0,8.09,1.299,0.2176,-0.0036,5.135,6.982,1,THERMAL_OVERLOAD,1
133.06,114.69,54.1,331.54,107.45,12.52,144.85,0.667,48.66,18.38,1.781,1.4943,0.7188,9.345,10.186,4,CRITICAL_FAILURE,1
62.1,55.69,26.9,396.9,48.29,1.96,76.22,0.938,49.93,6.4,0.958,-0.0235,0.0001,0.99,1.806,0,NORMAL,0
61.36,55.71,24.65,401.67,29.9,1.27,49.41,0.965,50.03,5.65,0.6,-0.0177,-0.0026,0.587,0.924,0,NORMAL,0
62.69,57.52,24.3,403.96,38.52,1.35,67.07,0.978,49.96,5.16,0.778,0.0331,0.0028,0.655,1.202,0,NORMAL,0
104.12,99.87,23.94,398.49,86.41,2.52,131.77,0.912,49.92,4.26,1.722,0.4692,-0.0651,4.862,5.648,1,THERMAL_OVERLOAD,1
60.82,53.75,26.37,396.76,29.73,2.12,47.06,0.93,49.99,7.07,0.59,-0.0131,-0.0007,1.109,1.278,0,NORMAL,0
63.59,57.3,22.05,406.14,38.88,1.27,65.12,0.941,49.99,6.29,0.79,0.0049,0.0023,1.069,0.624,0,NORMAL,0
61.91,57.79,24.43,397.08,32.62,0.84,53.54,0.962,49.97,4.12,0.648,0.034,-0.0176,0.246,0.825,0,NORMAL,0
74.35,68.69,23.95,390.59,45.18,8.83,77.46,0.942,50.1,5.66,0.882,0.0962,0.4711,1.851,1.731,2,MECHANICAL_FAULT,1
65.38,56.12,24.55,392.26,36.73,2.06,65.29,0.938,50.01,9.26,0.72,0.0081,-0.0142,0.586,1.296,0,NORMAL,0
109.66,82.67,31.89,391.21,62.14,2.99,95.05,0.921,49.94,26.99,1.215,0.3332,-0.0542,3.356,6.274,1,THERMAL_OVERLOAD,1
60.61,52.48,23.86,400.78,33.84,1.03,58.1,0.935,50.03,8.14,0.678,0.042,0.0185,0.232,1.904,0,NORMAL,0
63.67,54.77,24.79,401.88,40.63,1.21,69.78,0.968,50.02,8.9,0.816,0.0467,-0.0332,0.377,0.696,0,NORMAL,0
62.3,56.51,21.79,402.57,37.24,1.4,62.07,0.94,50.03,5.79,0.75,-0.0319,0.038,0.216,0.542,0,NORMAL,0
72.26,77.72,48.43,385.25,40.32,2.44,68.37,0.694,49.67,-5.46,0.777,0.3729,0.1105,3.898,4.616,3,DIELECTRIC_FAULT,1
107.06,85.15,34.09,393.44,66.84,3.34,108.2,0.897,49.85,21.91,1.315,0.1828,0.0037,6.371,4.656,1,THERMAL_OVERLOAD,1
69.12,63.57,25.55,400.52,39.1,0.9,65.51,0.934,49.92,5.54,0.783,0.0241,0.0023,1.114,0.516,0,NORMAL,0
56.99,48.78,30.67,407.9,27.22,0.9,47.19,0.94,50.03,8.22,0.555,-0.0251,0.0062,0.415,1.792,0,NORMAL,0
62.17,55.3,24.28,400.13,36.32,2.05,56.43,0.958,49.98,6.87,0.727,-0.0301,-0.0096,1.085,0.602,0,NORMAL,0
58.82,50.68,25.48,397.36,33.2,2.1,56.26,0.968,49.98,8.14,0.66,0.0181,-0.0003,1.019,1.344,0,NORMAL,0
58.6,51.26,21.28,400.38,31.91,1.03,56.82,0.933,50.06,7.35,0.639,-0.0116,-0.004,0.824,0.613,0,NORMAL,0
64.86,55.21,23.31,397.77,44.13,1.41,68.79,0.979,50.0,9.65,0.878,-0.006,0.0004,1.171,0.694,0,NORMAL,0
56.97,49.54,29.32,402.36,26.27,0.99,45.4,0.953,50.02,7.43,0.529,0.0042,-0.0034,0.256,0.568,0,NORMAL,0
65.2,55.36,30.23,403.67,39.0,1.84,68.74,0.946,49.98,9.84,0.787,0.0101,0.0227,0.369,0.545,0,NORMAL,0
73.44,66.3,27.95,399.02,34.98,6.73,63.07,0.908,49.89,7.15,0.698,-0.056,0.1996,1.436,2.093,2,MECHANICAL_FAULT,1
61.42,56.66,24.97,399.97,36.08,2.11,62.93,0.96,49.95,4.76,0.722,0.0506,0.0049,0.969,1.053,0,NORMAL,0
74.97,69.58,27.59,398.55,38.71,9.25,75.69,0.926,49.97,5.39,0.771,-0.0703,0.4734,1.393,1.998,2,MECHANICAL_FAULT,1
65.94,61.39,21.32,403.47,40.2,0.99,66.72,0.94,50.06,4.54,0.811,-0.0165,0.0091,0.512,0.927,0,NORMAL,0
65.54,56.76,24.61,397.64,41.68,2.04,67.44,0.952,50.02,8.78,0.829,0.0085,0.007,1.144,1.13,0,NORMAL,0
80.56,77.27,53.47,372.7,46.49,3.48,79.66,0.77,49.94,3.29,0.866,0.2641,0.1409,3.348,3.189,3,DIELECTRIC_FAULT,1
67.99,60.21,28.44,397.45,42.95,1.82,73.78,0.969,49.95,7.78,0.853,-0.0271,0.0202,0.886,1.324,0,NORMAL,0
72.88,65.56,22.72,397.29,36.65,8.48,62.61,0.928,50.02,7.33,0.728,0.0574,0.241,1.462,1.965,2,MECHANICAL_FAULT,1
65.25,60.08,24.71,404.93,35.91,2.08,60.38,0.93,49.93,5.17,0.727,0.0669,-0.007,0.887,0.588,0,NORMAL,0
60.63,55.89,23.29,402.74,29.3,1.6,51.79,0.951,49.96,4.74,0.59,0.0063,-0.0137,0.299,1.41,0,NORMAL,0
77.65,69.06,22.79,406.29,38.84,10.73,67.41,0.949,49.88,8.59,0.789,0.0488,0.3701,0.971,2.133,2,MECHANICAL_FAULT,1
90.72,85.9,29.64,393.18,62.91,2.11,96.33,0.905,49.95,4.82,1.237,0.7834,0.0438,5.482,3.978,1,THERMAL_OVERLOAD,1
62.08,54.04,23.21,396.01,38.69,1.54,63.42,0.941,49.94,8.04,0.766,0.0348,-0.0037,0.816,0.938,0,NORMAL,0
63.34,59.0,20.84,399.33,36.6,0.92,61.76,0.943,49.94,4.34,0.731,-0.0485,-0.0058,0.462,0.601,0,NORMAL,0
103.71,94.62,25.31,394.52,67.24,2.42,100.65,0.936,49.8,9.09,1.326,0.3559,0.0637,6.021,4.521,1,THERMAL_OVERLOAD,1
59.71,53.37,30.28,403.75,35.24,2.04,59.14,0.975,50.05,6.34,0.711,-0.047,-0.0602,0.479,1.938,0,NORMAL,0
65.45,57.79,23.17,397.21,39.19,1.04,63.15,0.975,50.05,7.66,0.778,0.0327,-0.0134,0.644,1.489,0,NORMAL,0
89.0,82.09,31.41,393.77,84.19,3.34,132.45,0.891,49.85,6.91,1.658,0.5661,0.0367,5.326,3.327,1,THERMAL_OVERLOAD,1
63.68,57.6,26.18,393.91,34.47,1.94,56.24,0.953,50.11,6.09,0.679,0.0308,0.0019,0.206,1.806,0,NORMAL,0
109.65,103.09,52.2,331.0,88.65,13.24,120.84,0.643,48.87,6.56,1.467,1.835,0.7078,10.028,6.937,4,CRITICAL_FAILURE,1
59.72,49.74,20.77,400.51,26.27,1.37,49.05,0.939,49.93,9.98,0.526,0.0177,-0.0011,0.627,0.778,0,NORMAL,0
62.99,58.63,26.79,398.05,39.03,2.04,67.36,0.941,49.96,4.37,0.777,-0.0582,-0.0477,1.074,1.644,0,NORMAL,0
59.71,55.17,25.21,397.55,30.38,1.48,50.73,0.97,49.96,4.54,0.604,0.008,0.0206,0.692,1.913,0,NORMAL,0
66.87,58.53,24.76,399.44,38.08,1.9,65.56,0.954,50.06,8.34,0.761,0.0162,-0.0471,0.876,1.59,0,NORMAL,0
68.08,60.65,24.1,398.38,43.31,1.44,75.32,0.937,49.91,7.43,0.863,-0.0118,0.0007,0.425,1.116,0,NORMAL,0
87.91,83.19,54.4,406.36,43.16,2.05,81.23,0.806,49.61,4.73,0.877,0.3826,-0.0285,2.285,3.753,3,DIELECTRIC_FAULT,1
115.35,117.27,52.81,345.39,97.45,13.65,152.4,0.706,48.53,-1.91,1.683,0.9822,1.043,8.574,11.503,4,CRITICAL_FAILURE,1
74.85,66.39,25.32,394.62,42.16,7.11,72.2,0.953,49.99,8.47,0.832,0.1041,0.3043,1.279,2.069,2,MECHANICAL_FAULT,1
62.38,53.94,24.95,392.07,35.91,11.39,70.97,0.932,50.21,8.44,0.704,0.0042,0.2337,1.992,2.491,2,MECHANICAL_FAULT,1
66.96,57.31,24.46,398.51,44.33,2.02,76.25,0.956,49.99,9.65,0.883,0.0005,-0.012,1.069,1.465,0,NORMAL,0
61.78,57.21,25.86,406.92,33.77,1.4,54.28,0.977,49.99,4.57,0.687,0.0004,0.005,0.488,1.686,0,NORMAL,0
63.77,57.86,25.72,408.35,33.41,1.61,60.48,0.938,50.05,5.92,0.682,0.0129,-0.0113,0.649,1.768,0,NORMAL,0
111.42,97.19,27.45,394.83,81.41,2.01,128.38,0.927,49.91,14.23,1.607,0.7631,0.0332,3.943,4.402,1,THERMAL_OVERLOAD,1
83.15,76.37,7.59,393.84,49.59,3.6,88.25,0.834,49.98,6.77,0.977,0.2214,0.0811,2.916,3.752,3,DIELECTRIC_FAULT,1
63.73,57.14,26.74,401.94,43.54,1.71,69.4,0.977,50.01,6.59,0.875,-0.011,0.01,0.891,1.214,0,NORMAL,0
80.26,92.92,43.8,381.67,29.13,2.34,51.45,0.732,50.25,-12.66,0.556,0.1518,0.025,3.289,4.047,3,DIELECTRIC_FAULT,1
87.22,90.85,7.28,382.0,38.31,2.97,68.35,0.777,49.58,-3.63,0.732,0.241,0.0037,2.815,3.824,3,DIELECTRIC_FAULT,1
120.67,104.51,64.03,354.98,116.42,15.72,134.37,0.64,48.99,16.16,2.066,0.6626,0.4019,7.461,10.163,4,CRITICAL_FAILURE,1
65.07,55.64,22.98,406.84,48.95,1.11,77.97,0.971,49.95,9.43,0.996,-0.0185,-0.0036,0.297,0.723,0,NORMAL,0
107.13,98.3,53.21,332.31,105.71,14.02,151.7,0.72,49.2,8.83,1.756,1.4909,0.4884,11.85,12.237,4,CRITICAL_FAILURE,1
61.65,52.48,25.38,395.95,33.37,2.06,57.68,0.94,50.0,9.16,0.661,0.0756,0.0025,1.019,1.828,0,NORMAL,0
106.22,98.65,62.96,330.54,101.11,9.58,120.03,0.646,48.69,7.57,1.671,1.394,0.4977,11.367,8.08,4,CRITICAL_FAILURE,1
65.19,59.92,23.46,400.01,33.16,2.1,53.88,0.962,49.98,5.27,0.663,0.0237,-0.0083,0.453,1.867,0,NORMAL,0
61.35,56.76,24.25,396.58,39.9,1.18,71.89,0.931,50.01,4.59,0.791,0.0284,0.0019,0.8,1.551,0,NORMAL,0
62.88,56.9,24.47,401.17,33.61,1.53,59.38,0.934,49.93,5.98,0.674,-0.01,0.0263,0.613,1.488,0,NORMAL,0
115.39,96.28,31.97,396.47,71.24,2.88,118.18,0.926,49.79,19.12,1.412,0.6356,-0.0065,4.575,4.69,1,THERMAL_OVERLOAD,1
60.36,51.66,21.96,399.17,35.52,1.86,56.97,0.97,50.06,8.7,0.709,-0.0105,-0.036,0.503,0.836,0,NORMAL,0
58.76,48.87,24.58,405.16,37.23,1.42,59.65,0.962,49.98,9.89,0.754,0.0278,0.0,1.14,0.745,0,NORMAL,0
58.1,51.47,23.81,396.06,38.22,6.36,68.08,0.924,50.03,6.63,0.757,0.0671,0.4713,1.774,1.082,2,MECHANICAL_FAULT,1
111.41,83.56,36.41,394.57,75.06,2.89,126.88,0.882,49.91,27.84,1.481,0.3776,-0.0224,3.87,4.803,1,THERMAL_OVERLOAD,1
60.69,56.69,22.93,398.52,25.56,1.93,46.67,0.934,49.98,4.0,0.509,-0.0364,-0.0442,0.521,1.946,0,NORMAL,0
64.43,57.2,31.18,405.54,44.54,11.9,83.81,0.915,50.02,7.23,0.903,-0.0192,0.2531,1.333,2.459,2,MECHANICAL_FAULT,1
66.25,59.76,24.83,404.85,38.37,1.55,65.1,0.931,50.02,6.49,0.777,-0.0305,0.0125,0.343,1.168,0,NORMAL,0
63.93,58.41,23.96,403.33,40.56,1.8,71.33,0.949,50.01,5.52,0.818,0.0592,-0.0001,0.956,0.947,0,NORMAL,0
111.83,89.63,27.95,395.36,75.97,2.51,120.64,0.883,50.01,22.21,1.502,0.4873,-0.011,3.407,4.949,1,THERMAL_OVERLOAD,1
65.4,55.83,27.26,403.72,47.63,1.11,77.15,0.957,50.06,9.57,0.962,0.0534,0.0111,1.197,0.55,0,NORMAL,0
61.24,55.33,23.82,398.05,31.76,0.97,51.46,0.965,50.04,5.91,0.632,0.027,0.0061,0.935,1.705,0,NORMAL,0
63.01,53.01,25.22,408.67,30.24,1.28,52.1,0.956,49.93,9.99,0.618,-0.0555,0.0164,0.382,0.986,0,NORMAL,0
91.96,79.86,44.63,380.36,50.28,3.53,86.98,0.773,49.86,12.1,0.956,0.2865,-0.0039,3.457,3.694,3,DIELECTRIC_FAULT,1
68.82,59.71,23.79,390.16,44.82,1.51,70.78,0.954,49.95,9.11,0.874,-0.0152,-0.0034,1.001,1.573,0,NORMAL,0
68.02,59.84,23.71,393.3,46.82,11.66,84.48,0.942,49.99,8.18,0.921,-0.0855,0.5234,1.746,1.149,2,MECHANICAL_FAULT,1
107.59,86.28,33.92,386.05,83.75,2.7,131.27,0.923,50.0,21.31,1.617,0.3455,-0.0597,5.767,6.011,1,THERMAL_OVERLOAD,1
65.53,58.98,26.49,394.92,43.99,1.87,73.27,0.955,49.99,6.55,0.869,-0.0006,0.0058,0.258,0.893,0,NORMAL,0
69.85,63.57,22.04,400.04,43.42,1.79,76.18,0.97,49.98,6.27,0.869,-0.04,-0.0056,0.532,1.056,0,NORMAL,0
63.78,54.1,26.68,392.67,43.32,1.56,71.01,0.976,50.02,9.68,0.85,-0.0072,0.0027,0.967,0.528,0,NORMAL,0
92.57,97.91,31.62,390.59,71.71,2.47,111.07,0.926,50.0,-5.34,1.4,0.6334,0.0625,5.331,5.187,1,THERMAL_OVERLOAD,1
58.93,51.09,25.96,397.53,33.81,2.06,54.29,0.945,49.91,7.85,0.672,-0.0009,0.0105,0.301,0.583,0,NORMAL,0
67.39,58.31,23.38,390.26,42.2,2.15,71.69,0.958,49.97,9.07,0.823,0.058,-0.0322,0.938,0.534,0,NORMAL,0
109.96,115.93,48.64,330.71,96.89,8.67,130.85,0.714,48.29,-5.97,1.602,1.1574,0.4017,7.537,8.862,4,CRITICAL_FAILURE,1
104.62,85.95,31.27,388.27,73.88,2.3,111.06,0.928,50.03,18.67,1.434,0.2434,0.017,5.413,4.808,1,THERMAL_OVERLOAD,1
101.93,90.07,35.69,402.71,71.2,2.75,109.37,0.926,50.07,11.86,1.434,0.4155,-0.0696,2.968,3.645,1,THERMAL_OVERLOAD,1
106.18,100.1,62.66,357.24,88.49,10.36,156.0,0.64,49.04,6.08,1.581,1.4133,0.6805,10.0,13.288,4,CRITICAL_FAILURE,1
62.55,57.6,24.41,401.11,29.23,0.83,50.18,0.969,50.06,4.95,0.586,0.0237,0.0157,0.243,1.757,0,NORMAL,0
76.85,68.18,23.07,400.01,43.63,10.87,72.86,0.903,49.95,8.67,0.873,-0.0023,0.6113,1.699,2.064,2,MECHANICAL_FAULT,1
111.88,104.27,44.33,396.79,76.92,3.66,117.67,0.932,50.1,7.61,1.526,0.4409,0.0118,3.941,6.581,1,THERMAL_OVERLOAD,1
88.13,93.86,33.94,402.9,84.62,3.3,127.57,0.915,49.91,-5.73,1.705,0.5288,0.0117,3.037,3.211,1,THERMAL_OVERLOAD,1
61.71,57.7,23.5,395.91,36.25,1.82,62.24,0.978,50.03,4.01,0.718,-0.0345,0.0133,0.623,0.954,0,NORMAL,0
62.91,56.05,25.32,392.08,36.3,2.11,62.82,0.973,50.0,6.85,0.712,-0.0025,0.0198,0.857,1.843,0,NORMAL,0
67.39,60.63,27.03,397.82,46.6,1.39,75.99,0.952,49.98,6.76,0.927,0.0378,0.0123,0.234,1.39,0,NORMAL,0
99.58,103.1,32.36,407.5,89.6,3.29,130.43,0.881,49.93,-3.52,1.826,0.3754,-0.0106,4.656,3.698,1,THERMAL_OVERLOAD,1
61.93,57.9,28.12,391.75,33.43,0.98,54.4,0.976,49.98,4.03,0.655,0.0444,-0.0014,0.485,1.619,0,NORMAL,0
64.89,57.34,25.11,400.06,44.78,9.96,78.26,0.955,50.05,7.55,0.896,-0.0671,0.2085,1.887,2.295,2,MECHANICAL_FAULT,1
66.67,61.31,21.66,406.04,46.78,1.84,76.42,0.976,49.91,5.36,0.95,-0.0267,-0.0013,0.689,1.027,0,NORMAL,0
58.76,49.21,27.48,407.08,25.6,1.92,45.07,0.945,50.0,9.56,0.521,0.0099,0.0177,0.304,1.909,0,NORMAL,0
103.09,97.16,24.75,402.48,74.69,2.56,115.71,0.887,49.74,5.93,1.503,0.4538,0.0148,2.617,5.51,1,THERMAL_OVERLOAD,1
64.47,57.69,24.27,397.14,35.76,1.11,61.57,0.955,49.96,6.78,0.71,-0.0099,-0.0202,0.475,1.619,0,NORMAL,0
76.38,94.77,57.93,414.33,48.16,2.19,87.47,0.831,49.81,-18.38,0.998,0.164,0.0186,3.394,2.994,3,DIELECTRIC_FAULT,1
63.07,54.88,24.65,407.09,43.49,2.0,69.09,0.953,50.0,8.2,0.885,-0.0263,-0.0161,0.683,1.83,0,NORMAL,0
64.04,56.97,27.22,397.03,43.18,8.42,82.47,0.904,50.14,7.07,0.857,0.1024,0.3587,1.297,2.878,2,MECHANICAL_FAULT,1
66.15,59.97,27.05,398.64,43.86,2.15,74.43,0.968,50.01,6.18,0.874,-0.0316,0.0058,0.274,1.394,0,NORMAL,0
65.58,57.84,26.86,396.56,42.34,2.03,68.11,0.938,50.01,7.74,0.84,-0.007,-0.0095,1.187,0.532,0,NORMAL,0
60.35,53.82,27.84,398.69,40.03,6.13,71.98,0.937,49.98,6.53,0.798,0.0607,0.3001,1.974,1.031,2,MECHANICAL_FAULT,1
62.8,55.08,26.95,407.26,37.8,1.19,60.0,0.939,49.89,7.72,0.77,-0.0158,-0.0152,1.174,1.979,0,NORMAL,0
60.85,50.9,25.59,396.35,30.58,1.21,48.92,0.966,49.99,9.95,0.606,-0.0282,-0.0077,0.791,1.256,0,NORMAL,0
60.13,53.58,26.37,396.02,42.11,6.37,77.12,0.957,49.97,6.55,0.834,0.0094,0.4152,1.445,2.264,2,MECHANICAL_FAULT,1
107.26,85.6,30.8,388.74,77.81,2.04,124.21,0.898,50.0,21.67,1.512,0.6995,0.0304,3.676,5.111,1,THERMAL_OVERLOAD,1
67.08,59.03,27.64,403.16,45.73,1.58,75.03,0.948,49.92,8.05,0.922,0.0136,-0.0343,0.323,0.983,0,NORMAL,0
62.65,53.8,24.77,396.43,39.54,1.79,64.79,0.969,49.89,8.85,0.784,0.0345,0.0297,0.866,0.907,0,NORMAL,0
66.49,59.16,25.23,398.31,40.63,1.2,69.83,0.935,50.0,7.33,0.809,-0.0714,-0.0219,0.213,0.577,0,NORMAL,0
123.93,119.57,63.01,342.22,122.24,11.22,120.59,0.687,48.97,4.36,2.092,1.7153,0.9638,5.075,7.791,4,CRITICAL_FAILURE,1
66.55,57.81,28.43,400.98,41.12,0.88,66.28,0.979,49.92,8.74,0.824,0.0104,0.0057,0.894,0.779,0,NORMAL,0
110.72,109.63,60.84,357.42,95.17,13.98,134.49,0.605,48.4,1.09,1.701,1.9327,0.8425,9.811,9.621,4,CRITICAL_FAILURE,1
64.21,54.29,28.21,399.02,42.59,2.08,65.7,0.933,49.95,9.92,0.85,-0.0319,-0.0114,0.625,0.577,0,NORMAL,0
70.75,89.47,7.59,397.92,27.03,2.45,54.86,0.78,50.02,-18.72,0.538,0.3317,0.0171,2.146,3.869,3,DIELECTRIC_FAULT,1
64.09,56.65,26.97,395.21,32.95,1.24,55.48,0.957,49.97,7.44,0.651,-0.036,0.0094,0.415,0.894,0,NORMAL,0
64.54,54.93,26.25,402.92,35.55,1.41,63.07,0.936,50.06,9.61,0.716,0.0728,-0.0016,0.89,1.58,0,NORMAL,0
86.23,90.12,7.73,361.56,42.99,3.01,75.73,0.727,49.61,-3.89,0.777,0.1126,0.1726,3.643,3.744,3,DIELECTRIC_FAULT,1
66.52,58.84,25.9,404.73,42.96,0.92,69.86,0.954,49.99,7.68,0.869,-0.0223,-0.0135,0.549,0.666,0,NORMAL,0
66.21,57.58,22.83,396.85,43.84,1.46,67.89,0.961,50.05,8.63,0.87,-0.0032,0.0247,1.001,1.116,0,NORMAL,0
74.62,89.24,45.79,393.13,46.26,2.21,83.94,0.779,49.99,-14.62,0.909,0.0897,0.0325,3.402,3.869,3,DIELECTRIC_FAULT,1
89.0,88.29,31.68,403.64,72.56,3.24,112.34,0.909,49.81,0.71,1.464,0.3613,-0.0121,5.469,3.735,1,THERMAL_OVERLOAD,1
64.56,60.13,25.62,398.04,41.67,1.96,73.23,0.951,49.93,4.43,0.829,0.0022,-0.0034,0.706,1.648,0,NORMAL,0
89.45,92.42,38.11,384.92,86.11,3.8,127.75,0.897,49.98,-2.96,1.657,0.7815,-0.0096,4.021,4.906,1,THERMAL_OVERLOAD,1
62.96,54.41,26.37,409.62,29.7,2.04,50.81,0.966,49.99,8.56,0.608,0.0163,-0.0068,0.207,0.86,0,NORMAL,0
62.24,56.62,24.93,400.71,30.91,1.0,52.12,0.954,50.0,5.62,0.619,0.0232,0.0344,1.137,0.574,0,NORMAL,0
92.68,85.34,31.69,392.94,84.2,3.57,130.19,0.934,49.77,7.34,1.654,0.5468,0.0996,4.981,5.331,1,THERMAL_OVERLOAD,1
60.04,55.64,28.19,404.23,26.72,0.95,45.9,0.954,49.95,4.4,0.54,-0.0435,-0.0058,0.5,1.951,0,NORMAL,0
61.51,56.81,21.95,396.22,34.86,0.98,58.42,0.97,49.98,4.7,0.691,0.0077,0.0209,0.913,1.212,0,NORMAL,0
60.9,53.18,24.46,399.44,33.76,1.29,56.41,0.961,50.02,7.72,0.674,-0.0302,-0.0164,0.312,0.729,0,NORMAL,0
64.98,59.68,24.59,398.53,36.9,1.88,59.88,0.979,50.04,5.3,0.735,-0.0204,0.0524,0.9,0.791,0,NORMAL,0
79.87,88.26,44.01,397.9,43.76,2.93,87.18,0.806,49.75,-8.4,0.871,0.2208,-0.0077,3.836,3.759,3,DIELECTRIC_FAULT,1
59.57,53.05,23.77,402.0,32.7,2.01,53.15,0.939,50.0,6.52,0.657,-0.0184,-0.004,0.337,1.499,0,NORMAL,0
76.18,68.52,24.84,401.38,34.73,9.27,62.09,0.936,50.04,7.66,0.697,0.0218,0.3482,1.448,2.601,2,MECHANICAL_FAULT,1
62.24,56.94,23.41,400.38,41.59,0.85,71.16,0.974,50.07,5.3,0.833,0.0045,0.0112,1.007,0.682,0,NORMAL,0
66.42,60.89,24.06,407.28,34.97,1.85,59.3,0.938,50.08,5.53,0.712,-0.033,0.0096,0.922,1.039,0,NORMAL,0
62.31,56.74,25.38,400.94,33.44,5.4,64.77,0.949,50.01,5.57,0.67,0.0159,0.5166,1.408,1.462,2,MECHANICAL_FAULT,1
74.5,66.72,27.81,402.74,41.23,11.9,72.17,0.914,50.1,7.77,0.83,0.0459,0.2894,0.852,2.54,2,MECHANICAL_FAULT,1
62.48,54.23,25.56,399.6,31.28,1.19,50.91,0.939,49.97,8.26,0.625,-0.0144,0.0072,0.668,1.409,0,NORMAL,0
61.36,52.03,24.56,399.17,32.76,0.95,50.35,0.931,49.97,9.33,0.654,-0.0031,-0.0298,1.137,1.692,0,NORMAL,0
104.55,82.46,39.15,398.02,82.5,3.54,121.2,0.935,49.93,22.09,1.642,0.524,0.004,3.641,6.684,1,THERMAL_OVERLOAD,1
75.71,70.04,26.99,393.12,47.92,6.52,81.94,0.959,50.02,5.68,0.942,-0.0417,0.564,1.361,2.341,2,MECHANICAL_FAULT,1
90.29,77.95,11.74,383.34,49.46,2.17,89.54,0.777,49.89,12.34,0.948,0.2481,0.0477,2.035,4.453,3,DIELECTRIC_FAULT,1
109.46,96.55,33.73,398.13,66.43,3.62,104.69,0.888,49.8,12.91,1.322,0.6945,0.0234,4.582,6.24,1,THERMAL_OVERLOAD,1
62.81,55.69,25.91,399.07,37.21,1.67,62.51,0.955,50.04,7.12,0.742,-0.0205,-0.0072,0.609,0.543,0,NORMAL,0
60.74,52.01,23.39,399.79,27.27,1.22,48.48,0.946,50.02,8.73,0.545,0.0453,0.0362,1.124,1.685,0,NORMAL,0
92.58,83.06,32.8,397.53,72.16,3.66,107.37,0.893,50.03,9.52,1.434,0.7328,0.0332,4.933,4.383,1,THERMAL_OVERLOAD,1
96.37,84.64,21.63,380.33,77.22,2.52,112.48,0.931,50.02,11.72,1.468,0.6716,0.0272,3.894,3.741,1,THERMAL_OVERLOAD,1
66.38,59.09,25.28,402.4,34.03,0.83,57.74,0.952,49.92,7.29,0.685,-0.0382,0.0058,0.457,0.829,0,NORMAL,0
66.03,58.75,22.43,397.96,38.9,2.18,64.15,0.974,49.94,7.27,0.774,0.0259,0.011,0.785,1.684,0,NORMAL,0
66.05,60.65,25.57,395.9,39.59,1.24,70.01,0.971,49.99,5.4,0.784,-0.017,-0.0266,0.38,1.137,0,NORMAL,0
63.71,55.41,24.31,395.96,27.82,2.01,52.72,0.93,50.0,8.29,0.551,0.0069,-0.0432,0.556,1.763,0,NORMAL,0
66.27,56.55,22.93,394.98,36.83,1.54,60.55,0.969,50.01,9.71,0.727,0.004,0.0113,1.106,1.089,0,NORMAL,0
62.44,52.73,23.8,401.8,35.42,1.85,60.42,0.931,49.93,9.71,0.712,-0.0182,-0.0126,1.164,0.828,0,NORMAL,0
62.0,55.61,22.26,399.83,33.58,1.1,55.44,0.945,49.97,6.39,0.671,0.0113,0.0103,0.881,1.186,0,NORMAL,0
105.34,87.96,33.51,396.03,80.61,3.33,126.54,0.934,49.89,17.37,1.596,0.2546,-0.0171,5.742,5.456,1,THERMAL_OVERLOAD,1
62.56,53.69,24.89,402.98,34.21,1.97,57.26,0.931,49.99,8.87,0.689,0.0025,-0.0504,1.04,0.631,0,NORMAL,0
60.77,56.29,22.23,397.69,33.47,1.01,55.43,0.945,50.0,4.48,0.666,-0.0065,-0.0074,1.126,0.743,0,NORMAL,0
61.82,54.86,26.12,398.52,30.57,1.09,50.64,0.967,49.95,6.96,0.609,0.0245,0.0079,0.922,0.786,0,NORMAL,0
64.41,54.9,25.52,399.53,36.45,1.58,59.04,0.932,50.03,9.51,0.728,-0.0066,0.0356,0.469,0.538,0,NORMAL,0
60.32,52.52,26.8,407.92,31.6,1.53,51.38,0.955,49.99,7.8,0.645,0.0035,-0.0262,1.004,0.823,0,NORMAL,0
67.64,63.02,25.9,400.16,48.13,1.6,78.0,0.96,50.04,4.62,0.963,-0.0019,-0.0099,1.16,1.543,0,NORMAL,0
68.46,62.86,27.72,392.67,41.03,2.12,73.38,0.979,50.13,5.6,0.806,0.0332,-0.015,1.145,0.867,0,NORMAL,0
62.21,54.85,24.83,399.21,31.68,1.87,49.16,0.954,50.01,7.36,0.632,0.0143,-0.0077,0.88,0.642,0,NORMAL,0
60.76,55.55,26.75,398.28,36.24,1.81,55.49,0.962,50.03,5.2,0.722,0.0332,-0.0202,0.805,0.57,0,NORMAL,0
59.21,53.52,22.61,397.67,39.84,1.74,65.37,0.931,50.0,5.69,0.792,-0.0217,-0.0131,1.138,0.717,0,NORMAL,0
72.43,65.63,28.67,398.21,35.06,11.33,64.24,0.917,49.95,6.8,0.698,0.0442,0.5878,0.834,1.915,2,MECHANICAL_FAULT,1
66.66,58.18,26.27,392.87,42.56,1.93,69.72,0.971,49.97,8.47,0.836,-0.0415,-0.0024,0.3,1.615,0,NORMAL,0
101.71,94.56,37.35,404.0,67.59,3.5,104.73,0.899,49.87,7.16,1.365,0.7185,0.1352,5.965,4.904,1,THERMAL_OVERLOAD,1
67.2,62.97,26.79,394.92,37.59,1.54,66.15,0.951,50.05,4.23,0.742,0.0494,0.0051,0.913,1.487,0,NORMAL,0
107.52,98.95,43.98,396.39,59.86,3.59,96.81,0.889,49.95,8.57,1.186,0.5229,0.0185,4.54,5.492,1,THERMAL_OVERLOAD,1
64.01,57.07,22.33,391.94,31.05,1.74,54.33,0.969,49.96,6.94,0.609,-0.0166,0.0146,0.627,1.852,0,NORMAL,0
65.77,61.56,26.32,398.66,39.78,2.07,66.14,0.976,49.96,4.21,0.793,0.0826,0.0016,0.609,1.659,0,NORMAL,0
106.82,91.1,36.5,393.59,74.21,3.61,112.76,0.892,50.05,15.72,1.46,0.4323,0.1114,5.321,3.114,1,THERMAL_OVERLOAD,1
66.05,56.06,27.04,401.3,42.0,1.78,67.97,0.965,49.98,9.99,0.843,0.0325,-0.0132,1.1,0.828,0,NORMAL,0
69.59,61.73,24.85,401.42,43.35,2.04,74.92,0.967,49.94,7.86,0.87,0.0212,0.0269,0.777,1.123,0,NORMAL,0
108.27,92.7,33.67,401.37,71.7,3.28,110.54,0.899,49.86,15.57,1.439,0.4606,-0.0224,4.257,5.95,1,THERMAL_OVERLOAD,1
59.98,53.56,24.18,399.82,30.97,9.09,61.9,0.931,49.92,6.42,0.619,0.0487,0.3977,1.721,1.775,2,MECHANICAL_FAULT,1
57.47,50.93,26.46,395.9,26.83,1.58,45.61,0.974,49.96,6.54,0.531,-0.0118,0.0336,0.31,1.137,0,NORMAL,0
90.6,89.38,26.51,388.24,69.61,2.2,108.38,0.911,49.83,1.21,1.351,0.7556,-0.0386,3.64,6.448,1,THERMAL_OVERLOAD,1
60.14,51.21,26.29,394.21,32.8,1.04,53.79,0.934,50.02,8.92,0.647,0.0143,0.0007,0.557,1.938,0,NORMAL,0
64.1,54.11,21.75,403.39,34.44,1.52,58.85,0.977,50.03,9.99,0.695,0.0184,-0.0404,0.392,1.946,0,NORMAL,0
65.79,58.31,27.43,402.02,40.32,2.08,67.74,0.939,49.97,7.48,0.81,0.004,-0.0039,1.021,1.6,0,NORMAL,0
63.04,57.37,27.11,400.89,37.38,1.46,66.04,0.964,49.97,5.66,0.749,-0.0048,-0.0063,0.907,0.983,0,NORMAL,0
63.99,59.1,28.14,399.89,41.43,1.44,68.63,0.938,49.98,4.89,0.828,-0.0214,-0.0268,0.27,1.377,0,NORMAL,0
89.6,98.99,34.36,395.77,74.19,2.43,114.25,0.924,49.84,-9.39,1.468,0.3451,0.0153,4.208,5.945,1,THERMAL_OVERLOAD,1
63.08,57.05,26.98,394.95,34.09,2.11,56.77,0.976,50.04,6.03,0.673,0.0162,0.0143,0.228,0.87,0,NORMAL,0
64.83,59.06,23.35,402.21,44.05,1.51,71.72,0.937,49.94,5.77,0.886,-0.0127,0.0181,1.055,0.534,0,NORMAL,0
60.15,56.13,23.68,400.73,31.54,1.22,53.4,0.947,50.04,4.02,0.632,-0.0236,0.0177,0.484,1.311,0,NORMAL,0
59.88,52.37,22.47,401.51,31.71,1.29,55.1,0.954,49.95,7.52,0.637,0.0006,0.0237,0.726,0.806,0,NORMAL,0
66.29,59.5,25.09,403.32,41.84,1.53,66.38,0.969,50.02,6.79,0.844,0.0308,-0.0073,0.22,0.943,0,NORMAL,0
59.33,49.44,21.34,399.08,35.73,0.98,59.0,0.954,50.03,9.89,0.713,-0.0284,0.0323,0.538,1.347,0,NORMAL,0
131.98,110.99,63.92,341.27,110.74,11.53,140.44,0.671,49.17,20.99,1.89,1.6936,0.815,10.03,9.571,4,CRITICAL_FAILURE,1
66.72,59.95,26.4,396.81,38.54,1.27,65.96,0.976,50.02,6.77,0.765,-0.0206,0.0223,1.135,1.592,0,NORMAL,0
90.16,94.7,33.2,398.97,77.18,3.86,122.03,0.922,50.06,-4.54,1.54,0.2323,-0.0098,6.494,4.329,1,THERMAL_OVERLOAD,1
103.31,103.24,31.7,401.17,71.2,2.07,105.51,0.883,49.78,0.08,1.428,0.1876,0.1507,2.514,5.53,1,THERMAL_OVERLOAD,1
74.55,91.35,10.19,371.3,41.36,3.67,81.34,0.709,49.77,-16.8,0.768,0.1585,-0.0146,3.673,3.561,3,DIELECTRIC_FAULT,1
125.31,119.04,64.42,351.9,104.35,12.78,128.36,0.735,48.59,6.27,1.836,1.2439,0.4835,9.714,8.435,4,CRITICAL_FAILURE,1
97.72,89.42,43.93,401.04,76.98,3.3,113.73,0.917,49.81,8.3,1.544,0.4108,-0.0324,5.082,4.733,1,THERMAL_OVERLOAD,1
87.67,78.18,6.27,380.41,53.76,2.11,87.81,0.745,49.66,9.49,1.023,0.2209,-0.0385,3.302,2.07,3,DIELECTRIC_FAULT,1
67.11,62.65,25.66,406.62,39.97,1.51,63.57,0.966,50.01,4.46,0.813,0.0071,0.0138,0.874,1.582,0,NORMAL,0
77.1,71.05,26.98,396.67,41.87,5.56,70.51,0.943,50.09,6.05,0.831,0.0719,0.1579,0.994,1.525,2,MECHANICAL_FAULT,1
69.47,60.98,24.99,396.39,44.14,1.1,74.79,0.937,49.99,8.49,0.875,-0.0578,-0.0473,0.863,1.141,0,NORMAL,0
66.51,60.4,21.51,398.32,36.86,1.1,65.2,0.936,49.99,6.1,0.734,0.0304,-0.0036,1.073,1.32,0,NORMAL,0
115.16,111.02,52.44,355.16,102.11,9.51,120.94,0.694,48.24,4.14,1.813,1.9567,1.0217,11.985,14.939,4,CRITICAL_FAILURE,1
60.98,52.4,25.6,404.55,31.05,0.9,54.66,0.931,50.01,8.58,0.628,0.0268,-0.0245,0.817,1.264,0,NORMAL,0
105.62,92.85,32.25,400.15,87.3,3.68,131.08,0.91,49.92,12.77,1.747,0.5384,0.0819,4.293,4.425,1,THERMAL_OVERLOAD,1
89.15,99.71,31.69,407.17,92.57,3.59,133.23,0.928,49.96,-10.56,1.885,0.7,-0.0179,5.506,3.578,1,THERMAL_OVERLOAD,1
64.02,58.27,26.06,402.72,27.79,1.79,46.63,0.932,49.92,5.76,0.559,-0.037,0.005,0.34,1.435,0,NORMAL,0
66.32,60.27,26.6,399.18,47.59,2.07,74.88,0.974,50.0,6.05,0.95,0.0219,-0.0176,0.583,1.897,0,NORMAL,0
64.25,59.76,28.62,400.61,36.92,1.44,62.27,0.954,50.02,4.49,0.74,0.0271,-0.0473,0.851,1.318,0,NORMAL,0
91.08,91.53,33.63,395.15,65.56,2.14,100.57,0.905,49.8,-0.45,1.295,0.3692,0.0793,4.557,4.994,1,THERMAL_OVERLOAD,1
58.28,53.43,24.0,408.07,27.89,1.55,45.63,0.945,50.02,4.85,0.569,0.0224,0.0124,0.266,0.789,0,NORMAL,0
74.28,89.37,49.1,397.12,44.55,3.34,89.55,0.685,50.43,-15.1,0.885,0.2759,-0.0116,3.911,2.479,3,DIELECTRIC_FAULT,1
59.26,52.22,25.7,404.44,29.58,0.83,51.03,0.95,50.0,7.04,0.598,-0.024,-0.0297,0.245,1.042,0,NORMAL,0
59.09,49.41,24.51,404.01,37.13,1.53,62.74,0.934,49.99,9.69,0.75,-0.0523,0.0018,0.896,0.633,0,NORMAL,0
62.7,57.68,27.5,403.78,41.95,1.61,67.29,0.954,49.98,5.02,0.847,0.0503,-0.0253,0.411,0.899,0,NORMAL,0
59.47,50.36,30.1,406.53,33.09,1.72,51.89,0.969,50.0,9.11,0.673,0.0628,-0.0148,0.567,1.833,0,NORMAL,0
109.11,115.18,51.53,349.39,95.19,8.94,133.78,0.764,48.53,-6.08,1.663,1.3541,0.4808,8.356,8.003,4,CRITICAL_FAILURE,1
66.14,58.49,25.09,400.73,38.45,2.13,64.09,0.968,50.03,7.65,0.77,-0.0078,-0.0054,0.554,0.896,0,NORMAL,0
69.4,62.8,22.15,400.87,42.82,2.12,68.19,0.959,50.02,6.6,0.858,-0.015,-0.0375,1.006,0.742,0,NORMAL,0
65.37,58.11,27.04,407.68,42.16,1.32,69.12,0.972,50.03,7.26,0.859,-0.0152,-0.015,0.243,1.047,0,NORMAL,0
69.34,64.92,28.06,400.12,44.7,1.4,74.82,0.963,50.03,4.42,0.894,0.0096,0.0295,0.504,0.776,0,NORMAL,0
63.85,59.63,25.0,407.74,36.01,2.08,61.15,0.936,49.91,4.22,0.734,0.0149,-0.0194,0.575,1.435,0,NORMAL,0
120.15,107.35,61.22,351.62,91.91,12.72,135.44,0.714,49.13,12.81,1.616,0.6878,0.6099,11.288,13.135,4,CRITICAL_FAILURE,1
61.95,53.94,23.08,393.8,28.52,1.54,47.87,0.953,50.01,8.01,0.562,0.0004,0.0308,0.681,1.579,0,NORMAL,0
67.63,59.85,25.91,403.39,48.58,2.18,76.07,0.964,49.99,7.78,0.98,-0.0335,0.026,0.361,1.964,0,NORMAL,0
63.52,53.69,26.94,401.94,32.41,1.16,58.41,0.954,49.92,9.82,0.651,0.0002,-0.0265,0.647,1.044,0,NORMAL,0
60.71,54.39,27.49,399.64,30.16,1.46,51.38,0.933,49.98,6.32,0.603,-0.0062,0.0138,0.869,1.501,0,NORMAL,0
61.14,52.18,23.36,401.71,30.81,1.88,52.64,0.947,50.03,8.96,0.619,0.0704,0.0131,0.809,1.59,0,NORMAL,0
67.02,61.56,22.08,399.52,43.43,0.8,69.97,0.963,49.97,5.47,0.868,0.0275,0.0246,0.273,1.49,0,NORMAL,0
62.19,52.93,26.05,391.21,28.73,1.58,47.27,0.933,49.98,9.27,0.562,0.0004,0.0096,0.491,1.204,0,NORMAL,0
74.61,89.31,9.19,357.95,47.79,2.72,80.65,0.706,50.05,-14.7,0.855,0.3467,0.0674,3.331,2.477,3,DIELECTRIC_FAULT,1
65.67,56.07,23.85,399.97,33.83,1.26,56.07,0.942,49.94,9.6,0.677,-0.0045,0.0121,0.404,0.679,0,NORMAL,0
104.52,98.59,33.16,390.35,84.61,2.81,127.05,0.883,49.93,5.93,1.651,0.7849,0.0283,6.074,6.532,1,THERMAL_OVERLOAD,1
62.35,57.65,21.35,401.69,43.31,1.06,73.49,0.975,49.95,4.7,0.87,0.0115,-0.0198,1.09,1.868,0,NORMAL,0
96.24,95.47,29.5,393.83,63.9,2.58,96.07,0.908,49.87,0.77,1.258,0.3573,0.0456,2.777,5.868,1,THERMAL_OVERLOAD,1
60.76,52.4,29.33,404.12,30.05,1.47,50.63,0.944,50.05,8.36,0.607,-0.011,-0.0295,1.135,1.695,0,NORMAL,0
120.02,102.63,51.3,333.71,110.81,9.22,126.57,0.664,49.07,17.39,1.849,1.5074,1.0233,5.802,8.82,4,CRITICAL_FAILURE,1
64.02,57.31,25.21,407.42,29.49,1.87,50.33,0.943,50.01,6.71,0.601,-0.016,-0.0557,0.499,0.642,0,NORMAL,0
79.31,91.72,7.17,364.28,27.51,1.99,51.14,0.837,49.79,-12.41,0.501,0.3313,-0.0134,2.958,2.288,3,DIELECTRIC_FAULT,1
59.53,51.2,23.89,398.22,31.45,1.81,49.21,0.962,50.02,8.33,0.626,0.0563,-0.0155,0.382,1.863,0,NORMAL,0
65.08,55.94,22.33,401.94,34.36,1.76,59.92,0.976,50.0,9.14,0.691,-0.014,-0.0055,0.425,1.076,0,NORMAL,0
97.62,102.52,28.04,388.49,77.58,3.96,123.61,0.937,49.74,-4.9,1.507,0.5898,0.0472,2.879,6.165,1,THERMAL_OVERLOAD,1
65.24,56.56,27.52,401.18,42.09,1.4,69.91,0.935,49.92,8.67,0.844,-0.0159,0.0105,0.658,1.554,0,NORMAL,0
64.4,55.02,27.22,392.64,38.19,2.05,63.68,0.949,50.1,9.37,0.75,-0.0167,-0.0018,0.349,1.772,0,NORMAL,0
62.28,57.09,25.89,396.66,26.77,1.77,46.89,0.955,50.0,5.2,0.531,0.0219,0.017,1.092,0.807,0,NORMAL,0
65.3,56.14,24.24,398.02,46.66,1.38,75.38,0.952,50.04,9.16,0.928,-0.013,0.0186,1.092,1.425,0,NORMAL,0
62.37,56.62,21.38,400.78,38.51,1.8,60.2,0.974,49.99,5.75,0.772,-0.0215,0.0132,0.69,0.634,0,NORMAL,0
60.98,51.26,25.62,396.83,32.96,1.21,57.43,0.945,49.91,9.72,0.654,-0.0344,0.02,0.639,0.936,0,NORMAL,0
108.48,108.78,57.36,345.81,108.51,15.46,144.23,0.683,48.84,-0.3,1.876,1.4539,0.5562,6.291,12.655,4,CRITICAL_FAILURE,1
60.58,56.23,27.98,406.4,30.63,1.79,48.34,0.949,50.08,4.36,0.622,0.0209,0.0311,0.952,1.486,0,NORMAL,0
64.44,60.23,27.34,399.67,44.3,1.56,71.78,0.972,50.01,4.21,0.885,0.0055,-0.0073,0.814,1.501,0,NORMAL,0
116.53,110.08,49.96,350.27,102.28,12.54,134.91,0.734,49.09,6.45,1.791,0.8209,0.7286,8.403,14.143,4,CRITICAL_FAILURE,1
63.08,53.63,27.17,397.04,36.64,2.1,59.95,0.98,50.08,9.45,0.727,0.015,-0.0135,0.78,1.191,0,NORMAL,0
62.03,53.91,23.34,399.59,38.44,2.13,65.31,0.943,49.96,8.12,0.768,0.002,0.0206,0.848,1.953,0,NORMAL,0
62.55,57.2,27.31,401.47,36.84,1.89,63.59,0.937,50.08,5.35,0.739,-0.014,0.0308,0.357,0.771,0,NORMAL,0
60.85,55.52,21.44,403.86,30.36,0.92,49.91,0.951,49.94,5.33,0.613,-0.0139,-0.0004,0.688,0.641,0,NORMAL,0
65.4,61.15,24.87,397.69,34.57,2.17,61.84,0.98,49.92,4.25,0.687,0.0293,-0.0146,0.25,1.213,0,NORMAL,0
96.71,89.99,24.43,391.57,71.83,3.55,109.65,0.911,49.88,6.72,1.406,0.481,0.0331,4.64,6.409,1,THERMAL_OVERLOAD,1
66.99,57.2,24.63,399.4,44.5,1.0,73.34,0.979,50.01,9.78,0.889,-0.0005,0.0588,0.894,1.952,0,NORMAL,0
60.65,50.96,28.19,401.27,31.72,1.68,55.86,0.948,50.04,9.7,0.636,0.0151,-0.0128,0.617,1.178,0,NORMAL,0
65.82,61.06,26.18,394.75,36.67,1.16,63.7,0.95,50.02,4.76,0.724,0.0986,-0.0028,0.859,0.562,0,NORMAL,0
65.71,58.72,29.14,397.45,43.41,0.98,73.75,0.97,49.95,7.0,0.863,0.0095,0.0235,0.768,0.663,0,NORMAL,0
67.29,61.03,23.24,400.04,48.13,1.21,77.92,0.98,49.97,6.27,0.963,0.044,-0.0008,1.073,0.9,0,NORMAL,0
62.45,53.17,23.46,394.51,40.29,1.0,65.33,0.969,49.94,9.28,0.795,-0.0604,-0.0241,0.378,0.7,0,NORMAL,0
59.46,49.55,22.77,404.27,39.05,0.86,58.4,0.951,50.02,9.91,0.789,-0.0216,0.0042,0.574,1.876,0,NORMAL,0
74.46,68.99,23.85,390.07,44.28,8.69,81.25,0.935,50.13,5.47,0.864,-0.0046,0.1299,1.317,1.538,2,MECHANICAL_FAULT,1
60.75,52.06,21.94,412.56,31.69,0.97,57.47,0.977,50.02,8.69,0.654,0.0103,0.0245,0.719,0.518,0,NORMAL,0
65.67,56.36,26.24,399.05,38.45,1.86,63.75,0.972,49.94,9.31,0.767,-0.0382,-0.0422,1.066,0.985,0,NORMAL,0
59.57,50.98,24.02,393.13,29.0,1.41,49.66,0.937,50.01,8.59,0.57,0.0421,0.0086,1.121,1.633,0,NORMAL,0
67.85,58.7,23.07,401.24,44.77,1.14,74.65,0.951,49.97,9.15,0.898,-0.0245,-0.0227,0.335,0.944,0,NORMAL,0
62.19,53.56,22.4,397.53,29.01,1.1,49.78,0.937,50.04,8.63,0.577,-0.0188,-0.0095,0.817,1.398,0,NORMAL,0
117.12,102.56,35.59,391.02,69.3,3.31,104.93,0.893,49.86,14.56,1.355,0.4765,0.0222,6.104,3.155,1,THERMAL_OVERLOAD,1
65.48,58.97,26.06,399.02,45.46,2.07,70.14,0.975,50.0,6.51,0.907,0.006,-0.0243,0.234,1.59,0,NORMAL,0
82.81,75.16,7.85,364.25,36.63,3.45,72.45,0.771,49.63,7.65,0.667,0.1922,0.0412,3.491,3.753,3,DIELECTRIC_FAULT,1
118.03,110.69,59.25,353.59,109.61,15.26,152.3,0.606,48.31,7.34,1.938,1.636,0.6755,9.744,8.05,4,CRITICAL_FAILURE,1
63.34,56.98,26.97,398.9,35.52,2.02,58.04,0.959,50.0,6.36,0.708,-0.0143,-0.0275,1.176,1.412,0,NORMAL,0
79.45,78.58,6.72,396.22,41.13,2.04,82.56,0.778,49.78,0.87,0.815,0.3388,0.094,2.496,4.566,3,DIELECTRIC_FAULT,1
67.26,61.88,25.15,398.31,47.2,1.27,76.75,0.932,50.01,5.39,0.94,0.008,-0.0286,0.277,1.63,0,NORMAL,0
72.23,93.73,7.2,397.97,42.51,3.51,74.53,0.725,49.72,-21.49,0.846,0.3024,0.0617,3.546,4.604,3,DIELECTRIC_FAULT,1
70.2,65.97,26.86,394.87,48.63,1.21,77.53,0.975,50.03,4.23,0.96,-0.0026,0.0202,0.597,1.861,0,NORMAL,0
61.88,55.29,26.87,400.42,34.04,1.09,55.56,0.933,50.05,6.59,0.682,0.0551,0.0084,1.198,1.038,0,NORMAL,0
62.33,56.0,25.87,394.91,29.46,1.02,53.03,0.96,50.03,6.33,0.582,-0.0224,0.0047,0.666,0.891,0,NORMAL,0
103.36,97.86,33.77,390.97,65.99,3.13,97.22,0.924,49.85,5.5,1.29,0.299,0.0832,6.143,3.906,1,THERMAL_OVERLOAD,1
62.78,57.69,28.63,402.99,39.19,2.17,62.0,0.97,50.09,5.09,0.79,0.0199,0.0246,0.866,1.158,0,NORMAL,0
65.89,57.42,24.93,401.58,44.44,1.5,76.57,0.948,49.93,8.47,0.892,0.0105,0.003,0.903,0.94,0,NORMAL,0
61.48,54.39,27.26,403.93,32.82,1.49,56.39,0.964,50.01,7.09,0.663,-0.0042,-0.0513,1.166,1.956,0,NORMAL,0
64.03,57.38,27.86,399.72,42.7,1.76,70.52,0.948,49.99,6.65,0.853,0.0082,-0.0055,0.353,1.787,0,NORMAL,0
57.89,49.35,23.39,396.66,30.92,0.83,49.99,0.935,50.0,8.54,0.613,0.0206,-0.0028,0.837,1.703,0,NORMAL,0
64.89,57.36,26.08,406.23,43.46,1.49,75.07,0.971,49.98,7.53,0.883,0.0066,-0.0009,0.97,1.949,0,NORMAL,0
60.59,51.51,25.58,403.53,28.55,1.52,46.63,0.976,50.01,9.08,0.576,-0.0293,-0.0122,0.748,1.18,0,NORMAL,0
73.58,68.09,31.92,410.19,45.54,6.24,80.5,0.921,50.0,5.49,0.934,0.0216,0.3025,1.182,1.971,2,MECHANICAL_FAULT,1
70.01,94.73,7.61,363.01,47.4,3.65,80.76,0.704,49.34,-24.72,0.86,0.2117,-0.0541,3.827,4.548,3,DIELECTRIC_FAULT,1
65.77,58.88,23.3,397.45,41.34,1.98,71.59,0.941,50.06,6.89,0.821,-0.0139,-0.0082,0.659,0.955,0,NORMAL,0
123.67,118.26,60.6,345.35,119.49,11.18,154.94,0.663,48.57,5.41,2.063,1.3428,0.69,6.313,11.354,4,CRITICAL_FAILURE,1
60.55,52.19,27.52,400.02,29.65,1.41,52.25,0.939,49.96,8.36,0.593,0.0079,-0.0102,0.586,1.869,0,NORMAL,0
62.4,56.02,23.53,401.51,35.26,1.5,61.84,0.947,49.93,6.38,0.708,-0.0169,-0.0286,0.219,1.659,0,NORMAL,0
62.86,55.39,26.46,398.78,33.51,1.88,54.26,0.945,49.97,7.47,0.668,0.0349,0.0207,0.763,1.401,0,NORMAL,0
113.5,97.99,31.26,395.61,66.98,2.55,98.1,0.894,49.76,15.51,1.325,0.4154,0.0346,5.015,4.14,1,THERMAL_OVERLOAD,1
113.84,87.17,35.16,396.03,79.18,3.82,123.02,0.894,49.94,26.67,1.568,0.5384,0.0051,5.698,6.21,1,THERMAL_OVERLOAD,1
89.77,86.28,10.93,399.36,49.11,2.7,86.03,0.805,49.72,3.49,0.981,0.1456,-0.0564,3.232,4.112,3,DIELECTRIC_FAULT,1
108.77,99.84,32.19,404.5,66.53,3.63,102.65,0.898,50.01,8.93,1.345,0.1771,-0.0042,4.558,6.682,1,THERMAL_OVERLOAD,1
61.0,53.54,25.25,400.24,28.09,1.34,47.33,0.962,50.11,7.45,0.562,-0.0586,-0.003,1.161,1.858,0,NORMAL,0
58.03,49.99,22.75,394.39,33.29,1.77,54.99,0.932,49.95,8.04,0.657,-0.0527,-0.0042,0.252,1.994,0,NORMAL,0
66.56,58.48,19.12,393.03,37.23,6.04,71.05,0.92,50.01,8.08,0.732,0.012,0.3531,1.658,2.78,2,MECHANICAL_FAULT,1
102.72,84.33,28.68,385.68,82.25,3.29,122.68,0.924,49.8,18.39,1.586,0.7399,0.0808,6.287,4.188,1,THERMAL_OVERLOAD,1
65.69,58.68,26.06,398.8,48.97,1.36,75.45,0.937,49.97,7.02,0.976,-0.0056,0.0011,1.166,1.149,0,NORMAL,0
67.02,59.99,23.33,395.19,36.47,1.09,63.21,0.965,50.04,7.03,0.721,-0.0473,0.0025,0.684,1.189,0,NORMAL,0
76.3,68.3,24.63,392.31,39.09,7.1,74.92,0.957,50.02,8.0,0.767,0.0458,0.6421,1.025,2.463,2,MECHANICAL_FAULT,1
61.09,54.58,22.36,399.4,29.76,2.08,52.41,0.948,50.09,6.51,0.594,0.0338,-0.0054,0.285,1.995,0,NORMAL,0
64.96,59.64,25.25,396.65,36.01,0.95,60.9,0.94,50.04,5.31,0.714,-0.0401,0.037,1.086,1.633,0,NORMAL,0
64.53,57.05,25.53,401.55,35.63,1.03,61.21,0.969,49.97,7.48,0.715,-0.0151,-0.0304,0.55,1.788,0,NORMAL,0
117.25,100.92,29.58,392.78,87.98,3.98,133.0,0.904,49.78,16.32,1.728,0.6084,-0.03,4.891,6.793,1,THERMAL_OVERLOAD,1
64.62,57.85,25.94,391.51,45.11,0.88,72.35,0.978,50.05,6.77,0.883,0.0134,-0.0128,0.836,0.781,0,NORMAL,0
66.54,58.84,22.69,402.26,38.94,1.95,67.25,0.941,49.98,7.7,0.783,0.0048,0.0151,0.975,1.098,0,NORMAL,0
65.2,60.66,25.0,407.8,47.06,1.64,74.38,0.947,49.99,4.54,0.96,0.0232,0.0088,0.493,1.288,0,NORMAL,0
109.31,96.64,36.16,391.21,67.59,3.15,97.25,0.932,49.81,12.67,1.322,0.4846,0.0434,3.103,6.853,1,THERMAL_OVERLOAD,1
65.64,59.48,26.53,406.56,34.16,1.64,56.09,0.951,50.03,6.16,0.694,-0.0227,0.0048,0.958,1.311,0,NORMAL,0
66.54,59.74,25.47,401.72,42.31,1.24,73.19,0.97,50.03,6.8,0.85,-0.0347,-0.0008,1.085,1.008,0,NORMAL,0
58.77,49.84,25.37,398.82,28.09,1.49,45.68,0.972,50.08,8.93,0.56,0.0272,-0.0141,0.239,0.522,0,NORMAL,0
65.66,56.91,22.2,400.58,43.04,2.09,73.45,0.931,49.99,8.75,0.862,-0.0624,0.018,0.661,1.305,0,NORMAL,0
107.53,103.86,28.93,402.25,68.89,2.56,103.45,0.9,50.09,3.66,1.386,0.3445,0.0457,4.987,6.609,1,THERMAL_OVERLOAD,1
65.81,57.84,26.05,403.09,38.31,1.55,65.06,0.942,50.05,7.97,0.772,-0.0055,0.0336,0.495,1.703,0,NORMAL,0
65.25,61.04,22.23,399.54,35.58,2.12,63.22,0.944,50.03,4.21,0.711,-0.0125,0.0148,0.346,1.654,0,NORMAL,0
65.69,60.01,22.88,397.15,34.0,1.65,54.07,0.979,50.01,5.68,0.675,-0.0087,0.0136,0.688,0.863,0,NORMAL,0
64.55,59.46,27.09,398.76,39.56,2.01,67.07,0.932,49.97,5.09,0.789,-0.0021,0.0169,1.164,1.308,0,NORMAL,0
111.93,94.31,28.32,393.03,72.29,2.01,113.11,0.938,49.95,17.62,1.421,0.7176,-0.0287,6.216,3.831,1,THERMAL_OVERLOAD,1
68.64,60.55,29.47,399.22,47.13,7.59,78.97,0.908,50.02,8.09,0.941,0.0186,0.291,0.88,2.145,2,MECHANICAL_FAULT,1
63.64,56.59,23.51,398.36,32.34,1.14,50.45,0.97,50.0,7.04,0.644,-0.0256,-0.0134,0.907,1.617,0,NORMAL,0
59.82,55.79,26.87,398.76,31.36,1.91,48.76,0.974,50.0,4.04,0.625,0.0258,-0.0051,0.764,0.98,0,NORMAL,0
76.85,69.77,23.1,395.34,47.95,7.8,83.61,0.933,50.07,7.08,0.948,0.0378,0.1317,1.166,2.73,2,MECHANICAL_FAULT,1
59.21,49.5,23.71,396.76,31.23,0.93,50.96,0.972,50.02,9.71,0.62,0.0178,0.021,0.396,1.22,0,NORMAL,0
61.74,55.22,23.92,401.96,36.89,1.43,61.04,0.96,50.04,6.52,0.741,-0.0231,0.0027,0.824,0.81,0,NORMAL,0
67.64,60.54,26.24,402.85,41.09,10.96,77.81,0.945,50.09,7.1,0.828,0.0746,0.6189,1.057,2.715,2,MECHANICAL_FAULT,1
102.34,88.87,32.66,381.58,85.36,3.73,133.72,0.919,49.83,13.47,1.629,0.4782,-0.0118,5.54,3.077,1,THERMAL_OVERLOAD,1
67.14,57.96,24.38,407.09,38.86,1.67,70.03,0.966,50.02,9.18,0.791,0.005,-0.0034,0.38,1.699,0,NORMAL,0
57.05,49.72,25.17,410.09,33.12,1.16,49.05,0.973,50.11,7.33,0.679,0.0272,0.008,0.476,1.456,0,NORMAL,0
58.77,53.14,24.31,401.8,29.21,2.18,50.33,0.935,50.08,5.62,0.587,-0.0268,0.0077,1.109,1.739,0,NORMAL,0
67.25,62.79,23.78,394.86,42.1,1.99,66.87,0.96,50.04,4.46,0.831,0.0334,-0.0345,0.845,1.56,0,NORMAL,0
62.41,57.84,21.32,403.06,31.91,1.73,55.11,0.957,50.02,4.57,0.643,-0.0415,-0.0027,0.737,1.78,0,NORMAL,0
61.01,53.08,25.9,399.45,35.76,8.54,66.17,0.927,49.97,7.93,0.714,0.0401,0.5885,1.631,1.634,2,MECHANICAL_FAULT,1
67.02,60.29,25.23,406.48,27.72,11.73,60.45,0.936,49.91,6.73,0.563,-0.0052,0.3199,1.191,1.044,2,MECHANICAL_FAULT,1
62.16,56.78,22.5,403.59,34.72,2.01,58.12,0.954,50.07,5.38,0.701,0.0103,0.0091,0.971,1.767,0,NORMAL,0
60.42,54.2,23.97,395.83,36.19,2.0,57.81,0.967,50.03,6.22,0.716,-0.0081,0.0051,0.801,1.471,0,NORMAL,0
66.76,61.11,24.83,405.33,44.62,1.61,71.41,0.945,49.9,5.65,0.904,-0.0237,0.0312,0.401,0.778,0,NORMAL,0
55.14,49.89,29.17,394.34,27.12,1.56,47.49,0.976,50.03,5.25,0.535,0.0059,0.0255,0.97,0.902,0,NORMAL,0
67.08,57.31,26.49,397.95,47.25,1.08,77.24,0.978,50.13,9.77,0.94,0.0579,0.0002,0.664,1.911,0,NORMAL,0
62.5,55.07,30.1,395.91,38.81,1.58,62.14,0.945,50.08,7.43,0.768,0.0244,0.0321,0.784,0.581,0,NORMAL,0
67.28,61.43,27.94,399.7,46.24,2.16,77.76,0.948,50.0,5.85,0.924,0.0016,-0.0044,0.911,1.096,0,NORMAL,0
105.65,99.88,30.41,395.58,68.96,2.04,109.41,0.905,49.8,5.76,1.364,0.7902,0.0149,4.79,3.72,1,THERMAL_OVERLOAD,1
56.02,49.53,27.46,399.52,34.16,5.41,61.29,0.9,50.02,6.49,0.682,0.0418,0.2734,0.936,1.109,2,MECHANICAL_FAULT,1
59.77,50.0,24.23,397.38,32.32,1.02,56.37,0.976,49.9,9.78,0.642,-0.0341,0.0128,0.886,1.201,0,NORMAL,0
55.96,50.59,25.71,385.31,34.88,7.24,60.97,0.934,49.95,5.37,0.672,0.0708,0.5582,1.985,2.482,2,MECHANICAL_FAULT,1
61.35,56.32,24.5,405.34,34.94,2.01,57.75,0.96,50.0,5.03,0.708,-0.0481,-0.0018,0.562,1.924,0,NORMAL,0
60.2,56.2,22.68,402.0,36.44,1.8,62.18,0.941,49.98,4.0,0.732,-0.0248,0.022,1.126,1.168,0,NORMAL,0
129.3,115.17,52.87,344.77,109.69,12.34,122.35,0.736,48.47,14.14,1.891,1.1429,0.4479,5.913,11.492,4,CRITICAL_FAILURE,1
69.5,63.17,25.52,388.22,39.39,10.08,75.81,0.914,50.09,6.33,0.765,-0.0711,0.4531,1.602,2.401,2,MECHANICAL_FAULT,1
64.97,58.08,25.23,404.29,41.31,1.26,66.32,0.938,49.96,6.89,0.835,0.0022,0.0239,1.133,1.709,0,NORMAL,0
62.48,53.42,24.24,402.06,32.08,1.74,55.88,0.938,50.01,9.06,0.645,-0.0054,0.0173,0.486,1.909,0,NORMAL,0
128.68,103.29,52.57,351.67,96.94,12.7,136.02,0.735,49.16,25.38,1.705,1.0508,1.1289,6.272,6.37,4,CRITICAL_FAILURE,1
55.0,47.99,27.48,404.78,38.69,10.06,73.51,0.917,49.8,7.01,0.783,-0.064,0.3635,1.213,1.738,2,MECHANICAL_FAULT,1
67.2,60.07,22.34,408.53,41.98,1.48,72.0,0.95,49.99,7.13,0.858,0.0193,0.0144,0.334,0.633,0,NORMAL,0
66.65,58.19,19.59,402.36,35.92,1.36,56.3,0.931,50.02,8.45,0.723,-0.0111,0.0161,0.788,1.771,0,NORMAL,0
91.09,101.41,33.09,391.93,82.5,3.51,126.04,0.91,49.9,-10.32,1.617,0.2488,-0.0301,6.121,3.92,1,THERMAL_OVERLOAD,1
132.17,117.04,57.29,335.95,110.66,14.89,156.82,0.61,48.66,15.13,1.859,0.8671,1.07,11.798,14.376,4,CRITICAL_FAILURE,1
66.39,58.03,26.85,405.39,40.82,1.7,69.02,0.95,50.03,8.35,0.827,0.0541,-0.0047,1.076,0.908,0,NORMAL,0
64.45,58.72,24.42,404.37,44.95,1.29,73.14,0.948,49.93,5.73,0.909,0.0094,0.0121,0.208,0.724,0,NORMAL,0
66.88,59.28,25.24,400.01,40.7,1.68,72.23,0.977,50.01,7.61,0.814,0.0002,0.0027,0.413,1.18,0,NORMAL,0
63.15,56.56,22.64,397.3,46.31,1.84,72.19,0.955,50.03,6.59,0.92,0.0225,0.0008,0.637,1.185,0,NORMAL,0
56.87,50.79,26.27,395.96,42.42,9.42,70.64,0.953,50.01,6.07,0.84,0.0189,0.3031,2.0,1.196,2,MECHANICAL_FAULT,1
84.92,93.8,10.08,396.88,47.46,2.32,86.12,0.708,49.77,-8.89,0.942,0.2546,0.0867,2.105,2.385,3,DIELECTRIC_FAULT,1
105.25,95.37,25.9,388.79,76.14,3.18,118.23,0.909,50.03,9.88,1.48,0.4773,0.0175,4.644,6.953,1,THERMAL_OVERLOAD,1
108.47,96.77,35.96,391.94,81.29,2.69,126.42,0.938,50.02,11.7,1.593,0.4161,-0.0564,2.547,3.367,1,THERMAL_OVERLOAD,1
59.52,53.13,23.99,404.02,26.21,2.16,45.37,0.957,50.05,6.39,0.529,-0.0306,0.0095,0.575,1.325,0,NORMAL,0
61.58,52.65,23.94,405.47,31.58,2.16,55.81,0.932,49.95,8.93,0.64,0.0049,-0.0043,1.158,1.978,0,NORMAL,0
89.47,87.81,44.37,385.38,32.18,3.38,66.86,0.741,49.8,1.65,0.62,0.2668,-0.0394,2.146,4.136,3,DIELECTRIC_FAULT,1
67.16,62.58,24.38,398.65,40.34,2.14,67.08,0.955,50.0,4.58,0.804,0.0053,0.0246,0.302,1.423,0,NORMAL,0
59.94,51.59,27.6,402.32,32.99,1.36,49.16,0.959,50.1,8.35,0.664,-0.0138,0.0067,1.17,0.859,0,NORMAL,0
67.55,62.89,24.33,401.81,43.5,1.22,75.21,0.938,49.91,4.67,0.874,0.0193,-0.0335,1.026,1.045,0,NORMAL,0
60.23,55.77,24.54,397.19,36.51,1.57,60.61,0.958,49.98,4.46,0.725,0.0425,0.0359,0.695,1.703,0,NORMAL,0
93.46,89.41,34.6,401.92,63.0,2.89,97.9,0.919,50.14,4.05,1.266,0.2599,0.101,4.399,6.295,1,THERMAL_OVERLOAD,1
111.24,99.76,33.4,386.65,64.82,3.42,98.03,0.934,49.86,11.48,1.253,0.3266,-0.0117,5.63,5.085,1,THERMAL_OVERLOAD,1
95.91,97.68,25.13,403.85,69.83,2.21,107.82,0.932,49.87,-1.77,1.41,0.7651,0.031,3.15,5.585,1,THERMAL_OVERLOAD,1
60.25,51.03,26.29,397.53,33.72,0.99,54.43,0.935,50.04,9.22,0.67,-0.0094,-0.0171,0.357,1.57,0,NORMAL,0
71.76,63.19,24.49,393.31,34.65,6.38,61.38,0.915,50.02,8.57,0.681,0.074,0.4318,1.475,1.437,2,MECHANICAL_FAULT,1
64.57,54.62,24.61,399.32,45.23,1.25,76.65,0.942,50.03,9.95,0.903,-0.0042,-0.024,0.541,1.617,0,NORMAL,0
63.12,56.79,25.46,396.69,36.25,1.52,57.59,0.953,49.99,6.33,0.719,0.0043,-0.0064,0.223,0.59,0,NORMAL,0
61.04,56.18,23.7,403.23,33.0,1.07,59.04,0.952,49.9,4.86,0.665,0.0061,-0.0237,0.864,0.594,0,NORMAL,0
65.25,57.15,22.15,405.88,41.65,10.05,73.28,0.945,50.03,8.1,0.845,0.0378,0.5332,0.879,2.246,2,MECHANICAL_FAULT,1
68.01,61.66,28.07,396.29,32.67,11.14,63.26,0.955,49.89,6.35,0.647,0.0374,0.504,1.5,2.387,2,MECHANICAL_FAULT,1
117.35,93.36,26.43,402.26,80.36,2.68,122.18,0.921,49.95,23.99,1.616,0.5711,-0.0224,3.87,3.177,1,THERMAL_OVERLOAD,1
64.38,57.25,23.91,391.49,33.6,10.79,63.99,0.902,49.94,7.13,0.658,0.1539,0.4118,0.822,2.475,2,MECHANICAL_FAULT,1
107.25,113.58,51.25,358.61,116.91,8.75,139.63,0.66,48.77,-6.33,2.096,1.502,0.4394,11.495,6.491,4,CRITICAL_FAILURE,1
60.03,53.12,24.15,403.79,26.46,0.82,46.98,0.936,49.98,6.91,0.534,0.0051,-0.0081,0.289,1.64,0,NORMAL,0
60.03,53.75,25.34,398.71,27.8,2.1,49.27,0.963,49.99,6.29,0.554,-0.0088,-0.0147,1.164,0.704,0,NORMAL,0
61.14,53.83,28.51,401.31,27.69,2.0,46.74,0.935,50.03,7.32,0.556,-0.0625,-0.0112,1.003,1.099,0,NORMAL,0
102.57,101.62,33.74,382.07,65.6,3.1,99.04,0.924,49.82,0.94,1.253,0.3894,-0.0038,2.964,4.5,1,THERMAL_OVERLOAD,1
59.26,52.67,25.08,397.19,30.75,1.07,50.38,0.943,50.04,6.58,0.611,0.0455,-0.0285,0.64,1.089,0,NORMAL,0
85.32,85.84,8.05,386.77,30.53,2.94,52.8,0.698,49.56,-0.52,0.59,0.2725,0.0468,2.425,2.81,3,DIELECTRIC_FAULT,1
60.19,53.03,28.19,397.69,35.79,1.3,58.55,0.966,50.01,7.17,0.712,0.0151,0.0017,0.585,1.852,0,NORMAL,0
66.38,57.42,23.02,409.17,40.55,1.28,64.39,0.934,49.96,8.96,0.83,-0.0126,-0.0242,0.663,0.832,0,NORMAL,0
61.02,56.12,24.65,397.71,28.97,1.39,45.51,0.944,49.92,4.9,0.576,0.0157,-0.0131,1.19,1.667,0,NORMAL,0
61.49,57.45,25.29,401.72,28.48,1.93,47.87,0.977,50.0,4.04,0.572,0.0168,0.0371,0.933,1.993,0,NORMAL,0
67.08,58.45,24.94,402.05,43.88,0.84,74.03,0.933,50.04,8.63,0.882,-0.0023,-0.0036,0.305,1.485,0,NORMAL,0
63.22,54.4,23.41,404.8,34.52,1.38,58.86,0.957,50.02,8.82,0.699,0.0151,-0.0499,1.197,0.703,0,NORMAL,0
65.2,57.13,26.85,402.9,40.06,1.0,68.96,0.943,49.91,8.07,0.807,0.0246,-0.047,0.841,1.231,0,NORMAL,0
65.57,59.18,26.45,394.07,42.57,1.05,67.04,0.933,50.06,6.39,0.839,-0.0335,0.0164,0.7,1.62,0,NORMAL,0
60.36,51.81,24.25,399.95,32.96,1.5,52.77,0.976,50.02,8.55,0.659,-0.0287,-0.0118,0.883,1.391,0,NORMAL,0
105.19,104.82,31.77,393.18,63.37,3.2,98.03,0.929,49.81,0.37,1.246,0.6327,0.0251,4.236,5.475,1,THERMAL_OVERLOAD,1
61.37,54.95,22.67,401.13,34.03,1.34,55.32,0.974,49.98,6.42,0.683,0.0138,-0.0028,1.146,0.717,0,NORMAL,0
127.52,112.85,50.05,331.99,92.57,12.48,130.69,0.627,48.58,14.67,1.537,1.7743,0.5823,5.194,7.74,4,CRITICAL_FAILURE,1
67.05,59.44,23.91,399.41,41.11,1.62,75.36,0.974,50.03,7.62,0.821,0.0111,-0.0033,0.519,1.486,0,NORMAL,0
101.18,104.07,30.69,397.54,65.55,2.46,96.27,0.94,49.83,-2.89,1.303,0.3559,0.0733,6.22,6.751,1,THERMAL_OVERLOAD,1
59.99,53.76,30.19,392.06,40.69,7.1,66.75,0.955,50.17,6.23,0.798,0.0354,0.6154,1.019,2.874,2,MECHANICAL_FAULT,1
113.96,104.62,29.94,388.29,84.01,3.62,127.0,0.924,49.81,9.34,1.631,0.1636,0.1061,5.463,4.675,1,THERMAL_OVERLOAD,1
64.84,55.51,24.54,403.1,36.49,1.37,63.42,0.932,50.06,9.32,0.736,0.0545,0.0279,0.219,0.658,0,NORMAL,0
63.05,58.55,23.64,397.24,30.82,2.2,53.34,0.948,50.0,4.5,0.612,-0.0289,-0.0045,0.437,1.51,0,NORMAL,0
120.25,104.53,63.58,349.2,90.61,14.84,126.49,0.648,48.97,15.73,1.582,1.8426,0.6603,5.694,13.654,4,CRITICAL_FAILURE,1
62.22,57.7,25.09,400.46,37.85,1.68,57.14,0.95,49.91,4.52,0.758,0.0159,0.0111,0.444,1.241,0,NORMAL,0
59.45,54.09,27.94,403.44,34.05,1.52,55.02,0.971,50.02,5.36,0.687,0.0021,0.0178,0.535,1.263,0,NORMAL,0
59.14,54.27,23.28,399.67,34.48,1.19,55.94,0.953,49.92,4.88,0.689,0.0398,-0.0112,1.118,0.651,0,NORMAL,0
77.82,77.01,52.7,367.68,44.11,2.25,77.19,0.832,50.13,0.8,0.811,0.1251,0.086,2.577,4.894,3,DIELECTRIC_FAULT,1
74.91,68.81,27.17,391.3,45.64,6.97,84.89,0.904,49.97,6.09,0.893,0.0072,0.3069,1.656,1.679,2,MECHANICAL_FAULT,1
64.18,55.46,26.5,402.77,43.21,1.38,70.85,0.957,50.02,8.71,0.87,0.0256,0.0395,0.397,0.865,0,NORMAL,0
64.11,56.14,26.03,407.57,38.21,2.01,63.71,0.973,49.98,7.97,0.779,0.0227,-0.0147,1.19,1.739,0,NORMAL,0
68.39,64.08,25.41,397.4,46.88,1.98,77.67,0.975,49.99,4.31,0.932,0.0549,0.0079,0.962,1.533,0,NORMAL,0
61.91,54.55,22.52,389.36,44.44,1.02,70.59,0.939,49.93,7.36,0.865,-0.0233,-0.0222,0.225,0.734,0,NORMAL,0
66.91,58.39,28.06,403.43,41.78,1.02,68.38,0.974,49.99,8.52,0.843,0.0044,0.0241,0.361,1.727,0,NORMAL,0
65.42,56.29,22.92,401.72,35.25,1.49,55.95,0.941,49.97,9.14,0.708,0.0099,-0.0162,0.76,1.097,0,NORMAL,0
63.26,55.51,24.3,406.54,36.16,2.17,60.8,0.932,49.95,7.75,0.735,0.0008,0.0066,0.432,1.624,0,NORMAL,0
64.54,56.11,19.98,394.86,41.99,1.94,75.89,0.975,50.05,8.43,0.829,-0.0375,0.0072,0.666,1.257,0,NORMAL,0
89.73,93.18,31.47,395.44,77.93,3.72,113.98,0.887,49.89,-3.45,1.541,0.8451,0.0223,5.228,6.876,1,THERMAL_OVERLOAD,1
60.32,54.24,25.77,396.08,29.51,2.13,49.35,0.98,49.95,6.07,0.585,0.0399,-0.0335,1.056,0.676,0,NORMAL,0
71.21,65.69,21.72,387.88,42.15,10.78,74.34,0.902,49.88,5.52,0.817,0.0405,0.4738,1.431,3.0,2,MECHANICAL_FAULT,1
60.43,51.78,22.35,414.84,41.15,6.66,74.77,0.909,49.99,8.65,0.854,0.0298,0.5771,1.727,1.764,2,MECHANICAL_FAULT,1
65.37,57.66,26.49,402.47,38.11,1.87,64.11,0.952,50.05,7.71,0.767,0.0209,0.0025,1.108,1.722,0,NORMAL,0
74.26,92.63,51.52,359.11,31.14,2.71,55.1,0.705,49.87,-18.37,0.559,0.3539,0.039,2.165,2.613,3,DIELECTRIC_FAULT,1
57.7,51.79,27.65,407.63,36.83,6.68,64.21,0.911,49.98,5.91,0.751,-0.081,0.2546,0.86,1.357,2,MECHANICAL_FAULT,1
66.27,59.5,22.29,403.48,44.91,1.4,69.91,0.951,49.94,6.76,0.906,-0.0327,0.0104,0.23,0.573,0,NORMAL,0
63.78,59.49,24.82,401.06,32.99,1.23,55.6,0.975,50.08,4.29,0.662,0.0211,0.0017,1.045,1.458,0,NORMAL,0
102.07,87.16,28.32,401.92,88.94,3.77,134.9,0.901,49.95,14.91,1.787,0.4299,0.0152,5.222,4.211,1,THERMAL_OVERLOAD,1
70.28,62.65,23.99,400.25,42.7,9.69,84.61,0.943,50.1,7.64,0.855,0.0226,0.5578,1.707,1.445,2,MECHANICAL_FAULT,1
71.65,62.96,28.56,400.29,45.76,1.24,76.46,0.954,50.0,8.68,0.916,0.0021,0.0128,0.495,0.532,0,NORMAL,0
61.84,53.61,25.16,407.24,26.76,1.14,45.25,0.957,49.91,8.23,0.545,0.0625,-0.0106,0.481,0.515,0,NORMAL,0
62.46,56.43,22.77,397.9,39.14,1.09,64.71,0.977,49.99,6.03,0.779,-0.0112,0.0071,0.805,0.991,0,NORMAL,0
60.09,52.32,24.7,398.54,27.2,1.05,47.83,0.935,50.1,7.78,0.542,-0.0108,-0.0387,0.842,0.502,0,NORMAL,0
117.12,115.61,56.51,331.58,106.25,15.23,122.63,0.742,48.76,1.52,1.761,1.7856,0.4759,6.41,12.304,4,CRITICAL_FAILURE,1
61.14,51.17,26.03,404.78,36.43,0.87,61.61,0.958,49.97,9.97,0.737,-0.0219,-0.0082,0.972,0.826,0,NORMAL,0
63.51,54.0,23.85,403.14,36.78,2.08,66.39,0.941,50.05,9.51,0.741,-0.0149,-0.0073,1.057,0.677,0,NORMAL,0
116.49,83.28,29.89,392.44,79.6,3.72,119.61,0.887,49.93,33.2,1.562,0.2865,0.0625,3.67,5.384,1,THERMAL_OVERLOAD,1
71.01,65.2,22.88,401.12,32.6,6.33,62.42,0.909,49.91,5.81,0.654,-0.0311,0.1351,1.481,2.796,2,MECHANICAL_FAULT,1
65.53,56.81,23.05,400.65,42.56,0.84,70.87,0.933,50.01,8.73,0.853,-0.0073,-0.0463,0.306,1.598,0,NORMAL,0
97.69,96.99,34.13,383.43,81.11,3.91,121.2,0.892,50.02,0.7,1.555,0.2361,-0.0018,6.477,5.713,1,THERMAL_OVERLOAD,1
64.47,58.17,20.24,392.71,36.1,10.35,64.34,0.91,49.95,6.3,0.709,0.0282,0.2422,1.572,1.117,2,MECHANICAL_FAULT,1
65.03,60.98,26.3,397.3,26.96,1.87,49.77,0.966,49.97,4.05,0.536,-0.0045,-0.0153,0.384,1.365,0,NORMAL,0
88.11,91.77,34.29,390.83,75.34,3.35,113.99,0.922,49.83,-3.66,1.472,0.254,0.0815,2.511,4.27,1,THERMAL_OVERLOAD,1
63.2,58.16,23.49,400.09,36.07,1.56,60.48,0.948,50.01,5.04,0.722,0.011,-0.0061,0.883,1.897,0,NORMAL,0
65.94,60.2,21.84,397.45,41.03,1.94,69.62,0.947,50.02,5.74,0.815,0.0044,-0.0282,1.03,0.519,0,NORMAL,0
121.36,99.97,53.52,340.88,120.71,9.56,135.5,0.701,48.66,21.39,2.057,0.9969,1.1997,6.073,13.429,4,CRITICAL_FAILURE,1
57.93,49.65,22.14,404.85,30.93,2.08,53.48,0.963,50.08,8.28,0.626,-0.0046,-0.0108,0.296,0.557,0,NORMAL,0
61.91,57.18,26.37,395.57,29.46,1.88,53.69,0.938,50.05,4.73,0.583,-0.0106,0.0177,0.305,0.93,0,NORMAL,0
98.73,93.05,34.37,390.58,65.67,2.36,97.34,0.931,49.81,5.68,1.283,0.5276,0.0567,5.592,5.973,1,THERMAL_OVERLOAD,1
57.58,48.29,25.16,404.62,30.54,2.19,53.71,0.938,49.94,9.28,0.618,0.01,-0.0074,0.811,1.183,0,NORMAL,0
59.79,51.0,25.58,400.34,34.63,1.27,58.57,0.97,50.01,8.78,0.693,0.0206,-0.0166,1.148,0.521,0,NORMAL,0
64.35,55.8,28.02,399.28,35.93,1.59,58.25,0.938,50.03,8.55,0.717,-0.0562,-0.0009,0.956,0.746,0,NORMAL,0
111.85,98.91,26.92,390.17,83.92,2.82,131.3,0.931,49.89,12.94,1.637,0.1776,0.0606,4.538,5.959,1,THERMAL_OVERLOAD,1
63.21,56.47,24.32,403.28,36.21,0.82,57.86,0.962,50.03,6.75,0.73,0.0575,-0.0018,0.6,1.962,0,NORMAL,0
76.97,93.67,11.34,388.08,37.05,3.38,78.24,0.793,49.49,-16.71,0.719,0.2754,0.0803,2.986,2.448,3,DIELECTRIC_FAULT,1
61.61,53.21,26.47,396.02,36.87,1.99,60.58,0.972,49.93,8.4,0.73,0.0141,-0.0202,0.802,0.923,0,NORMAL,0
66.73,61.68,26.93,398.68,37.45,11.55,63.16,0.954,49.91,5.05,0.746,0.0693,0.2877,0.853,2.014,2,MECHANICAL_FAULT,1
64.84,57.74,21.18,409.73,39.06,0.83,65.11,0.944,50.04,7.1,0.8,-0.011,-0.0202,0.423,1.608,0,NORMAL,0
58.83,50.82,24.11,397.34,43.31,6.32,79.6,0.905,50.08,8.01,0.86,0.0461,0.4035,1.337,2.404,2,MECHANICAL_FAULT,1
64.72,57.17,25.14,397.08,43.59,1.1,66.67,0.938,49.93,7.55,0.865,0.0156,-0.0129,0.54,1.66,0,NORMAL,0
63.36,58.58,21.69,404.76,38.98,1.54,66.4,0.946,50.03,4.78,0.789,0.0077,0.0038,0.943,0.763,0,NORMAL,0
81.79,77.32,6.79,389.18,41.02,2.71,72.19,0.833,49.39,4.48,0.798,0.2251,-0.0976,2.576,3.612,3,DIELECTRIC_FAULT,1
85.71,77.46,11.69,379.11,39.43,2.06,75.48,0.795,49.94,8.25,0.747,0.2549,0.0844,2.836,3.94,3,DIELECTRIC_FAULT,1
62.35,52.36,25.52,403.34,34.06,1.8,50.67,0.977,50.03,9.99,0.687,-0.0119,0.0055,1.03,0.88,0,NORMAL,0
66.17,58.19,23.32,390.08,38.04,7.33,72.42,0.927,49.92,7.98,0.742,-0.01,0.5349,1.045,2.42,2,MECHANICAL_FAULT,1
105.31,90.43,26.4,389.72,66.43,3.65,103.14,0.908,49.62,14.88,1.294,0.3673,0.0242,5.399,3.918,1,THERMAL_OVERLOAD,1
66.4,57.29,27.81,402.93,37.25,1.37,63.3,0.967,50.06,9.12,0.75,0.0211,-0.0122,0.493,1.91,0,NORMAL,0
61.09,55.59,25.04,404.17,25.38,1.37,45.84,0.968,49.96,5.5,0.513,-0.0151,0.0183,1.004,0.78,0,NORMAL,0
64.65,55.36,29.8,393.8,40.75,2.19,67.22,0.979,50.04,9.29,0.802,-0.0136,0.0017,0.596,1.906,0,NORMAL,0
66.43,57.92,27.23,398.31,37.72,1.51,64.25,0.975,49.93,8.51,0.751,0.0293,-0.0054,0.257,1.968,0,NORMAL,0
62.89,57.07,29.41,391.18,33.93,2.15,51.74,0.972,50.01,5.82,0.664,-0.0053,0.0363,0.592,0.549,0,NORMAL,0
58.69,49.33,26.36,395.28,31.13,2.17,54.02,0.964,50.03,9.36,0.615,0.0296,-0.0175,0.689,1.687,0,NORMAL,0
87.87,93.11,49.63,393.3,35.21,2.04,72.96,0.708,49.96,-5.24,0.692,0.1451,-0.0056,2.048,3.956,3,DIELECTRIC_FAULT,1
84.65,88.9,11.14,382.83,37.88,2.39,70.43,0.839,49.9,-4.25,0.725,0.0883,0.0789,2.163,3.709,3,DIELECTRIC_FAULT,1
115.05,89.28,28.47,396.28,79.54,3.05,124.34,0.938,50.0,25.77,1.576,0.5775,0.0012,5.204,4.781,1,THERMAL_OVERLOAD,1
62.64,53.1,26.35,394.1,34.09,1.01,61.26,0.952,49.91,9.54,0.672,-0.0302,-0.008,0.514,0.991,0,NORMAL,0
74.31,66.29,22.38,397.64,38.42,10.01,70.56,0.921,50.05,8.02,0.764,0.0058,0.2355,1.953,2.034,2,MECHANICAL_FAULT,1
82.16,89.03,56.58,370.36,28.82,2.32,54.37,0.701,49.55,-6.87,0.534,0.1863,0.0721,1.739,3.307,3,DIELECTRIC_FAULT,1
61.65,56.42,23.56,400.12,27.34,1.76,50.54,0.947,50.04,5.23,0.547,0.0006,0.0,1.054,1.382,0,NORMAL,0
57.58,52.03,23.61,403.51,31.21,1.71,50.26,0.938,50.11,5.55,0.63,-0.0153,-0.0077,1.167,1.693,0,NORMAL,0
66.87,58.74,26.07,391.88,37.98,1.91,61.94,0.931,50.04,8.13,0.744,-0.0014,-0.0147,0.429,1.368,0,NORMAL,0
65.66,56.89,24.56,397.5,44.41,1.68,70.7,0.954,50.04,8.76,0.883,0.0077,0.0273,1.181,1.558,0,NORMAL,0
100.21,84.62,31.73,398.2,86.5,2.68,130.39,0.94,49.75,15.59,1.722,0.5869,0.0786,4.217,3.198,1,THERMAL_OVERLOAD,1
62.28,54.29,27.31,400.76,32.52,1.8,53.85,0.944,49.99,7.99,0.652,-0.041,0.0389,0.207,1.711,0,NORMAL,0
69.14,60.41,26.77,393.94,44.1,1.58,74.17,0.963,50.03,8.73,0.869,0.0255,0.0184,0.524,0.7,0,NORMAL,0
63.5,53.64,27.13,403.29,43.33,1.45,71.98,0.946,49.98,9.86,0.874,-0.0488,0.0083,0.601,0.999,0,NORMAL,0
70.41,85.64,11.97,364.78,46.66,3.49,80.73,0.789,49.85,-15.23,0.851,0.1485,-0.0533,2.254,4.058,3,DIELECTRIC_FAULT,1
99.08,85.43,36.69,392.36,89.02,3.54,129.81,0.931,49.79,13.65,1.746,0.1624,-0.0688,5.236,3.981,1,THERMAL_OVERLOAD,1
65.24,61.23,27.37,391.7,35.47,0.92,58.61,0.932,49.98,4.01,0.695,0.0238,-0.0157,1.049,0.521,0,NORMAL,0
61.73,54.76,23.97,392.12,31.39,1.13,52.48,0.965,50.0,6.96,0.615,0.0112,0.0294,0.471,1.108,0,NORMAL,0
60.82,53.77,23.85,403.12,32.67,1.9,53.34,0.967,50.02,7.05,0.658,-0.022,-0.0224,0.91,0.858,0,NORMAL,0
64.23,58.35,21.5,400.26,40.88,1.18,68.06,0.952,50.07,5.87,0.818,-0.0408,-0.0118,0.414,1.5,0,NORMAL,0
59.78,54.46,24.73,396.63,33.1,1.65,50.32,0.958,50.0,5.32,0.656,0.006,-0.0169,1.199,1.917,0,NORMAL,0
68.1,61.11,27.68,385.46,35.59,10.14,65.89,0.952,49.93,6.99,0.686,-0.0091,0.6417,1.839,1.728,2,MECHANICAL_FAULT,1
73.57,86.24,49.65,370.31,38.27,2.6,77.21,0.789,49.86,-12.67,0.709,0.2474,0.1242,2.059,4.028,3,DIELECTRIC_FAULT,1
66.44,56.85,20.84,394.54,40.09,1.48,66.23,0.932,49.91,9.59,0.791,0.0247,-0.0033,0.941,1.863,0,NORMAL,0
60.02,55.36,29.3,399.7,32.54,1.29,52.06,0.963,49.99,4.65,0.65,0.0446,0.0032,1.122,1.245,0,NORMAL,0
65.49,57.55,24.43,397.53,34.1,1.79,57.29,0.93,50.03,7.94,0.678,-0.0341,-0.004,1.004,1.659,0,NORMAL,0
75.61,80.27,45.23,383.99,29.98,3.68,50.54,0.813,49.77,-4.66,0.576,0.0903,0.0575,2.591,3.395,3,DIELECTRIC_FAULT,1
61.15,52.1,28.16,400.36,29.72,1.0,49.1,0.97,49.98,9.05,0.595,-0.013,0.0079,0.865,1.285,0,NORMAL,0
67.83,61.94,21.49,395.0,46.61,1.19,77.81,0.979,49.97,5.9,0.921,0.0142,-0.0141,0.2,1.394,0,NORMAL,0
62.08,55.71,26.4,396.89,38.59,1.64,63.85,0.949,49.95,6.36,0.766,-0.0098,0.0264,0.653,1.667,0,NORMAL,0
101.49,98.53,34.15,397.2,75.7,3.08,119.85,0.929,49.87,2.96,1.503,0.2847,-0.0171,5.023,5.656,1,THERMAL_OVERLOAD,1
116.2,112.34,53.58,344.1,89.74,10.6,157.2,0.746,49.15,3.86,1.544,0.9042,0.5882,7.934,12.357,4,CRITICAL_FAILURE,1
78.8,89.74,9.94,397.28,23.76,1.98,55.85,0.829,49.95,-10.93,0.472,0.2668,0.0665,3.077,2.663,3,DIELECTRIC_FAULT,1
66.58,60.79,24.0,389.74,47.4,1.34,75.47,0.976,50.03,5.79,0.924,-0.0066,0.0221,0.722,0.967,0,NORMAL,0
97.93,87.93,26.27,381.02,66.83,2.4,106.88,0.926,50.05,10.0,1.273,0.6566,0.027,3.618,6.455,1,THERMAL_OVERLOAD,1
59.18,50.35,23.58,404.84,27.6,1.94,46.67,0.977,49.96,8.83,0.559,-0.0033,-0.0179,0.537,1.806,0,NORMAL,0
62.07,53.33,26.45,392.75,41.95,0.86,71.92,0.952,50.08,8.74,0.824,-0.0369,0.0002,1.187,0.953,0,NORMAL,0
64.12,60.01,19.12,396.02,33.21,0.88,58.57,0.937,49.97,4.11,0.658,-0.0477,0.0012,1.078,0.76,0,NORMAL,0
69.41,61.51,23.29,389.66,44.78,6.36,82.0,0.909,49.93,7.9,0.872,-0.0216,0.5178,1.437,2.096,2,MECHANICAL_FAULT,1
59.67,50.33,26.52,401.23,35.09,1.3,57.34,0.965,50.01,9.34,0.704,0.0403,0.0234,0.845,0.832,0,NORMAL,0
64.15,55.36,26.59,404.8,45.12,0.95,72.47,0.969,49.99,8.79,0.913,0.023,-0.0208,0.638,0.966,0,NORMAL,0
64.69,55.17,22.43,401.67,43.69,0.98,72.07,0.943,50.02,9.52,0.878,0.001,-0.0192,0.27,0.835,0,NORMAL,0
66.29,60.31,23.11,405.0,45.35,1.4,72.08,0.961,50.0,5.98,0.918,0.0264,0.0006,0.361,0.785,0,NORMAL,0
67.25,58.28,27.75,397.37,37.03,1.51,65.1,0.948,50.01,8.97,0.736,-0.0326,-0.0358,0.8,1.159,0,NORMAL,0
62.21,54.47,23.28,402.56,34.66,1.0,61.55,0.966,49.91,7.74,0.698,-0.0294,0.0006,0.578,1.817,0,NORMAL,0
60.25,50.83,24.47,393.18,35.26,2.04,59.26,0.968,49.92,9.42,0.693,-0.0385,0.0152,0.801,0.686,0,NORMAL,0
72.29,88.81,11.99,366.29,35.8,3.72,67.38,0.832,49.71,-16.52,0.656,0.1999,0.0275,3.738,2.864,3,DIELECTRIC_FAULT,1
64.7,59.79,29.34,400.9,39.5,0.88,67.06,0.966,49.98,4.92,0.792,0.0332,0.0261,0.755,0.939,0,NORMAL,0
65.25,57.19,21.43,405.65,45.02,0.94,73.18,0.939,50.04,8.06,0.913,0.0781,-0.0038,0.495,1.856,0,NORMAL,0
59.22,51.58,23.84,406.82,27.2,2.13,47.06,0.972,50.01,7.64,0.553,0.015,0.0094,1.133,1.316,0,NORMAL,0
61.15,54.07,24.63,398.79,31.66,1.64,51.23,0.958,49.97,7.09,0.631,-0.0429,-0.0385,0.427,1.184,0,NORMAL,0
60.38,53.0,24.72,397.8,37.3,1.54,56.94,0.937,50.09,7.38,0.742,0.0661,0.0126,1.195,1.994,0,NORMAL,0
116.06,89.17,32.37,414.09,70.33,3.21,112.18,0.935,49.87,26.88,1.456,0.2322,-0.0396,4.323,6.197,1,THERMAL_OVERLOAD,1
75.7,69.66,27.15,397.39,38.42,5.54,77.95,0.912,50.09,6.05,0.763,0.0756,0.1536,0.823,1.623,2,MECHANICAL_FAULT,1
63.91,58.0,24.74,399.23,40.19,1.96,64.85,0.963,50.02,5.91,0.802,-0.0163,0.0722,0.562,1.797,0,NORMAL,0
61.66,54.24,28.15,400.42,25.23,1.0,46.76,0.961,50.02,7.42,0.505,0.0286,-0.0015,0.72,1.914,0,NORMAL,0
67.62,61.29,26.37,399.44,30.43,5.46,62.59,0.954,49.92,6.33,0.608,0.0368,0.5197,0.888,2.807,2,MECHANICAL_FAULT,1
113.94,103.94,34.76,393.16,84.27,2.59,132.97,0.934,50.05,10.0,1.657,0.4049,-0.0571,6.484,3.271,1,THERMAL_OVERLOAD,1
63.47,59.17,25.77,398.68,42.15,2.03,66.58,0.934,50.06,4.29,0.84,0.055,-0.0354,0.497,0.729,0,NORMAL,0
63.85,55.62,27.78,405.04,34.48,1.61,54.24,0.932,49.99,8.23,0.698,-0.0025,-0.0131,0.453,0.69,0,NORMAL,0
63.96,57.55,27.6,404.42,45.12,1.02,76.18,0.959,49.93,6.41,0.912,0.0061,0.009,0.914,1.221,0,NORMAL,0
60.98,53.82,24.23,392.28,29.09,2.12,49.79,0.959,49.96,7.16,0.571,0.0013,0.0028,1.191,1.123,0,NORMAL,0
67.47,58.6,23.4,406.05,45.81,1.99,75.02,0.948,49.9,8.87,0.93,0.0418,0.0142,1.005,1.768,0,NORMAL,0
64.78,55.64,23.24,392.22,42.29,1.72,68.48,0.935,50.02,9.15,0.829,0.0263,0.0374,0.373,1.326,0,NORMAL,0
60.92,51.84,25.33,401.15,31.0,1.49,52.49,0.952,49.94,9.08,0.622,0.0652,-0.0089,1.167,1.813,0,NORMAL,0
60.32,52.7,25.69,403.13,36.26,1.44,57.22,0.936,49.99,7.62,0.731,0.0061,-0.0293,0.538,1.777,0,NORMAL,0
63.84,59.46,25.92,398.61,36.07,1.86,61.53,0.937,49.97,4.38,0.719,0.0128,0.012,0.403,1.376,0,NORMAL,0
59.15,52.49,30.12,400.86,37.1,1.5,56.19,0.952,50.05,6.66,0.744,0.0032,0.0278,0.797,1.465,0,NORMAL,0
113.91,87.41,29.1,402.86,80.0,2.05,119.28,0.896,49.96,26.51,1.611,0.7541,0.0325,3.389,6.524,1,THERMAL_OVERLOAD,1
55.4,47.71,25.17,399.65,36.96,9.94,66.3,0.934,50.09,7.69,0.739,0.0732,0.5917,0.804,1.758,2,MECHANICAL_FAULT,1
114.45,84.15,38.18,391.5,65.59,2.29,109.76,0.937,49.78,30.3,1.284,0.8144,0.0317,6.399,6.526,1,THERMAL_OVERLOAD,1
112.31,88.78,33.43,400.43,68.04,2.09,108.18,0.904,49.8,23.53,1.362,0.5414,-0.0533,2.622,4.483,1,THERMAL_OVERLOAD,1
75.15,69.76,26.92,398.22,40.85,10.12,70.73,0.915,49.85,5.39,0.813,0.031,0.4975,1.281,1.924,2,MECHANICAL_FAULT,1
76.37,81.04,6.52,392.01,33.61,3.23,60.6,0.745,49.85,-4.67,0.659,0.1389,0.0016,2.288,3.502,3,DIELECTRIC_FAULT,1
70.33,61.54,25.7,395.15,44.94,1.31,76.52,0.938,49.98,8.78,0.888,-0.0337,0.0085,0.469,1.058,0,NORMAL,0
67.67,59.77,24.95,402.92,43.13,1.05,72.81,0.968,50.06,7.9,0.869,-0.007,0.0123,0.983,0.911,0,NORMAL,0
59.69,53.46,22.02,409.66,31.97,2.16,55.02,0.942,50.03,6.23,0.655,0.0263,0.0158,0.605,1.333,0,NORMAL,0
102.76,102.92,29.79,397.57,82.79,3.43,123.04,0.926,49.86,-0.16,1.646,0.7569,0.0469,3.07,4.234,1,THERMAL_OVERLOAD,1
68.52,63.17,27.43,397.04,45.21,1.03,75.71,0.969,50.01,5.36,0.897,0.0133,0.0041,1.109,0.742,0,NORMAL,0
61.73,55.1,24.21,398.9,25.76,1.4,45.08,0.958,50.05,6.63,0.514,0.0075,0.0185,0.766,0.951,0,NORMAL,0
61.08,53.33,25.42,408.75,35.0,1.14,61.6,0.966,49.98,7.75,0.715,0.0143,0.0101,0.753,1.28,0,NORMAL,0
92.63,83.39,29.18,397.4,73.64,2.51,116.11,0.89,49.86,9.25,1.463,0.6568,0.1432,4.546,4.676,1,THERMAL_OVERLOAD,1
107.48,92.14,23.03,394.29,85.88,2.72,130.74,0.887,49.78,15.35,1.693,0.2468,0.0455,3.229,5.754,1,THERMAL_OVERLOAD,1
106.49,88.99,33.37,390.84,69.14,3.4,106.12,0.889,50.02,17.49,1.351,0.75,0.0694,5.248,5.091,1,THERMAL_OVERLOAD,1
113.42,112.45,50.45,359.17,91.79,13.9,136.83,0.776,49.19,0.96,1.648,0.7893,1.015,9.65,13.213,4,CRITICAL_FAILURE,1
105.14,89.47,31.27,398.85,66.1,3.57,100.34,0.925,49.79,15.67,1.318,0.6018,-0.0428,4.355,6.378,1,THERMAL_OVERLOAD,1
61.03,51.18,28.74,400.69,37.38,0.95,58.54,0.94,49.94,9.85,0.749,-0.0206,-0.0083,0.377,0.94,0,NORMAL,0
69.01,59.11,27.37,401.58,45.54,1.95,74.23,0.975,49.99,9.9,0.914,-0.0001,0.0063,0.396,1.191,0,NORMAL,0
63.84,55.39,20.27,395.42,38.87,1.58,64.08,0.942,50.04,8.45,0.769,0.058,-0.0228,0.426,1.623,0,NORMAL,0
60.35,51.28,22.84,399.08,35.12,1.49,55.28,0.971,49.93,9.07,0.701,-0.0496,0.0244,0.615,1.181,0,NORMAL,0
66.78,60.99,24.54,399.74,40.77,1.95,72.9,0.947,50.03,5.78,0.815,0.0292,0.0376,0.378,0.674,0,NORMAL,0
111.48,100.17,30.93,397.82,68.64,2.99,102.47,0.883,49.85,11.31,1.365,0.4259,0.0852,5.372,3.362,1,THERMAL_OVERLOAD,1
65.86,57.09,26.98,400.03,39.28,2.05,61.87,0.947,49.96,8.77,0.786,-0.0071,-0.0097,0.666,1.314,0,NORMAL,0
62.84,54.59,27.02,401.28,32.75,0.83,57.36,0.978,49.98,8.25,0.657,0.0163,-0.0093,0.504,1.287,0,NORMAL,0
64.4,56.66,22.78,398.21,42.36,1.65,68.87,0.934,50.02,7.73,0.843,0.0331,0.0173,1.048,1.937,0,NORMAL,0
62.15,55.61,27.14,403.93,32.24,1.12,52.91,0.934,50.01,6.54,0.651,0.0006,-0.0171,1.027,1.653,0,NORMAL,0
71.7,89.88,9.11,363.38,40.69,3.32,73.98,0.717,49.35,-18.18,0.739,0.2893,0.0398,2.918,3.95,3,DIELECTRIC_FAULT,1
73.68,65.67,19.91,399.3,42.84,7.0,73.65,0.956,49.91,8.01,0.855,0.0012,0.2538,1.498,1.827,2,MECHANICAL_FAULT,1
61.29,53.05,22.61,398.21,30.59,0.84,48.76,0.953,50.02,8.25,0.609,0.0317,-0.0118,1.019,1.422,0,NORMAL,0
65.44,60.28,30.28,398.44,45.48,1.45,71.43,0.942,49.99,5.15,0.906,0.0188,0.0009,0.832,1.314,0,NORMAL,0
93.61,97.1,31.97,395.46,73.46,3.99,120.83,0.918,49.99,-3.49,1.452,0.7419,-0.1245,6.256,4.816,1,THERMAL_OVERLOAD,1
60.66,55.56,23.03,394.2,29.73,1.78,51.27,0.963,50.06,5.09,0.586,-0.0056,-0.0087,0.767,1.878,0,NORMAL,0
60.77,51.7,25.56,399.82,33.72,1.71,56.43,0.931,50.04,9.07,0.674,0.0127,-0.0032,1.058,1.599,0,NORMAL,0
63.54,55.97,26.86,406.76,40.19,1.54,68.58,0.956,49.9,7.57,0.817,0.0153,0.0409,0.511,1.449,0,NORMAL,0
112.8,100.31,33.15,402.09,76.59,3.15,123.55,0.94,49.95,12.49,1.54,0.7231,0.0425,5.991,4.69,1,THERMAL_OVERLOAD,1
63.52,55.89,25.13,394.42,35.91,1.48,63.26,0.935,50.03,7.63,0.708,-0.0097,-0.044,0.273,1.571,0,NORMAL,0
60.03,52.56,25.26,400.25,28.58,1.53,47.13,0.95,49.98,7.46,0.572,0.0138,-0.0179,0.898,1.727,0,NORMAL,0
55.25,46.98,23.77,396.59,37.2,9.68,77.21,0.903,49.92,8.27,0.738,-0.0005,0.4415,0.814,1.732,2,MECHANICAL_FAULT,1
59.3,51.83,25.51,395.81,31.79,1.01,50.19,0.943,49.95,7.46,0.629,-0.0031,0.0115,1.194,1.143,0,NORMAL,0
60.69,53.42,25.99,400.55,28.32,1.23,46.43,0.964,50.05,7.27,0.567,0.0357,-0.003,0.24,1.863,0,NORMAL,0
59.47,51.82,23.2,401.95,39.61,6.27,68.0,0.942,50.1,7.65,0.796,0.0845,0.2168,1.115,2.25,2,MECHANICAL_FAULT,1
114.4,99.33,49.22,342.58,90.6,9.81,131.31,0.668,49.14,15.07,1.552,1.5867,0.7187,10.596,11.116,4,CRITICAL_FAILURE,1
91.65,97.96,32.62,396.46,76.59,3.28,122.68,0.89,49.99,-6.31,1.518,0.7758,0.0912,5.993,3.025,1,THERMAL_OVERLOAD,1
100.24,103.06,30.86,402.68,68.4,3.69,107.63,0.892,49.85,-2.82,1.377,0.4018,-0.0114,4.834,3.496,1,THERMAL_OVERLOAD,1
66.29,57.33,23.7,397.95,36.42,10.82,67.73,0.906,50.17,8.96,0.725,0.0557,0.5701,1.435,1.039,2,MECHANICAL_FAULT,1
56.24,48.33,27.01,408.44,37.28,11.92,61.02,0.926,50.16,7.91,0.761,-0.0117,0.5104,1.748,1.155,2,MECHANICAL_FAULT,1
89.18,86.73,29.95,384.57,82.39,2.67,129.4,0.884,49.96,2.45,1.584,0.6308,-0.0194,5.579,3.661,1,THERMAL_OVERLOAD,1
92.08,104.28,30.53,394.09,84.54,2.63,133.16,0.883,49.91,-12.2,1.666,0.1753,0.0471,5.833,3.61,1,THERMAL_OVERLOAD,1
66.39,59.75,27.33,401.35,31.9,1.93,56.48,0.976,50.07,6.64,0.64,-0.0383,-0.0383,1.175,1.497,0,NORMAL,0
67.31,61.7,21.92,397.04,34.73,10.27,60.05,0.911,49.97,5.61,0.69,-0.0186,0.4123,1.987,1.837,2,MECHANICAL_FAULT,1
81.74,87.83,56.43,397.91,31.44,3.53,57.74,0.769,50.02,-6.09,0.625,0.2402,0.0331,1.62,4.804,3,DIELECTRIC_FAULT,1
61.17,53.87,26.51,401.54,33.76,1.3,54.74,0.936,50.04,7.31,0.678,0.075,-0.0046,0.997,1.386,0,NORMAL,0
61.99,56.6,25.76,409.45,31.46,1.43,55.7,0.97,50.09,5.39,0.644,0.0142,-0.0063,0.761,1.414,0,NORMAL,0
63.15,57.72,23.3,391.32,39.9,2.16,67.5,0.959,49.99,5.44,0.781,-0.0104,-0.0175,0.747,1.299,0,NORMAL,0
117.05,87.22,30.46,391.7,80.81,2.93,120.34,0.898,49.82,29.83,1.583,0.8293,-0.0533,4.129,5.091,1,THERMAL_OVERLOAD,1
61.86,55.67,25.36,400.93,35.69,1.35,58.02,0.956,50.09,6.19,0.715,0.0317,-0.0302,0.293,1.432,0,NORMAL,0
64.93,57.51,25.69,394.93,39.19,1.93,65.84,0.938,49.97,7.42,0.774,-0.0179,0.0068,0.763,1.937,0,NORMAL,0
65.74,56.33,25.93,401.29,37.79,1.72,62.17,0.966,49.93,9.42,0.758,-0.0006,0.0058,0.569,1.778,0,NORMAL,0
70.39,65.47,27.85,397.15,45.56,1.91,77.11,0.969,49.96,4.92,0.905,-0.0293,-0.0101,0.618,1.339,0,NORMAL,0
69.65,60.55,24.7,396.85,42.45,1.04,72.8,0.952,49.96,9.1,0.842,-0.0257,0.0149,0.217,1.113,0,NORMAL,0
96.2,88.13,31.98,399.81,63.08,3.48,95.55,0.927,50.02,8.07,1.261,0.2704,0.0082,3.968,4.617,1,THERMAL_OVERLOAD,1
57.15,47.82,26.22,393.24,27.98,0.99,48.17,0.978,49.94,9.33,0.55,0.052,0.0255,0.634,1.013,0,NORMAL,0
92.94,101.84,33.67,392.6,65.59,3.09,106.28,0.937,50.02,-8.91,1.288,0.3098,0.0016,4.174,4.537,1,THERMAL_OVERLOAD,1
70.23,80.49,6.72,387.14,36.6,3.06,70.46,0.727,49.8,-10.26,0.708,0.14,0.0373,2.935,2.767,3,DIELECTRIC_FAULT,1
65.25,59.26,26.05,411.07,36.85,1.36,59.84,0.955,49.97,5.99,0.757,0.0212,0.005,0.908,0.568,0,NORMAL,0
76.64,68.64,25.5,392.16,44.89,7.89,82.61,0.917,49.97,8.0,0.88,0.0317,0.1886,1.035,1.791,2,MECHANICAL_FAULT,1
70.2,88.3,48.29,368.29,33.48,3.61,67.13,0.771,49.91,-18.1,0.617,0.3064,-0.0228,3.787,4.301,3,DIELECTRIC_FAULT,1
95.91,94.42,30.44,394.88,66.13,2.36,99.25,0.883,49.78,1.49,1.306,0.6519,-0.0313,4.398,4.165,1,THERMAL_OVERLOAD,1
64.6,59.96,25.41,400.27,38.16,1.49,66.78,0.974,49.98,4.64,0.764,0.017,0.0055,0.774,1.72,0,NORMAL,0
92.02,84.88,29.1,389.14,64.23,2.66,96.85,0.938,49.87,7.13,1.25,0.164,0.0529,3.545,6.929,1,THERMAL_OVERLOAD,1
61.21,57.17,25.78,402.45,30.75,0.85,52.26,0.937,50.03,4.04,0.619,-0.0201,0.0283,0.418,1.839,0,NORMAL,0
65.98,57.86,21.01,400.03,44.65,1.04,70.65,0.944,50.07,8.12,0.893,0.0383,0.029,0.682,1.822,0,NORMAL,0
109.79,93.14,39.2,395.93,64.65,2.97,97.46,0.888,49.88,16.65,1.28,0.5577,0.0587,3.329,4.476,1,THERMAL_OVERLOAD,1
114.63,91.59,36.06,393.5,85.3,2.68,130.98,0.888,50.08,23.04,1.678,0.3037,0.0939,3.661,6.219,1,THERMAL_OVERLOAD,1
66.47,58.22,24.6,398.21,43.36,1.9,71.18,0.934,50.06,8.25,0.863,0.0096,0.0308,0.307,0.572,0,NORMAL,0
85.1,91.3,54.98,404.37,48.82,2.73,88.4,0.718,49.86,-6.2,0.987,0.2518,0.1,1.763,3.142,3,DIELECTRIC_FAULT,1
62.43,57.62,25.82,407.07,32.58,2.13,54.26,0.947,50.06,4.81,0.663,0.0005,-0.0197,0.286,1.954,0,NORMAL,0
98.64,94.44,36.21,392.8,76.9,3.9,119.23,0.884,49.87,4.2,1.51,0.6398,-0.0767,4.845,4.577,1,THERMAL_OVERLOAD,1
59.53,50.04,25.61,395.61,28.76,1.03,50.99,0.954,49.94,9.49,0.569,-0.0155,-0.0019,1.026,1.67,0,NORMAL,0
60.46,52.08,23.55,399.21,35.02,1.84,57.26,0.954,50.01,8.38,0.699,0.0086,0.0233,0.333,0.696,0,NORMAL,0
62.63,54.16,23.79,395.74,26.13,2.07,49.74,0.95,50.05,8.47,0.517,0.0046,-0.0144,0.223,1.738,0,NORMAL,0
72.29,95.88,43.05,371.91,36.33,3.06,66.46,0.836,50.02,-23.59,0.676,0.2789,0.1058,2.889,4.847,3,DIELECTRIC_FAULT,1
67.65,58.2,25.04,403.33,44.32,1.53,71.91,0.96,49.95,9.45,0.894,-0.0165,0.0056,0.306,1.973,0,NORMAL,0
59.76,51.77,23.23,390.62,42.48,10.66,79.99,0.92,49.88,7.99,0.83,0.0678,0.6369,0.875,2.67,2,MECHANICAL_FAULT,1
83.04,77.78,11.0,400.3,44.48,2.77,77.04,0.698,49.61,5.26,0.89,0.3218,-0.0176,2.123,4.978,3,DIELECTRIC_FAULT,1
63.03,53.38,26.1,403.08,35.86,1.71,61.39,0.975,50.0,9.65,0.723,-0.0223,-0.0023,1.155,0.942,0,NORMAL,0
63.58,55.31,23.74,398.68,37.71,1.6,61.98,0.958,50.02,8.27,0.752,-0.0173,0.0051,0.827,0.921,0,NORMAL,0
61.18,54.87,23.4,400.8,32.85,1.12,55.76,0.942,49.98,6.32,0.658,0.0007,-0.002,0.456,0.657,0,NORMAL,0
63.32,55.4,21.44,404.15,33.88,1.4,55.96,0.932,50.02,7.93,0.685,0.0104,-0.0097,0.2,1.125,0,NORMAL,0
62.81,57.89,22.57,401.91,37.05,1.3,61.67,0.977,50.04,4.92,0.745,-0.0099,-0.0042,0.269,1.257,0,NORMAL,0
66.15,56.75,25.17,404.14,39.93,1.43,66.65,0.944,49.92,9.4,0.807,-0.0448,-0.02,1.061,0.605,0,NORMAL,0
67.0,60.25,27.79,402.39,46.17,1.81,76.57,0.961,50.01,6.75,0.929,0.0407,-0.0077,1.148,0.515,0,NORMAL,0
64.84,58.95,25.64,396.45,42.97,1.78,70.07,0.957,50.0,5.89,0.852,0.0274,0.0005,0.604,0.846,0,NORMAL,0
58.72,52.31,24.79,393.21,32.51,2.12,50.46,0.945,50.08,6.41,0.639,0.0413,-0.0081,0.746,1.321,0,NORMAL,0
60.85,53.23,25.41,402.78,45.57,11.56,81.37,0.922,49.99,7.62,0.918,0.0466,0.352,1.768,1.522,2,MECHANICAL_FAULT,1
60.82,55.66,26.27,406.14,35.06,1.94,61.13,0.969,49.98,5.16,0.712,-0.0069,0.0307,0.929,1.081,0,NORMAL,0
105.17,106.48,55.99,337.32,113.35,15.32,159.56,0.712,48.48,-1.31,1.912,1.6376,0.4738,6.494,12.7,4,CRITICAL_FAILURE,1
67.44,58.52,23.05,390.16,46.56,1.33,77.08,0.948,50.03,8.92,0.908,-0.0067,-0.0015,0.465,1.841,0,NORMAL,0
62.69,55.16,24.02,404.79,44.5,1.27,72.71,0.931,49.94,7.53,0.901,0.0042,-0.0354,0.499,1.911,0,NORMAL,0
64.87,56.92,25.97,398.72,44.05,1.46,70.33,0.974,50.03,7.94,0.878,-0.0322,-0.0311,0.337,1.477,0,NORMAL,0
75.38,80.91,48.67,400.05,46.39,3.04,77.53,0.69,49.68,-5.53,0.928,0.1006,0.0326,1.628,2.766,3,DIELECTRIC_FAULT,1
64.32,60.18,25.74,398.22,36.51,1.38,62.66,0.936,49.97,4.14,0.727,-0.0238,0.0124,0.789,1.612,0,NORMAL,0
66.53,57.73,27.89,399.05,41.84,2.06,74.18,0.944,50.04,8.8,0.835,0.0755,0.0015,0.545,1.769,0,NORMAL,0
58.19,53.95,24.66,402.06,26.91,1.74,45.02,0.975,50.06,4.24,0.541,-0.0094,0.0051,1.021,1.342,0,NORMAL,0
57.79,49.63,29.76,401.93,27.0,1.91,50.97,0.957,50.01,8.16,0.543,-0.0045,0.0049,0.732,1.184,0,NORMAL,0
110.42,104.38,28.05,391.64,78.74,3.98,120.95,0.929,49.9,6.04,1.542,0.8209,-0.0134,4.83,5.222,1,THERMAL_OVERLOAD,1
62.04,53.1,23.32,402.29,44.88,2.01,71.32,0.937,50.1,8.94,0.903,0.0134,0.0439,0.378,0.897,0,NORMAL,0
93.45,82.5,32.98,400.16,66.81,3.77,99.58,0.922,49.88,10.95,1.337,0.7783,0.0666,2.76,6.539,1,THERMAL_OVERLOAD,1
65.23,56.1,23.75,404.2,44.41,1.82,72.94,0.935,49.92,9.13,0.897,-0.0133,0.0058,1.114,0.915,0,NORMAL,0
65.75,57.14,23.04,402.19,42.4,1.11,71.15,0.943,50.02,8.61,0.853,-0.04,-0.0049,0.834,1.641,0,NORMAL,0
60.15,54.33,23.73,394.44,32.7,1.14,49.65,0.96,50.09,5.82,0.645,0.0361,-0.0099,0.41,1.311,0,NORMAL,0
93.08,84.78,34.07,403.85,83.16,2.36,127.27,0.931,49.73,8.3,1.679,0.6835,0.129,2.996,3.025,1,THERMAL_OVERLOAD,1
115.17,95.84,30.66,386.0,75.05,2.69,115.91,0.94,49.83,19.33,1.449,0.4987,-0.0186,5.148,5.762,1,THERMAL_OVERLOAD,1
65.93,58.18,22.21,399.62,37.37,1.66,65.71,0.943,50.09,7.76,0.747,-0.0294,-0.0414,1.064,1.022,0,NORMAL,0
89.31,81.93,54.38,413.94,43.62,3.57,76.02,0.742,49.66,7.38,0.903,0.2173,0.0773,2.935,3.693,3,DIELECTRIC_FAULT,1
61.96,53.22,26.17,401.22,30.9,1.52,51.43,0.957,49.94,8.74,0.62,0.0155,-0.0233,0.243,1.99,0,NORMAL,0
63.18,55.85,26.5,400.58,40.86,1.99,64.91,0.979,50.01,7.32,0.818,-0.0102,0.0036,0.249,1.756,0,NORMAL,0
65.76,59.77,28.69,397.79,35.26,1.24,58.92,0.935,49.96,5.99,0.701,-0.0078,0.032,0.485,1.446,0,NORMAL,0
62.42,55.02,27.73,398.44,33.1,1.55,56.16,0.957,49.97,7.4,0.659,-0.0265,0.0405,0.472,1.709,0,NORMAL,0
61.37,52.02,26.97,404.73,33.86,0.91,55.39,0.95,49.94,9.36,0.685,0.0476,-0.0016,1.092,1.006,0,NORMAL,0
62.0,54.97,25.16,401.56,37.75,1.12,61.3,0.936,50.06,7.04,0.758,-0.0399,-0.0148,0.707,1.95,0,NORMAL,0
76.06,69.29,24.04,400.43,43.65,11.47,76.66,0.913,50.06,6.77,0.874,-0.0044,0.3222,0.871,2.412,2,MECHANICAL_FAULT,1
62.73,53.72,30.67,398.34,39.06,2.11,64.5,0.979,49.98,9.01,0.778,-0.0199,-0.0048,0.968,1.779,0,NORMAL,0
68.61,58.64,24.78,398.07,47.26,1.14,74.17,0.954,50.0,9.97,0.941,0.0229,0.0326,0.76,0.933,0,NORMAL,0
115.79,91.93,30.6,402.04,83.87,2.17,120.69,0.89,49.81,23.86,1.686,0.6998,0.0794,5.499,5.777,1,THERMAL_OVERLOAD,1
60.91,53.05,21.43,394.84,37.46,1.73,62.05,0.938,50.07,7.86,0.739,-0.0001,-0.0246,0.513,0.819,0,NORMAL,0
63.49,58.91,21.85,403.24,44.79,2.04,76.72,0.949,49.91,4.59,0.903,-0.0015,-0.002,0.931,0.963,0,NORMAL,0
108.75,110.02,52.65,338.03,99.52,10.99,137.19,0.601,48.73,-1.26,1.682,1.6446,1.142,6.38,14.274,4,CRITICAL_FAILURE,1
63.36,56.66,25.35,389.38,37.18,0.98,59.68,0.961,50.01,6.7,0.724,0.0202,0.0143,0.55,1.058,0,NORMAL,0
116.36,90.33,32.18,391.05,67.26,2.98,104.19,0.886,49.9,26.03,1.315,0.2352,-0.0054,5.021,6.178,1,THERMAL_OVERLOAD,1
89.76,88.88,49.52,399.87,36.0,1.88,64.93,0.793,49.49,0.88,0.72,0.1694,0.0875,3.67,2.964,3,DIELECTRIC_FAULT,1
62.39,53.78,26.42,396.55,36.6,0.92,57.05,0.941,49.98,8.61,0.726,0.0001,0.0024,0.215,0.897,0,NORMAL,0
66.59,58.97,32.61,401.56,45.86,2.14,76.08,0.974,49.98,7.62,0.921,-0.0157,0.0075,0.475,1.596,0,NORMAL,0
67.52,59.75,26.14,401.56,45.75,1.39,75.77,0.944,49.99,7.77,0.919,-0.0294,-0.0053,0.515,1.745,0,NORMAL,0
119.71,104.61,60.92,349.93,119.82,15.16,135.54,0.697,48.24,15.1,2.096,1.0078,0.9966,7.713,11.633,4,CRITICAL_FAILURE,1
59.39,50.07,23.96,393.37,27.71,1.91,49.26,0.932,50.04,9.33,0.545,0.0009,0.0103,0.503,1.044,0,NORMAL,0
68.56,63.29,24.72,401.69,41.59,1.21,74.49,0.969,50.03,5.27,0.835,0.0341,0.015,0.928,0.713,0,NORMAL,0
73.9,68.06,25.09,398.44,36.25,11.12,65.63,0.914,49.94,5.83,0.722,-0.0329,0.2001,1.847,1.825,2,MECHANICAL_FAULT,1
65.57,59.62,25.08,403.88,40.98,5.89,77.47,0.917,49.9,5.95,0.827,0.0319,0.1411,1.339,1.695,2,MECHANICAL_FAULT,1
63.4,58.0,27.27,391.79,27.0,1.29,50.83,0.937,50.01,5.4,0.529,-0.0043,-0.0073,0.296,1.175,0,NORMAL,0
72.11,92.11,57.76,394.36,46.29,3.44,80.03,0.804,50.09,-20.0,0.913,0.3217,0.0585,2.823,3.563,3,DIELECTRIC_FAULT,1
68.03,63.7,27.6,407.27,46.8,1.89,77.8,0.969,50.03,4.34,0.953,-0.0046,0.0064,0.889,1.007,0,NORMAL,0
84.54,83.03,8.66,373.02,31.34,2.89,58.99,0.682,49.96,1.51,0.585,0.3257,-0.0171,3.002,3.874,3,DIELECTRIC_FAULT,1
63.48,58.14,30.26,399.14,45.13,1.79,74.97,0.94,49.92,5.34,0.901,0.0104,-0.0126,0.614,0.849,0,NORMAL,0
59.12,53.99,24.86,402.83,29.66,0.89,48.88,0.939,49.95,5.13,0.597,-0.0067,-0.004,0.54,1.201,0,NORMAL,0
107.16,99.26,36.07,391.84,86.76,3.15,130.31,0.916,49.98,7.9,1.7,0.318,0.058,4.063,6.125,1,THERMAL_OVERLOAD,1
63.5,58.04,25.65,400.79,40.72,1.87,68.52,0.947,49.94,5.46,0.816,-0.0263,0.0034,1.135,1.005,0,NORMAL,0
67.56,62.68,25.79,395.28,38.11,1.9,62.88,0.967,50.0,4.87,0.753,-0.0408,0.0256,0.37,0.837,0,NORMAL,0
71.14,62.66,24.6,400.7,40.64,10.98,75.91,0.922,49.92,8.48,0.814,0.0658,0.3324,1.648,1.253,2,MECHANICAL_FAULT,1
107.29,100.93,31.06,394.88,66.57,3.13,104.49,0.882,50.07,6.36,1.314,0.7886,-0.0731,3.674,5.639,1,THERMAL_OVERLOAD,1
61.82,54.57,25.76,394.72,35.61,1.93,56.91,0.963,50.03,7.25,0.703,0.025,0.0092,0.45,1.234,0,NORMAL,0
103.29,93.96,28.52,392.12,65.52,2.19,102.68,0.92,49.96,9.33,1.285,0.4888,-0.0351,5.503,5.73,1,THERMAL_OVERLOAD,1
62.56,54.47,27.94,398.17,45.4,7.38,79.98,0.909,49.98,8.09,0.904,0.0786,0.4225,1.902,1.272,2,MECHANICAL_FAULT,1
65.73,58.11,25.98,400.52,38.68,2.13,64.19,0.948,49.95,7.62,0.775,-0.0247,0.0259,0.505,0.803,0,NORMAL,0
107.8,102.36,49.34,356.85,100.26,10.74,157.73,0.757,48.36,5.43,1.789,0.9373,0.5729,6.923,6.168,4,CRITICAL_FAILURE,1
68.61,60.57,21.34,394.09,39.06,6.54,65.87,0.946,50.06,8.04,0.77,-0.0054,0.2209,1.941,2.653,2,MECHANICAL_FAULT,1
63.34,53.48,22.08,396.7,33.79,0.96,56.07,0.941,50.03,9.86,0.67,-0.0009,0.0063,0.534,1.988,0,NORMAL,0
62.83,56.76,25.87,404.19,40.49,0.86,65.76,0.966,50.0,6.08,0.818,-0.0262,0.0033,0.247,1.961,0,NORMAL,0
58.62,52.8,25.21,397.13,31.34,1.5,52.53,0.955,49.96,5.82,0.622,-0.0505,0.0118,0.863,1.254,0,NORMAL,0
76.65,71.24,23.43,402.47,42.89,11.44,76.16,0.954,49.99,5.41,0.863,0.0174,0.4715,1.214,1.383,2,MECHANICAL_FAULT,1
59.61,53.81,24.24,397.31,30.65,1.76,51.58,0.942,49.97,5.8,0.609,0.037,-0.0,0.259,1.313,0,NORMAL,0
94.39,95.6,31.73,403.89,72.31,2.87,110.92,0.939,49.8,-1.2,1.46,0.2145,0.0698,4.95,5.246,1,THERMAL_OVERLOAD,1
66.86,59.82,27.02,402.55,45.89,1.13,72.33,0.952,50.02,7.04,0.924,0.022,0.0043,0.216,0.819,0,NORMAL,0
111.69,96.65,34.51,394.34,69.84,2.63,107.44,0.887,49.96,15.03,1.377,0.2684,0.056,3.496,6.065,1,THERMAL_OVERLOAD,1
115.31,85.59,28.43,404.99,86.41,3.76,134.24,0.922,49.95,29.73,1.75,0.7622,-0.029,5.696,6.042,1,THERMAL_OVERLOAD,1
64.85,60.53,24.08,403.71,35.27,2.1,60.74,0.93,50.0,4.31,0.712,0.0211,0.006,1.096,1.157,0,NORMAL,0
67.17,60.4,24.53,399.09,44.05,1.33,71.86,0.952,50.07,6.77,0.879,0.045,-0.0095,1.128,1.237,0,NORMAL,0
85.49,95.63,8.93,380.74,40.0,1.81,76.75,0.801,49.88,-10.14,0.761,0.3464,-0.0334,3.793,3.673,3,DIELECTRIC_FAULT,1
76.16,82.1,54.66,395.73,24.72,3.14,52.79,0.819,49.9,-5.94,0.489,0.2677,-0.0067,2.85,4.187,3,DIELECTRIC_FAULT,1
101.89,98.4,35.26,382.41,81.78,3.55,128.19,0.88,50.03,3.48,1.564,0.5034,-0.0601,4.725,4.869,1,THERMAL_OVERLOAD,1
60.02,55.51,26.5,400.06,31.16,1.81,51.73,0.934,50.0,4.51,0.623,0.0209,-0.0221,1.095,0.549,0,NORMAL,0
59.87,52.13,27.96,396.8,30.5,1.11,49.27,0.938,49.99,7.74,0.605,0.0216,-0.0032,0.91,1.128,0,NORMAL,0
63.63,55.46,24.67,398.35,38.66,1.15,67.76,0.946,50.14,8.17,0.77,-0.0075,-0.0385,0.393,1.618,0,NORMAL,0
75.01,66.81,25.1,390.75,46.09,7.91,83.26,0.951,49.92,8.2,0.9,0.0956,0.5395,0.952,1.407,2,MECHANICAL_FAULT,1
117.93,83.57,32.98,396.81,71.81,3.59,111.69,0.884,50.01,34.37,1.425,0.4631,-0.048,4.761,6.865,1,THERMAL_OVERLOAD,1
68.67,60.54,24.82,390.53,45.65,1.19,75.32,0.952,50.03,8.13,0.891,-0.0025,0.0006,0.86,1.345,0,NORMAL,0
67.88,61.35,26.85,403.1,44.53,1.68,70.85,0.97,50.05,6.53,0.898,-0.0308,-0.0028,0.759,0.898,0,NORMAL,0
108.94,103.62,55.71,359.78,105.35,12.78,137.69,0.627,48.53,5.32,1.895,0.9304,1.0799,10.842,8.159,4,CRITICAL_FAILURE,1
62.82,56.99,22.07,396.83,35.93,2.1,58.97,0.941,50.03,5.84,0.713,-0.0027,0.0219,0.517,0.666,0,NORMAL,0
63.71,58.6,23.74,403.39,31.28,1.78,51.29,0.962,49.92,5.11,0.631,0.0467,0.0037,0.958,1.427,0,NORMAL,0
61.71,56.76,27.45,396.75,31.81,1.18,50.88,0.972,50.01,4.95,0.631,0.01,0.0261,0.847,0.561,0,NORMAL,0
64.7,57.22,25.38,404.12,35.0,1.2,55.92,0.967,49.99,7.49,0.707,0.001,0.0021,1.069,1.824,0,NORMAL,0
83.92,75.92,43.16,399.9,30.05,2.04,63.26,0.737,49.96,8.01,0.601,0.3788,-0.0362,2.031,2.274,3,DIELECTRIC_FAULT,1
67.78,60.89,25.98,401.29,40.65,0.96,70.11,0.936,49.97,6.89,0.816,0.054,-0.0008,0.264,1.373,0,NORMAL,0
58.1,52.49,22.54,400.81,25.18,1.92,45.27,0.955,49.95,5.62,0.505,-0.0339,-0.012,0.676,1.764,0,NORMAL,0
59.13,52.83,24.96,402.65,34.52,2.06,60.48,0.941,50.07,6.3,0.695,-0.008,-0.0175,0.384,1.09,0,NORMAL,0
62.71,53.99,26.33,402.84,37.27,7.5,68.68,0.958,49.95,8.72,0.751,0.0649,0.182,0.829,1.149,2,MECHANICAL_FAULT,1
107.02,94.69,36.97,396.06,84.24,3.12,129.3,0.933,49.87,12.33,1.668,0.577,-0.0506,5.561,6.048,1,THERMAL_OVERLOAD,1
71.02,81.75,56.66,376.63,46.2,3.12,85.02,0.82,49.93,-10.73,0.87,0.1638,-0.0015,2.953,4.804,3,DIELECTRIC_FAULT,1
72.6,84.06,43.12,369.47,51.62,3.56,89.48,0.784,50.07,-11.46,0.954,0.3253,-0.0199,3.808,2.356,3,DIELECTRIC_FAULT,1
66.86,57.49,29.34,398.33,43.38,2.03,73.98,0.974,49.99,9.37,0.864,-0.0435,-0.0101,0.457,1.649,0,NORMAL,0
61.95,54.03,23.52,408.82,26.2,1.98,47.17,0.94,49.93,7.92,0.536,0.0072,0.0251,0.962,1.57,0,NORMAL,0
55.05,49.15,22.56,394.63,44.07,8.05,83.98,0.928,49.94,5.9,0.87,-0.0031,0.4184,1.291,1.853,2,MECHANICAL_FAULT,1
63.73,55.56,30.25,399.17,36.55,1.23,61.54,0.95,50.0,8.17,0.73,-0.0078,0.0157,0.842,1.098,0,NORMAL,0
82.81,91.16,10.2,368.29,36.86,3.43,63.79,0.716,49.91,-8.34,0.679,0.3362,0.0311,2.983,4.247,3,DIELECTRIC_FAULT,1
60.6,51.69,26.89,395.78,29.69,2.04,48.08,0.943,49.98,8.91,0.588,0.0124,0.0279,0.914,0.545,0,NORMAL,0
111.24,83.5,36.43,387.79,66.58,3.03,100.43,0.887,50.11,27.74,1.291,0.4735,0.0764,3.619,3.129,1,THERMAL_OVERLOAD,1
68.21,59.29,26.63,399.59,44.88,0.88,76.99,0.959,50.15,8.92,0.897,0.0052,0.0049,0.986,0.74,0,NORMAL,0
108.48,100.88,32.69,395.15,80.21,2.79,118.16,0.893,49.94,7.59,1.585,0.3396,0.094,2.661,6.257,1,THERMAL_OVERLOAD,1
57.0,50.64,27.17,399.58,28.59,1.74,45.57,0.977,49.98,6.36,0.571,-0.0508,-0.0081,0.323,1.508,0,NORMAL,0
62.05,55.45,25.64,405.83,33.54,1.4,55.6,0.96,50.0,6.6,0.681,-0.0333,0.0343,0.216,1.388,0,NORMAL,0
65.16,55.34,22.79,395.19,35.76,1.05,63.89,0.96,49.93,9.82,0.707,-0.0637,0.0144,0.685,1.315,0,NORMAL,0
93.17,98.75,25.01,390.09,69.7,3.41,106.84,0.894,50.0,-5.58,1.36,0.7919,0.0809,3.534,5.859,1,THERMAL_OVERLOAD,1
60.37,53.34,24.84,400.77,29.29,2.18,47.75,0.963,50.02,7.03,0.587,-0.0319,0.0086,1.082,1.141,0,NORMAL,0
57.1,51.73,27.73,393.07,46.39,10.21,83.9,0.902,49.96,5.37,0.912,0.0765,0.2218,1.289,2.407,2,MECHANICAL_FAULT,1
65.13,56.08,27.14,401.77,45.61,1.42,71.99,0.962,50.06,9.05,0.916,-0.0172,0.0072,0.457,0.791,0,NORMAL,0
64.0,59.97,25.78,404.75,40.99,0.91,63.81,0.96,49.99,4.03,0.829,-0.0361,0.0005,0.242,1.254,0,NORMAL,0
65.96,58.47,22.28,393.42,42.08,1.39,72.03,0.963,49.98,7.49,0.828,-0.0062,-0.0107,0.218,1.624,0,NORMAL,0
63.11,56.69,23.84,403.17,39.83,6.04,71.16,0.931,50.0,6.42,0.803,0.0287,0.5307,1.463,2.096,2,MECHANICAL_FAULT,1
111.87,114.94,63.4,351.67,91.63,11.06,123.19,0.743,48.63,-3.07,1.611,1.7583,0.6454,11.52,14.885,4,CRITICAL_FAILURE,1
66.99,57.05,26.24,398.25,42.59,2.01,69.77,0.956,50.03,9.94,0.848,-0.0537,-0.0281,0.971,0.639,0,NORMAL,0
76.58,94.33,54.0,390.5,32.27,2.42,60.69,0.76,50.1,-17.75,0.63,0.2646,0.0033,2.487,2.393,3,DIELECTRIC_FAULT,1
67.04,60.91,26.22,402.92,38.92,2.14,67.99,0.973,49.95,6.13,0.784,-0.0293,-0.001,0.748,0.639,0,NORMAL,0
61.56,56.37,23.22,399.03,33.42,1.49,53.11,0.946,50.05,5.19,0.667,-0.0651,0.002,1.194,1.036,0,NORMAL,0
85.33,85.36,49.17,360.24,45.29,1.96,88.98,0.836,49.61,-0.03,0.816,0.0944,-0.0366,2.744,4.864,3,DIELECTRIC_FAULT,1
65.23,56.86,19.62,402.53,45.96,2.09,74.75,0.948,49.99,8.37,0.925,-0.002,0.0144,1.164,1.606,0,NORMAL,0
61.66,56.95,22.17,397.55,37.9,1.15,65.03,0.93,50.06,4.7,0.753,-0.0173,0.0162,0.298,0.518,0,NORMAL,0
58.38,52.2,24.28,395.93,34.64,0.87,58.28,0.964,49.93,6.18,0.686,-0.0084,0.0101,0.686,0.948,0,NORMAL,0
58.73,49.93,24.02,390.3,29.95,1.27,52.24,0.946,50.08,8.8,0.585,-0.0329,-0.0014,0.436,1.899,0,NORMAL,0
67.19,62.32,23.32,400.48,45.44,1.52,77.05,0.946,50.0,4.87,0.91,0.0353,-0.0285,0.363,1.65,0,NORMAL,0
65.46,56.46,23.67,404.0,39.3,2.03,66.1,0.96,49.98,8.99,0.794,0.0054,-0.0675,0.511,1.806,0,NORMAL,0
64.34,56.31,27.33,404.02,30.34,1.05,52.82,0.944,50.02,8.03,0.613,-0.0458,0.0007,0.287,1.006,0,NORMAL,0
58.9,51.02,22.06,385.87,48.18,5.85,81.06,0.942,49.98,7.88,0.93,0.0068,0.557,1.543,1.077,2,MECHANICAL_FAULT,1
60.24,50.93,24.87,403.16,37.41,1.61,61.19,0.941,50.04,9.31,0.754,-0.0189,0.0058,0.595,1.238,0,NORMAL,0
60.06,50.97,28.21,398.94,26.55,2.12,49.04,0.978,50.04,9.09,0.53,-0.023,-0.0393,1.068,0.719,0,NORMAL,0
61.82,57.02,23.06,398.36,33.93,2.12,55.71,0.95,49.92,4.8,0.676,-0.0493,-0.0005,0.2,1.849,0,NORMAL,0
77.38,80.24,44.25,404.83,28.08,2.02,51.47,0.759,49.69,-2.86,0.568,0.1944,0.0853,3.458,3.368,3,DIELECTRIC_FAULT,1
88.81,89.65,10.63,404.13,37.77,2.02,71.95,0.822,49.67,-0.84,0.763,0.3802,-0.0492,2.905,4.781,3,DIELECTRIC_FAULT,1
63.5,57.41,26.34,393.19,44.81,11.36,78.01,0.955,49.99,6.1,0.881,0.0115,0.5642,1.45,1.48,2,MECHANICAL_FAULT,1
115.91,102.55,28.37,403.78,85.19,3.88,126.84,0.894,49.96,13.36,1.72,0.4108,-0.0043,5.054,4.831,1,THERMAL_OVERLOAD,1
63.13,53.92,28.1,405.94,42.74,1.03,67.56,0.974,49.96,9.21,0.868,-0.0106,-0.0333,1.015,1.146,0,NORMAL,0
59.61,50.42,20.72,405.1,29.72,1.0,51.58,0.933,49.97,9.19,0.602,-0.004,0.0216,1.055,1.616,0,NORMAL,0
64.79,55.06,20.51,405.46,40.08,1.45,67.56,0.964,50.01,9.73,0.813,-0.0068,0.0059,1.118,1.723,0,NORMAL,0
105.46,99.66,54.96,348.86,98.16,9.82,121.44,0.714,48.37,5.8,1.712,2.0904,0.7487,6.038,6.665,4,CRITICAL_FAILURE,1
66.77,62.52,26.21,397.06,39.53,1.62,69.43,0.941,49.99,4.24,0.785,0.0158,-0.0478,1.115,1.96,0,NORMAL,0
69.02,62.65,21.02,392.29,47.53,9.8,84.49,0.925,49.99,6.36,0.932,0.1143,0.2244,0.953,2.805,2,MECHANICAL_FAULT,1
61.22,52.06,24.88,401.21,28.07,1.11,47.42,0.976,50.0,9.16,0.563,-0.0203,-0.0241,0.25,1.442,0,NORMAL,0
59.0,53.38,21.61,406.36,28.99,1.34,47.34,0.975,50.02,5.62,0.589,0.0016,0.0233,0.438,0.79,0,NORMAL,0
60.04,52.89,25.28,391.83,29.03,1.77,48.28,0.939,50.0,7.15,0.569,0.0226,0.0052,0.825,1.226,0,NORMAL,0
99.33,88.48,33.14,390.93,81.18,2.7,123.66,0.91,49.77,10.85,1.587,0.821,0.057,2.997,4.3,1,THERMAL_OVERLOAD,1
80.02,75.32,8.59,383.5,27.9,2.35,51.14,0.758,49.72,4.7,0.535,0.2156,0.0628,2.611,4.498,3,DIELECTRIC_FAULT,1
62.99,54.48,25.48,403.76,32.67,1.29,52.18,0.97,50.02,8.52,0.66,0.0198,0.0349,0.554,1.882,0,NORMAL,0
58.17,51.71,25.53,394.49,32.35,1.65,54.07,0.945,50.03,6.47,0.638,-0.0145,0.0029,0.458,0.589,0,NORMAL,0
62.38,54.98,22.4,395.46,30.33,2.16,49.91,0.937,50.09,7.41,0.6,-0.0377,-0.0392,0.831,1.111,0,NORMAL,0
64.31,59.68,28.92,391.87,38.56,1.54,62.78,0.931,49.95,4.63,0.755,-0.0439,0.0086,0.541,0.968,0,NORMAL,0
106.66,86.43,35.96,392.28,75.29,2.53,107.98,0.907,49.82,20.23,1.477,0.4876,0.0007,4.545,3.635,1,THERMAL_OVERLOAD,1
68.4,59.68,25.34,398.1,41.1,1.06,69.31,0.969,50.04,8.72,0.818,0.0029,0.011,0.882,1.006,0,NORMAL,0
129.74,105.78,53.62,340.0,100.67,8.72,132.67,0.742,48.86,23.96,1.711,1.1122,0.7615,10.559,9.098,4,CRITICAL_FAILURE,1
66.57,60.83,25.62,397.31,40.69,1.13,67.76,0.956,50.05,5.73,0.808,-0.0314,0.0138,0.855,0.563,0,NORMAL,0
62.35,55.6,24.03,398.38,33.9,1.31,58.84,0.931,49.94,6.75,0.675,0.0073,-0.0069,0.72,0.643,0,NORMAL,0
58.39,52.66,26.65,388.5,31.55,9.0,64.51,0.934,49.95,5.73,0.613,0.0587,0.6054,1.422,1.408,2,MECHANICAL_FAULT,1
60.74,53.17,23.64,402.71,28.96,2.02,50.37,0.959,50.06,7.57,0.583,-0.0169,-0.0163,0.766,1.862,0,NORMAL,0
63.47,56.67,26.28,395.31,39.18,1.72,62.03,0.935,50.01,6.8,0.774,-0.0051,0.0127,0.964,1.76,0,NORMAL,0
64.98,60.41,29.31,399.58,43.62,2.05,69.41,0.967,50.02,4.57,0.871,0.0129,-0.0365,0.658,1.349,0,NORMAL,0
68.28,63.96,24.81,393.37,43.5,1.78,69.04,0.96,50.01,4.32,0.856,0.0553,0.0333,0.502,1.83,0,NORMAL,0
56.89,50.51,24.62,395.48,35.03,9.12,61.06,0.927,50.05,6.38,0.693,0.1317,0.2739,1.61,2.153,2,MECHANICAL_FAULT,1
64.72,54.93,24.88,396.22,41.05,1.92,65.04,0.978,50.03,9.79,0.813,-0.0231,0.0233,0.574,0.934,0,NORMAL,0
60.65,50.78,25.31,389.33,30.31,1.05,52.36,0.958,50.04,9.88,0.59,-0.0167,-0.0016,0.444,0.638,0,NORMAL,0
63.25,58.17,23.53,398.86,40.08,1.83,67.01,0.978,49.97,5.08,0.799,-0.004,0.0062,0.924,1.472,0,NORMAL,0
72.77,86.19,56.73,384.94,45.11,2.43,85.78,0.799,49.99,-13.42,0.868,0.3972,-0.0226,2.831,3.599,3,DIELECTRIC_FAULT,1
64.44,58.56,26.66,398.9,43.53,2.08,67.52,0.932,49.86,5.88,0.868,-0.041,-0.0063,0.923,1.05,0,NORMAL,0
103.84,98.14,30.71,398.7,65.01,2.73,103.05,0.906,49.9,5.7,1.296,0.3899,0.0618,3.25,6.008,1,THERMAL_OVERLOAD,1
59.54,51.42,32.35,398.12,44.62,9.91,83.55,0.928,49.98,8.12,0.888,-0.0237,0.2043,1.833,2.799,2,MECHANICAL_FAULT,1
130.4,114.57,50.3,359.61,102.66,9.31,153.7,0.715,48.86,15.83,1.846,0.8213,1.0832,11.116,9.749,4,CRITICAL_FAILURE,1
65.37,60.11,23.77,399.33,39.62,1.56,61.97,0.939,50.03,5.26,0.791,-0.006,0.0074,0.793,0.681,0,NORMAL,0
60.86,50.96,23.64,401.35,40.74,1.12,66.77,0.941,49.96,9.9,0.818,0.017,-0.0317,0.369,1.37,0,NORMAL,0
74.1,66.41,28.02,404.53,45.32,7.0,77.58,0.941,50.01,7.7,0.917,0.0563,0.6491,1.469,1.969,2,MECHANICAL_FAULT,1
123.43,100.63,56.47,359.58,88.45,15.55,148.32,0.753,48.5,22.8,1.59,1.1942,1.0828,11.3,14.231,4,CRITICAL_FAILURE,1
76.19,85.47,47.44,409.87,39.03,2.5,72.12,0.765,49.7,-9.28,0.8,0.2387,0.0118,3.426,4.93,3,DIELECTRIC_FAULT,1
61.04,51.26,29.29,396.6,30.14,1.29,55.26,0.967,50.0,9.78,0.598,-0.051,-0.0388,0.672,0.919,0,NORMAL,0
77.92,88.17,7.41,361.23,37.24,3.8,73.28,0.796,49.89,-10.25,0.673,0.233,-0.0684,2.648,4.168,3,DIELECTRIC_FAULT,1
59.28,51.1,23.0,395.63,36.82,9.51,65.96,0.91,49.89,8.17,0.728,0.0394,0.2247,1.515,2.329,2,MECHANICAL_FAULT,1
65.14,55.98,20.29,401.59,40.53,1.57,66.52,0.96,49.93,9.16,0.814,-0.0175,-0.0298,0.82,0.809,0,NORMAL,0
102.88,85.22,29.2,397.84,88.18,3.55,132.34,0.934,49.9,17.65,1.754,0.6222,0.0798,4.266,4.65,1,THERMAL_OVERLOAD,1
62.52,54.89,21.95,399.83,44.85,6.4,84.36,0.917,50.05,7.63,0.897,-0.014,0.4919,1.844,1.783,2,MECHANICAL_FAULT,1
64.1,59.53,22.44,404.58,46.2,2.08,75.78,0.973,49.96,4.57,0.934,0.0199,0.052,1.131,1.899,0,NORMAL,0
71.19,95.06,47.57,361.09,44.54,2.95,75.35,0.755,49.67,-23.86,0.804,0.1252,-0.0182,2.683,2.769,3,DIELECTRIC_FAULT,1
63.4,58.21,25.02,402.09,39.56,0.96,65.46,0.965,49.99,5.19,0.795,0.012,-0.0084,0.67,1.349,0,NORMAL,0
64.24,57.18,24.2,399.73,40.92,0.82,66.17,0.976,49.98,7.06,0.818,-0.0048,-0.0105,0.406,1.612,0,NORMAL,0
133.04,108.99,64.26,356.28,119.46,12.24,133.48,0.628,48.7,24.05,2.128,1.9029,1.0286,8.038,7.913,4,CRITICAL_FAILURE,1
63.0,55.79,25.24,397.44,31.16,1.0,52.17,0.958,49.94,7.21,0.619,-0.0355,0.0321,0.699,1.813,0,NORMAL,0
62.45,57.33,22.49,396.46,36.3,2.03,60.28,0.946,50.0,5.12,0.72,0.0212,-0.0239,0.991,1.437,0,NORMAL,0
65.08,58.07,21.67,395.17,37.2,0.98,62.4,0.979,50.01,7.01,0.735,-0.0824,-0.0222,0.422,0.789,0,NORMAL,0
86.01,77.18,46.81,395.89,45.43,2.24,86.74,0.828,49.81,8.83,0.899,0.0862,0.0294,1.608,4.529,3,DIELECTRIC_FAULT,1
63.17,57.18,24.35,399.89,37.69,1.56,57.09,0.972,49.97,5.99,0.754,-0.0109,0.002,0.377,1.73,0,NORMAL,0
95.17,83.91,33.2,385.24,70.51,2.73,109.36,0.907,50.01,11.27,1.358,0.7554,-0.0307,5.564,3.802,1,THERMAL_OVERLOAD,1
60.32,53.49,24.18,404.63,30.84,2.18,48.89,0.98,49.95,6.83,0.624,0.0186,0.0067,0.244,0.914,0,NORMAL,0
63.19,54.98,22.76,395.12,47.35,1.38,75.2,0.947,50.08,8.21,0.935,-0.0074,-0.0312,0.886,1.613,0,NORMAL,0
101.59,100.73,32.04,396.64,71.39,2.46,110.17,0.916,50.03,0.86,1.416,0.2878,0.1074,4.937,4.806,1,THERMAL_OVERLOAD,1
108.47,87.92,35.95,390.17,67.83,2.48,102.5,0.907,49.94,20.55,1.323,0.1953,0.0793,5.435,5.319,1,THERMAL_OVERLOAD,1
74.55,66.07,25.29,405.66,34.64,10.56,64.45,0.94,50.08,8.48,0.703,-0.0024,0.6301,1.727,1.526,2,MECHANICAL_FAULT,1
61.41,55.84,25.16,396.28,29.54,1.85,54.63,0.94,49.97,5.56,0.585,0.0136,0.011,0.263,1.047,0,NORMAL,0
67.61,58.72,29.2,398.7,37.75,0.8,62.76,0.948,49.91,8.89,0.753,0.0126,-0.016,0.679,0.953,0,NORMAL,0
65.38,56.0,24.05,398.65,34.77,0.92,58.77,0.95,50.05,9.39,0.693,0.0497,-0.0097,0.224,1.752,0,NORMAL,0
61.52,51.78,24.66,404.58,37.76,1.18,61.31,0.944,50.06,9.74,0.764,0.0198,-0.0026,0.367,1.377,0,NORMAL,0
64.23,56.09,23.09,402.97,40.49,1.14,66.71,0.958,50.0,8.14,0.816,0.0129,-0.0192,0.494,0.755,0,NORMAL,0
63.92,57.19,26.37,398.89,40.28,1.5,64.08,0.966,49.94,6.74,0.803,0.0205,0.0155,1.028,0.95,0,NORMAL,0
66.31,60.77,23.49,404.26,39.76,1.9,68.89,0.945,50.11,5.54,0.804,0.0253,0.0063,0.602,0.6,0,NORMAL,0
108.65,95.75,35.78,395.52,77.51,2.89,121.94,0.892,50.0,12.9,1.533,0.7933,-0.0402,5.945,3.393,1,THERMAL_OVERLOAD,1
117.22,105.01,56.62,348.9,92.06,14.54,149.51,0.674,48.9,12.2,1.606,1.4833,1.1329,8.114,13.379,4,CRITICAL_FAILURE,1
61.07,53.87,21.75,400.67,33.63,1.48,57.62,0.966,50.05,7.2,0.674,-0.0018,0.0098,0.203,0.966,0,NORMAL,0
69.93,64.57,31.43,396.8,43.94,1.78,75.66,0.931,49.98,5.36,0.872,0.0567,-0.0047,1.177,1.002,0,NORMAL,0
61.65,56.21,24.41,395.89,32.4,1.44,53.78,0.963,49.92,5.44,0.641,-0.0031,0.0063,0.801,1.548,0,NORMAL,0
59.9,54.22,23.21,398.79,25.16,1.04,45.82,0.949,49.98,5.69,0.502,0.0377,-0.0107,0.973,0.855,0,NORMAL,0
62.66,56.34,25.85,396.89,30.52,2.03,52.79,0.947,49.97,6.32,0.606,-0.0315,-0.0319,0.873,0.855,0,NORMAL,0
62.15,55.75,25.07,397.25,31.56,1.11,53.36,0.938,49.98,6.4,0.627,-0.0144,0.0001,0.744,1.036,0,NORMAL,0
121.07,108.12,52.69,350.6,88.06,12.3,159.94,0.682,48.6,12.94,1.544,1.8747,0.6165,9.182,13.778,4,CRITICAL_FAILURE,1
89.91,83.28,33.67,404.16,73.85,3.53,117.98,0.936,49.98,6.63,1.492,0.6754,0.0728,3.534,6.829,1,THERMAL_OVERLOAD,1
65.97,56.35,27.84,401.07,43.1,1.91,70.35,0.965,49.9,9.63,0.864,-0.0402,-0.0177,0.462,0.834,0,NORMAL,0
69.31,59.78,26.08,397.48,45.23,0.8,75.76,0.961,50.02,9.53,0.899,-0.0178,0.0095,0.808,0.81,0,NORMAL,0
59.92,53.27,23.69,396.9,29.67,1.27,47.76,0.95,49.94,6.65,0.589,0.0033,0.0266,0.96,0.731,0,NORMAL,0
59.36,50.14,28.19,393.28,28.19,1.54,49.04,0.935,50.07,9.22,0.554,-0.0195,-0.0065,0.673,1.516,0,NORMAL,0
91.7,96.37,32.58,384.91,67.67,3.63,101.72,0.906,49.93,-4.67,1.302,0.4057,0.0794,4.574,4.889,1,THERMAL_OVERLOAD,1
60.69,53.17,27.31,398.09,37.12,1.35,56.48,0.966,49.97,7.52,0.739,-0.0211,0.0189,0.773,1.948,0,NORMAL,0
111.3,94.39,27.21,392.49,57.64,2.25,96.72,0.915,49.73,16.91,1.131,0.1781,-0.0399,3.032,5.885,1,THERMAL_OVERLOAD,1
65.46,60.18,23.57,408.54,45.44,1.37,77.18,0.98,50.03,5.28,0.928,-0.0258,-0.0121,0.349,1.107,0,NORMAL,0
60.64,54.95,23.4,398.73,38.41,9.54,68.0,0.96,49.94,5.69,0.766,-0.0677,0.5159,0.99,1.06,2,MECHANICAL_FAULT,1
108.86,108.73,48.68,351.32,100.16,15.09,159.76,0.68,48.94,0.13,1.759,1.9418,0.4549,8.58,7.706,4,CRITICAL_FAILURE,1
99.65,97.99,33.55,384.19,75.08,2.01,117.09,0.886,49.95,1.66,1.442,0.4506,-0.0016,6.016,3.44,1,THERMAL_OVERLOAD,1
63.9,55.52,27.54,398.76,38.28,1.87,57.51,0.959,49.93,8.39,0.763,-0.0205,-0.0164,0.423,1.506,0,NORMAL,0
60.33,56.24,22.43,400.3,34.63,1.32,55.51,0.964,49.99,4.09,0.693,-0.0399,-0.025,1.191,1.578,0,NORMAL,0
75.12,69.48,24.65,402.06,38.6,11.57,70.33,0.952,50.07,5.64,0.776,0.0837,0.2321,1.523,2.099,2,MECHANICAL_FAULT,1
69.15,64.39,27.95,396.11,44.9,1.38,73.63,0.955,49.96,4.77,0.889,-0.0445,0.0032,0.54,1.467,0,NORMAL,0
67.25,62.78,24.32,392.6,42.53,1.5,69.55,0.96,50.0,4.47,0.835,-0.0256,-0.0231,0.541,1.597,0,NORMAL,0
65.83,61.59,23.63,395.89,46.21,2.1,72.39,0.961,50.06,4.24,0.915,0.0558,-0.0367,0.657,1.859,0,NORMAL,0
81.01,86.03,51.43,356.24,40.65,3.34,74.45,0.818,50.11,-5.03,0.724,0.2443,0.0067,3.552,4.952,3,DIELECTRIC_FAULT,1
63.92,59.21,26.94,403.22,43.48,1.96,72.79,0.946,49.94,4.71,0.877,0.0185,0.0207,0.549,1.815,0,NORMAL,0
61.39,56.87,24.36,394.57,36.66,1.92,56.26,0.962,50.04,4.52,0.723,0.0061,-0.0064,0.389,1.135,0,NORMAL,0
60.07,50.49,26.91,398.96,27.09,1.08,45.61,0.942,50.04,9.58,0.54,-0.0388,0.0017,0.505,0.982,0,NORMAL,0
61.63,57.01,29.05,395.52,31.93,0.96,52.42,0.976,50.01,4.62,0.632,-0.0124,-0.006,0.403,0.754,0,NORMAL,0
78.45,77.39,8.22,382.41,33.48,3.67,57.01,0.683,49.98,1.05,0.64,0.3027,0.0236,3.26,2.469,3,DIELECTRIC_FAULT,1
62.44,53.99,25.61,406.13,43.85,1.9,74.26,0.968,49.96,8.44,0.89,0.0198,-0.0077,0.531,1.632,0,NORMAL,0
61.97,55.42,25.15,399.12,35.71,1.7,60.99,0.969,50.03,6.55,0.713,0.059,0.0272,0.445,0.588,0,NORMAL,0
58.26,50.15,24.41,390.65,36.45,1.26,59.29,0.969,50.03,8.11,0.712,0.0356,-0.0061,0.601,1.641,0,NORMAL,0
64.75,55.59,25.07,399.99,44.21,1.02,70.72,0.975,49.96,9.17,0.884,0.0111,0.0117,0.385,0.954,0,NORMAL,0
134.15,103.61,50.47,346.25,109.01,10.44,130.75,0.704,48.42,30.54,1.887,1.1107,0.9264,5.815,14.508,4,CRITICAL_FAILURE,1
68.3,64.09,25.14,408.12,47.63,1.59,76.18,0.977,50.03,4.21,0.972,0.0037,0.0045,0.219,0.86,0,NORMAL,0
61.18,55.11,24.87,395.59,30.54,1.73,49.23,0.939,50.05,6.07,0.604,-0.0159,-0.0159,0.377,0.633,0,NORMAL,0
60.3,50.37,24.41,408.84,31.66,1.43,51.26,0.936,49.97,9.94,0.647,-0.0258,-0.042,0.655,0.75,0,NORMAL,0
64.27,54.39,24.74,397.76,44.41,1.36,73.44,0.952,49.99,9.88,0.883,0.0245,0.0049,0.53,1.775,0,NORMAL,0
62.43,55.32,21.44,408.5,34.0,1.89,54.63,0.967,49.95,7.12,0.695,-0.0282,0.0295,0.976,1.937,0,NORMAL,0
63.02,58.56,25.97,396.37,35.67,1.3,58.78,0.958,50.06,4.46,0.707,-0.0101,0.0085,0.573,0.883,0,NORMAL,0
62.43,58.24,23.23,401.77,34.93,0.94,55.08,0.966,49.99,4.19,0.702,-0.0354,-0.0096,0.277,1.632,0,NORMAL,0
69.68,65.45,25.54,401.94,45.24,1.49,77.61,0.95,49.97,4.23,0.909,-0.0379,0.0166,0.447,1.416,0,NORMAL,0
59.51,50.02,28.18,397.23,33.77,1.49,55.22,0.931,50.03,9.49,0.671,0.0019,-0.0146,0.919,0.823,0,NORMAL,0
65.23,57.96,26.79,395.55,34.46,1.33,57.6,0.936,49.98,7.28,0.682,-0.0455,0.0314,0.905,1.948,0,NORMAL,0
104.04,104.56,38.11,395.93,59.42,2.88,96.52,0.892,50.0,-0.52,1.176,0.5017,0.048,5.267,5.056,1,THERMAL_OVERLOAD,1
60.7,52.49,29.29,397.64,46.05,6.26,80.09,0.932,50.04,8.2,0.916,0.0743,0.4063,1.546,1.145,2,MECHANICAL_FAULT,1
88.19,87.44,40.63,393.84,83.82,3.59,133.21,0.883,49.94,0.75,1.651,0.412,0.0585,5.407,4.4,1,THERMAL_OVERLOAD,1
65.73,57.01,24.57,405.42,44.9,1.97,72.8,0.972,49.93,8.72,0.91,-0.0173,-0.0019,0.461,0.887,0,NORMAL,0
62.68,54.79,25.08,406.99,32.51,1.33,51.83,0.968,50.03,7.89,0.661,-0.0096,0.0003,0.936,1.598,0,NORMAL,0
63.46,59.39,24.05,404.84,45.19,1.53,74.89,0.971,49.99,4.07,0.915,0.0041,-0.0289,0.404,0.681,0,NORMAL,0
61.0,55.51,25.24,398.99,33.11,1.39,53.83,0.958,50.03,5.49,0.661,-0.0732,0.0326,1.142,1.596,0,NORMAL,0
57.79,49.07,19.43,399.74,30.24,0.82,52.88,0.958,49.99,8.73,0.604,0.0101,-0.0095,0.458,1.511,0,NORMAL,0
62.08,56.95,25.4,400.04,36.49,1.88,59.56,0.972,50.08,5.14,0.73,0.0377,-0.0137,0.909,0.822,0,NORMAL,0
65.01,56.91,25.49,399.27,40.94,1.13,67.92,0.952,49.99,8.1,0.817,0.007,-0.0078,0.912,1.064,0,NORMAL,0
60.62,51.88,24.84,397.46,34.42,1.62,56.26,0.954,50.0,8.74,0.684,0.0617,0.0179,0.814,1.489,0,NORMAL,0
62.82,54.2,24.98,400.97,33.9,1.09,57.49,0.955,49.98,8.62,0.68,-0.0431,0.0139,0.428,1.883,0,NORMAL,0
60.55,51.23,28.64,393.68,36.87,1.06,58.88,0.963,50.02,9.32,0.726,-0.0116,-0.0147,0.362,0.666,0,NORMAL,0
69.02,63.8,23.67,399.33,42.63,1.71,72.57,0.964,50.03,5.22,0.851,-0.0443,-0.007,0.537,1.429,0,NORMAL,0
58.98,50.25,24.9,393.93,30.09,2.0,53.3,0.942,50.02,8.73,0.593,-0.0189,0.009,0.901,0.846,0,NORMAL,0
64.13,58.81,27.89,395.37,34.75,1.47,53.91,0.945,49.97,5.31,0.687,-0.0594,-0.0211,0.813,0.587,0,NORMAL,0
66.93,57.55,23.6,405.49,45.17,1.12,74.45,0.951,49.98,9.38,0.916,0.0089,0.0052,0.207,1.266,0,NORMAL,0
65.3,58.9,27.81,396.2,44.78,1.0,77.02,0.938,49.98,6.4,0.887,0.0329,0.0387,0.354,1.778,0,NORMAL,0
75.3,67.61,19.33,403.08,40.22,9.83,73.37,0.935,50.03,7.69,0.811,-0.052,0.5118,0.898,2.452,2,MECHANICAL_FAULT,1
97.59,88.24,32.42,397.41,75.92,3.71,110.96,0.893,50.08,9.35,1.509,0.6897,0.0346,3.635,3.404,1,THERMAL_OVERLOAD,1
111.67,84.42,39.67,388.42,82.25,3.16,125.25,0.883,49.93,27.25,1.597,0.3653,-0.0356,3.55,6.823,1,THERMAL_OVERLOAD,1
76.89,76.71,11.81,399.68,44.77,2.39,78.21,0.793,49.22,0.18,0.895,0.0808,-0.035,3.051,4.015,3,DIELECTRIC_FAULT,1
62.74,55.75,26.06,397.91,41.08,1.11,69.22,0.979,50.0,6.98,0.817,0.0019,0.0049,0.847,0.828,0,NORMAL,0
63.77,59.66,26.45,394.94,38.39,0.95,64.09,0.941,50.01,4.11,0.758,0.035,-0.0098,0.469,1.823,0,NORMAL,0
61.28,52.8,23.85,400.9,29.21,2.05,53.53,0.959,49.96,8.48,0.586,0.0413,0.0353,0.928,1.137,0,NORMAL,0
58.47,51.13,24.59,403.64,33.58,1.16,53.0,0.977,49.93,7.34,0.678,0.0267,0.014,0.908,1.396,0,NORMAL,0
64.95,59.1,26.13,400.51,45.19,1.48,74.77,0.96,49.99,5.85,0.905,0.0203,0.0319,0.494,1.001,0,NORMAL,0
55.35,48.89,23.36,397.93,31.8,1.54,54.76,0.942,50.01,6.46,0.633,-0.0292,-0.0107,0.494,1.78,0,NORMAL,0
67.97,63.13,26.52,394.33,40.9,1.76,69.42,0.931,50.02,4.85,0.806,0.046,0.0084,0.311,1.758,0,NORMAL,0
62.58,55.34,26.78,400.22,42.27,1.71,72.35,0.962,50.06,7.24,0.846,0.0348,-0.0017,0.831,1.112,0,NORMAL,0
56.79,51.91,26.55,406.93,26.41,2.06,47.31,0.93,50.04,4.88,0.537,0.0172,-0.0099,0.871,1.842,0,NORMAL,0
93.1,94.31,35.51,394.78,64.53,3.74,100.99,0.903,49.93,-1.2,1.274,0.7341,-0.0425,2.985,3.166,1,THERMAL_OVERLOAD,1
71.02,61.06,26.47,403.06,45.23,2.08,75.4,0.944,50.01,9.96,0.911,-0.0011,-0.0056,1.061,1.754,0,NORMAL,0
67.84,60.16,26.04,404.82,44.22,1.2,74.58,0.938,50.0,7.68,0.895,0.0243,-0.03,0.385,1.863,0,NORMAL,0
62.72,56.27,21.61,398.73,38.83,1.01,61.67,0.93,49.96,6.45,0.774,0.0058,-0.0001,0.874,0.603,0,NORMAL,0
60.56,51.12,24.3,403.26,29.23,0.86,49.05,0.953,49.95,9.44,0.589,0.0231,0.0135,0.699,0.644,0,NORMAL,0
104.86,84.54,24.54,390.08,82.31,2.21,124.75,0.938,49.78,20.33,1.605,0.1834,-0.0203,3.196,4.724,1,THERMAL_OVERLOAD,1
61.68,53.1,24.21,400.24,30.64,1.15,49.26,0.932,50.01,8.58,0.613,-0.0152,-0.0103,0.702,1.588,0,NORMAL,0
65.64,59.02,25.11,397.6,45.43,1.61,76.99,0.956,50.02,6.62,0.903,-0.0597,-0.0072,0.266,1.328,0,NORMAL,0
111.45,82.52,27.78,386.2,82.69,2.6,129.56,0.907,49.79,28.94,1.597,0.453,0.0362,4.765,5.041,1,THERMAL_OVERLOAD,1
76.85,93.73,57.16,374.61,44.24,1.84,81.2,0.81,49.81,-16.88,0.829,0.2536,0.0286,2.439,4.212,3,DIELECTRIC_FAULT,1
66.78,62.29,21.94,394.29,38.68,0.92,60.06,0.96,50.09,4.49,0.763,0.0134,0.0029,0.371,1.126,0,NORMAL,0
67.39,61.67,25.75,399.44,46.01,1.18,74.66,0.958,50.01,5.72,0.919,-0.08,-0.0179,0.307,0.73,0,NORMAL,0
69.68,61.32,24.02,398.97,48.65,1.29,77.54,0.95,49.99,8.36,0.97,0.0316,-0.0369,0.274,0.762,0,NORMAL,0
59.61,55.53,21.54,400.28,29.49,1.25,49.12,0.93,49.97,4.08,0.59,0.0006,0.0108,0.773,1.499,0,NORMAL,0
115.69,109.11,60.43,338.46,116.19,9.64,154.07,0.695,48.27,6.58,1.966,1.1967,0.5528,7.163,8.983,4,CRITICAL_FAILURE,1
65.06,60.12,27.51,400.1,35.44,0.84,61.91,0.935,50.09,4.94,0.709,-0.0095,-0.0332,0.572,1.836,0,NORMAL,0
60.69,55.02,22.16,398.09,31.39,1.65,52.4,0.98,50.1,5.67,0.625,0.0199,-0.0042,0.367,0.924,0,NORMAL,0
90.13,95.73,32.0,409.66,73.24,3.15,110.55,0.932,49.77,-5.61,1.5,0.4836,-0.0157,5.249,5.248,1,THERMAL_OVERLOAD,1
62.02,52.86,29.41,408.43,27.79,0.88,49.73,0.975,49.99,9.16,0.567,0.0333,-0.029,1.116,1.716,0,NORMAL,0
61.52,51.82,25.27,403.01,30.53,1.93,52.7,0.973,50.06,9.7,0.615,-0.0606,-0.0164,0.655,1.479,0,NORMAL,0
114.12,110.71,61.37,342.84,95.44,13.71,134.8,0.693,49.15,3.41,1.636,0.896,0.912,5.616,12.057,4,CRITICAL_FAILURE,1
59.59,51.63,21.8,388.06,36.28,11.78,75.39,0.947,49.95,7.96,0.704,0.0132,0.2218,0.822,2.553,2,MECHANICAL_FAULT,1
60.88,55.75,28.62,399.48,34.74,1.54,55.52,0.952,50.03,5.13,0.694,0.0327,-0.0072,0.419,1.601,0,NORMAL,0
67.7,60.36,23.67,399.85,39.78,1.79,67.48,0.969,49.91,7.34,0.795,0.0466,-0.0183,0.458,1.748,0,NORMAL,0
60.93,56.82,22.97,398.44,29.57,1.94,50.97,0.972,49.97,4.1,0.589,-0.0253,-0.0233,0.436,1.863,0,NORMAL,0
71.16,86.61,49.33,375.81,30.74,3.4,62.37,0.685,49.68,-15.45,0.578,0.2437,0.0325,3.38,2.906,3,DIELECTRIC_FAULT,1
66.05,57.22,23.99,395.84,45.35,8.31,80.87,0.931,50.08,8.83,0.898,-0.0868,0.3003,1.218,2.861,2,MECHANICAL_FAULT,1
61.24,51.91,24.05,408.64,42.62,1.24,66.36,0.95,49.93,9.33,0.871,0.0004,-0.0239,1.002,1.162,0,NORMAL,0
65.56,58.58,25.93,406.11,45.76,2.01,76.31,0.96,50.03,6.98,0.929,0.0018,0.0113,0.891,1.472,0,NORMAL,0
65.02,55.8,26.25,397.85,39.32,1.74,65.59,0.932,50.08,9.22,0.782,0.0073,-0.0197,0.711,1.006,0,NORMAL,0
77.49,69.22,18.34,393.41,43.24,10.63,81.51,0.935,50.08,8.27,0.851,0.0153,0.5464,1.42,1.541,2,MECHANICAL_FAULT,1
69.51,60.62,28.22,397.33,39.16,10.87,68.26,0.944,50.03,8.9,0.778,-0.0229,0.4207,1.032,2.236,2,MECHANICAL_FAULT,1
99.57,82.05,33.97,400.92,86.1,2.33,131.4,0.936,49.91,17.52,1.726,0.4364,-0.0014,4.218,4.603,1,THERMAL_OVERLOAD,1
55.26,49.23,24.22,400.37,45.0,11.58,78.09,0.908,49.98,6.03,0.901,-0.0223,0.4511,1.721,2.209,2,MECHANICAL_FAULT,1
64.05,54.09,26.3,406.91,38.71,2.0,63.19,0.978,49.96,9.96,0.788,-0.0131,0.0122,0.411,1.647,0,NORMAL,0
66.31,59.28,23.31,402.16,45.25,1.77,73.24,0.957,49.97,7.02,0.91,0.0429,0.0117,0.926,0.565,0,NORMAL,0
64.78,60.6,21.7,398.49,40.87,1.36,69.28,0.959,50.0,4.18,0.814,0.0187,0.0039,0.241,0.973,0,NORMAL,0
67.89,61.91,24.76,396.22,46.28,2.15,76.18,0.975,50.04,5.98,0.917,-0.0189,0.0173,0.495,0.523,0,NORMAL,0
64.9,55.24,22.31,400.23,33.98,1.87,62.2,0.94,50.02,9.66,0.68,0.0152,0.0078,0.489,1.237,0,NORMAL,0
62.31,57.43,24.67,401.2,33.53,1.77,48.7,0.942,49.91,4.88,0.673,0.0583,0.0073,0.649,1.795,0,NORMAL,0
62.81,57.11,26.03,406.48,37.23,0.88,60.04,0.954,49.99,5.69,0.757,0.0061,0.0153,0.746,0.875,0,NORMAL,0
60.87,53.24,25.18,400.05,31.38,1.46,53.71,0.959,50.02,7.63,0.628,-0.0336,-0.0151,0.463,1.257,0,NORMAL,0
63.05,55.42,25.25,396.41,38.55,7.59,72.24,0.947,49.98,7.63,0.764,0.0325,0.6062,1.936,2.138,2,MECHANICAL_FAULT,1
63.47,56.37,21.57,397.22,36.5,2.09,60.44,0.957,49.91,7.1,0.725,0.0451,0.0155,0.632,1.743,0,NORMAL,0
65.71,56.06,26.3,403.56,34.48,2.03,59.39,0.956,50.02,9.65,0.696,0.0443,-0.0199,0.326,1.294,0,NORMAL,0
65.04,57.4,23.77,393.4,42.34,2.18,67.33,0.961,49.99,7.64,0.833,-0.0262,-0.0075,1.036,1.821,0,NORMAL,0
64.57,58.14,27.38,402.26,38.72,1.93,63.71,0.968,49.94,6.42,0.779,-0.0089,0.0275,1.018,0.68,0,NORMAL,0
61.42,53.58,25.91,401.69,39.9,9.29,76.15,0.909,50.03,7.84,0.801,0.0459,0.5627,0.989,2.369,2,MECHANICAL_FAULT,1
62.32,54.1,27.52,406.02,34.63,2.1,55.26,0.96,49.96,8.22,0.703,0.0221,0.0082,1.044,1.027,0,NORMAL,0
88.23,101.42,30.79,384.85,69.03,3.52,100.53,0.9,49.88,-13.2,1.328,0.5473,0.0422,3.847,6.475,1,THERMAL_OVERLOAD,1
65.51,56.94,22.28,396.71,41.52,1.04,74.14,0.979,50.03,8.56,0.823,0.0166,-0.0057,0.378,1.728,0,NORMAL,0
58.63,51.12,26.94,393.19,29.78,1.31,48.93,0.973,49.93,7.51,0.585,-0.037,0.0116,0.536,1.771,0,NORMAL,0
64.35,54.74,23.33,396.65,45.36,1.81,76.55,0.978,50.02,9.61,0.9,0.0156,0.0151,0.884,0.783,0,NORMAL,0
107.36,102.04,26.52,392.26,68.38,3.28,106.34,0.892,49.88,5.32,1.341,0.5492,0.0293,2.653,4.121,1,THERMAL_OVERLOAD,1
55.42,50.34,27.69,400.63,42.97,10.77,79.05,0.944,49.87,5.08,0.861,0.0317,0.166,0.997,2.161,2,MECHANICAL_FAULT,1
58.82,50.54,26.8,400.4,30.28,1.47,54.86,0.939,49.96,8.28,0.606,-0.0447,-0.014,0.251,1.645,0,NORMAL,0
63.13,56.53,24.91,402.68,38.48,1.52,68.74,0.973,49.96,6.61,0.775,-0.0104,0.0038,0.409,0.968,0,NORMAL,0
64.08,59.55,24.55,400.23,41.44,1.81,68.33,0.952,50.03,4.53,0.829,-0.0387,0.0251,0.523,1.137,0,NORMAL,0
71.33,83.35,49.17,421.64,29.87,2.57,56.52,0.729,49.59,-12.02,0.63,0.3106,0.0513,3.812,4.508,3,DIELECTRIC_FAULT,1
64.62,55.36,24.21,392.31,46.76,1.02,76.16,0.953,50.08,9.26,0.917,0.0263,0.0193,0.768,1.159,0,NORMAL,0
65.19,56.96,22.34,407.93,34.37,0.81,57.45,0.938,50.05,8.22,0.701,0.0371,0.0018,0.498,0.658,0,NORMAL,0
62.82,56.62,23.87,396.47,37.65,1.87,62.94,0.967,49.95,6.2,0.746,-0.0065,0.0009,1.069,1.952,0,NORMAL,0
91.55,102.15,22.75,400.61,74.31,2.41,117.88,0.933,50.14,-10.61,1.488,0.3301,0.0396,3.389,4.963,1,THERMAL_OVERLOAD,1
66.15,57.38,27.02,389.74,42.26,0.95,72.67,0.936,49.94,8.76,0.824,-0.02,0.0046,0.355,1.437,0,NORMAL,0
62.58,52.94,26.59,402.13,31.55,1.77,55.22,0.975,50.06,9.64,0.634,0.0329,0.0154,0.416,1.869,0,NORMAL,0
106.23,118.14,51.6,356.85,115.3,13.79,143.12,0.739,48.31,-11.91,2.057,2.0296,1.1412,9.582,7.398,4,CRITICAL_FAILURE,1
66.42,59.34,25.35,401.24,45.61,1.12,75.62,0.939,49.98,7.08,0.915,0.008,0.0143,0.386,1.967,0,NORMAL,0
60.37,53.14,25.63,404.56,30.8,1.56,49.04,0.944,50.08,7.23,0.623,-0.0194,-0.0175,0.641,1.714,0,NORMAL,0
64.83,59.25,23.58,396.08,42.28,1.58,71.13,0.951,49.97,5.58,0.837,0.0349,0.0214,0.766,1.208,0,NORMAL,0
57.68,52.58,25.17,389.21,40.13,6.0,75.27,0.954,50.09,5.1,0.781,-0.0014,0.5242,1.368,2.066,2,MECHANICAL_FAULT,1
65.47,58.81,21.28,403.24,39.54,1.79,67.68,0.955,49.99,6.67,0.797,0.0085,0.0178,0.702,1.954,0,NORMAL,0
63.64,58.85,24.98,404.23,31.4,2.0,51.84,0.954,50.01,4.78,0.635,-0.0081,0.0459,1.094,1.836,0,NORMAL,0
65.68,60.81,24.21,405.73,46.31,2.13,74.16,0.965,49.91,4.87,0.94,0.0251,-0.0169,1.198,1.633,0,NORMAL,0
63.06,54.09,25.57,407.38,42.55,1.24,69.73,0.957,50.04,8.96,0.867,-0.0318,0.0224,0.69,0.807,0,NORMAL,0
88.6,80.91,57.7,382.01,34.26,2.55,67.43,0.83,49.94,7.69,0.654,0.1326,-0.1015,3.711,3.407,3,DIELECTRIC_FAULT,1
91.33,103.74,33.87,398.4,70.8,2.79,109.8,0.925,49.9,-12.41,1.41,0.227,0.0075,2.775,3.391,1,THERMAL_OVERLOAD,1
61.15,51.89,27.17,405.14,30.18,0.91,46.22,0.949,50.03,9.26,0.611,0.0127,0.0113,0.381,1.776,0,NORMAL,0
65.51,60.69,25.21,398.32,42.15,1.48,72.03,0.94,50.02,4.82,0.84,0.04,-0.015,0.456,1.384,0,NORMAL,0
101.26,85.6,36.03,401.4,70.42,2.92,100.74,0.901,49.88,15.67,1.413,0.5908,-0.0184,3.446,4.978,1,THERMAL_OVERLOAD,1
62.28,53.7,25.33,397.84,33.72,1.96,55.4,0.96,50.0,8.58,0.671,0.0303,0.0103,0.781,1.589,0,NORMAL,0
100.88,87.96,29.14,404.51,62.68,2.83,96.62,0.933,49.7,12.92,1.268,0.6201,0.0484,4.947,5.242,1,THERMAL_OVERLOAD,1
62.13,55.7,23.08,397.97,41.26,1.59,69.91,0.943,49.93,6.43,0.821,-0.0064,0.0076,1.096,0.655,0,NORMAL,0
65.2,57.5,26.67,406.95,38.88,1.01,64.52,0.972,49.91,7.69,0.791,-0.0025,0.0165,0.341,1.816,0,NORMAL,0
63.65,58.36,24.35,401.43,31.1,1.93,55.27,0.944,49.96,5.3,0.624,0.0266,0.0262,0.545,1.212,0,NORMAL,0
61.43,51.86,24.78,396.62,35.25,2.01,61.64,0.965,50.01,9.57,0.699,-0.0097,0.0118,0.314,1.466,0,NORMAL,0
61.71,52.66,22.84,394.46,38.75,2.12,67.23,0.957,49.96,9.05,0.764,0.0041,0.013,0.25,0.798,0,NORMAL,0
106.9,104.33,28.78,392.18,76.31,2.54,112.12,0.927,49.88,2.57,1.496,0.3273,0.0589,4.464,6.587,1,THERMAL_OVERLOAD,1
63.39,57.65,25.61,395.48,39.36,8.93,69.77,0.918,50.1,5.74,0.778,0.062,0.5176,1.535,1.701,2,MECHANICAL_FAULT,1
60.26,53.33,24.68,407.57,33.49,6.35,62.14,0.932,50.01,6.92,0.682,-0.0392,0.2612,0.881,1.1,2,MECHANICAL_FAULT,1
132.88,115.43,61.28,333.69,105.69,13.73,145.13,0.604,48.7,17.45,1.763,1.7264,0.5734,9.307,14.365,4,CRITICAL_FAILURE,1
57.46,51.56,24.7,398.57,28.4,1.27,46.02,0.936,49.96,5.9,0.566,0.0195,-0.0069,0.502,1.571,0,NORMAL,0
76.7,68.42,25.58,391.84,47.61,10.14,83.43,0.92,49.98,8.27,0.933,0.0659,0.2745,1.843,1.158,2,MECHANICAL_FAULT,1
65.86,61.38,24.64,402.79,39.14,1.4,61.02,0.944,49.98,4.48,0.788,-0.0333,0.011,0.904,1.66,0,NORMAL,0
71.53,65.84,19.09,404.83,39.16,6.53,69.13,0.903,49.83,5.69,0.793,0.0998,0.2458,1.514,2.381,2,MECHANICAL_FAULT,1
64.92,59.91,27.24,396.11,44.03,0.93,71.31,0.959,50.07,5.01,0.872,-0.0721,-0.0156,0.682,1.195,0,NORMAL,0
69.49,65.23,23.7,406.78,41.55,1.09,68.65,0.939,50.01,4.26,0.845,-0.0438,0.002,0.896,1.318,0,NORMAL,0
81.95,83.24,53.78,383.5,33.74,2.8,62.2,0.724,49.75,-1.29,0.647,0.3534,-0.059,2.214,3.661,3,DIELECTRIC_FAULT,1
85.89,90.55,6.12,398.0,43.39,2.25,71.76,0.746,50.18,-4.66,0.863,0.2436,0.1167,2.41,2.206,3,DIELECTRIC_FAULT,1
61.28,55.5,22.72,399.19,39.98,10.59,73.49,0.915,50.03,5.78,0.798,-0.0233,0.5156,1.909,2.815,2,MECHANICAL_FAULT,1
66.43,58.14,26.74,398.15,39.46,1.81,64.1,0.938,50.04,8.29,0.786,-0.0141,-0.0059,0.223,1.79,0,NORMAL,0
110.73,117.99,55.69,357.87,92.47,12.94,158.39,0.606,48.59,-7.26,1.655,1.3401,0.4075,9.626,13.55,4,CRITICAL_FAILURE,1
124.16,111.06,48.93,354.43,102.73,15.34,158.48,0.641,48.67,13.11,1.82,1.728,0.8179,5.03,14.541,4,CRITICAL_FAILURE,1
61.65,55.7,20.26,405.02,35.61,1.28,58.92,0.931,49.97,5.95,0.721,0.0245,-0.0059,0.89,0.718,0,NORMAL,0
111.82,98.08,29.9,401.32,68.18,3.41,101.68,0.888,49.79,13.74,1.368,0.2694,0.0021,5.162,6.435,1,THERMAL_OVERLOAD,1
65.21,57.96,25.12,404.61,44.71,1.82,67.97,0.964,49.96,7.25,0.905,0.0086,-0.0263,1.054,1.169,0,NORMAL,0
63.59,55.08,26.46,397.18,39.58,1.99,65.15,0.964,49.95,8.5,0.786,-0.0043,0.006,0.638,0.642,0,NORMAL,0
64.43,55.96,26.21,398.41,29.4,1.11,51.11,0.947,50.09,8.48,0.586,-0.0475,-0.0091,0.671,1.627,0,NORMAL,0
86.95,85.85,9.17,401.18,30.64,3.41,57.01,0.839,49.64,1.1,0.615,0.3738,0.107,3.477,4.097,3,DIELECTRIC_FAULT,1
63.82,58.51,24.92,394.79,32.2,1.98,51.05,0.938,50.05,5.31,0.636,-0.0516,-0.0179,1.148,1.559,0,NORMAL,0
127.19,102.7,52.35,359.01,89.8,15.94,133.91,0.738,48.63,24.49,1.612,0.91,0.4323,9.685,13.02,4,CRITICAL_FAILURE,1
118.83,100.04,62.37,358.53,95.75,15.21,150.35,0.731,48.83,18.78,1.717,1.9926,0.8976,10.54,10.241,4,CRITICAL_FAILURE,1
59.89,54.07,24.3,400.16,27.26,1.84,46.94,0.975,50.02,5.82,0.545,-0.0206,-0.0201,0.852,1.414,0,NORMAL,0
58.05,51.89,22.86,397.92,26.97,1.39,46.32,0.935,50.01,6.16,0.537,-0.0081,-0.0471,0.834,1.742,0,NORMAL,0
64.71,59.71,24.2,405.58,43.44,1.26,75.39,0.955,50.02,5.01,0.881,0.0392,0.0414,0.302,1.133,0,NORMAL,0
57.48,49.87,28.65,399.84,31.72,1.98,55.2,0.974,50.06,7.6,0.634,-0.0096,0.0036,1.161,1.921,0,NORMAL,0
113.05,85.91,26.64,398.08,84.05,3.17,132.08,0.889,49.87,27.14,1.673,0.5405,0.0222,4.587,3.171,1,THERMAL_OVERLOAD,1
60.84,54.12,21.88,403.64,41.21,11.42,82.37,0.909,49.96,6.71,0.832,-0.0276,0.4199,1.29,1.574,2,MECHANICAL_FAULT,1
65.99,58.95,25.86,393.42,44.08,1.27,72.44,0.943,49.96,7.04,0.867,0.0163,0.0252,1.039,1.639,0,NORMAL,0
69.9,64.04,24.3,403.57,45.01,1.25,76.26,0.951,49.95,5.85,0.908,-0.0027,-0.0152,0.959,0.943,0,NORMAL,0
58.54,52.65,25.31,397.93,26.48,1.01,45.42,0.959,50.06,5.88,0.527,0.0275,-0.0073,0.279,1.139,0,NORMAL,0
103.62,87.78,34.77,390.84,69.74,2.72,103.52,0.916,49.93,15.84,1.363,0.5571,0.0095,3.65,6.769,1,THERMAL_OVERLOAD,1
64.21,57.77,22.81,399.33,44.48,1.7,73.42,0.974,50.04,6.45,0.888,0.0247,-0.0033,1.193,0.659,0,NORMAL,0
59.03,52.95,28.4,397.55,31.51,1.36,48.74,0.943,50.0,6.08,0.626,-0.0435,-0.0184,0.857,1.953,0,NORMAL,0
60.84,52.02,22.72,398.95,30.77,0.94,53.5,0.945,49.99,8.82,0.614,-0.0162,0.0237,0.36,1.106,0,NORMAL,0
59.19,50.08,24.67,404.04,30.16,0.94,45.32,0.941,50.06,9.11,0.609,-0.0077,-0.0247,0.322,1.52,0,NORMAL,0
65.53,57.27,26.35,399.03,42.87,1.03,75.62,0.933,49.94,8.25,0.855,0.0421,0.0049,0.533,1.389,0,NORMAL,0
61.35,52.22,24.37,401.5,31.11,2.03,46.92,0.94,49.96,9.14,0.625,-0.0095,0.0063,1.054,1.53,0,NORMAL,0
109.62,91.9,27.5,395.06,85.68,2.77,128.68,0.916,49.94,17.71,1.692,0.563,0.0964,2.923,3.295,1,THERMAL_OVERLOAD,1
60.53,54.97,25.54,399.36,26.86,1.68,46.96,0.932,49.92,5.56,0.536,-0.025,0.0131,0.33,1.791,0,NORMAL,0
61.44,57.3,24.28,401.64,36.85,1.86,61.68,0.953,50.03,4.14,0.74,-0.0089,0.0139,0.803,1.74,0,NORMAL,0
106.54,99.91,37.84,399.9,79.26,3.71,125.13,0.89,49.93,6.62,1.585,0.3644,-0.0586,6.266,3.777,1,THERMAL_OVERLOAD,1
112.46,87.75,29.41,390.95,79.1,2.08,116.68,0.906,49.87,24.7,1.546,0.7125,0.0825,5.809,6.431,1,THERMAL_OVERLOAD,1
70.45,95.09,43.35,366.29,33.07,2.47,63.73,0.798,49.76,-24.65,0.606,0.3911,0.0144,1.677,4.788,3,DIELECTRIC_FAULT,1
65.05,57.68,24.64,404.17,42.2,1.91,68.59,0.974,50.05,7.37,0.853,-0.0095,-0.0291,0.375,0.771,0,NORMAL,0
66.28,61.09,25.03,394.49,38.76,1.83,60.88,0.951,50.03,5.19,0.765,-0.0334,-0.0348,0.609,1.316,0,NORMAL,0
63.02,53.98,28.78,401.73,37.83,1.05,59.11,0.958,49.95,9.04,0.76,0.0004,0.0077,1.128,1.111,0,NORMAL,0
66.55,58.46,23.7,394.6,45.4,1.83,72.37,0.95,49.98,8.09,0.896,-0.0576,0.0131,0.544,0.935,0,NORMAL,0
67.05,61.07,24.71,397.29,41.11,0.84,72.21,0.96,49.88,5.99,0.817,0.0259,-0.0397,0.209,0.982,0,NORMAL,0
80.35,81.9,51.82,394.15,47.61,3.06,83.08,0.79,49.63,-1.55,0.938,0.1035,0.0267,3.303,4.369,3,DIELECTRIC_FAULT,1
61.14,53.36,25.66,392.67,29.4,1.2,50.67,0.93,49.96,7.77,0.577,-0.011,0.0101,0.978,1.413,0,NORMAL,0
71.53,62.82,20.5,393.17,32.03,5.89,63.04,0.945,50.05,8.71,0.63,0.0055,0.2675,1.633,1.33,2,MECHANICAL_FAULT,1
78.85,88.79,10.6,375.31,44.06,3.72,67.76,0.788,49.86,-9.94,0.827,0.1521,-0.035,2.274,4.514,3,DIELECTRIC_FAULT,1
66.82,60.25,24.04,400.57,35.3,7.74,61.57,0.921,50.17,6.57,0.707,0.0253,0.3955,1.509,1.232,2,MECHANICAL_FAULT,1
64.68,59.18,21.79,395.28,45.91,1.81,74.8,0.962,50.0,5.49,0.907,0.0465,-0.0138,0.298,1.624,0,NORMAL,0
124.36,112.6,53.88,351.93,94.2,10.12,159.6,0.717,49.11,11.76,1.658,2.064,0.7847,7.979,9.14,4,CRITICAL_FAILURE,1
124.21,119.23,48.4,350.96,116.01,11.76,124.01,0.701,48.56,4.98,2.036,1.6042,1.1194,9.879,11.124,4,CRITICAL_FAILURE,1
75.54,69.23,22.67,394.3,36.84,10.7,69.71,0.941,50.06,6.31,0.726,0.0016,0.5862,1.249,2.202,2,MECHANICAL_FAULT,1
65.33,55.72,26.3,402.0,47.74,1.54,74.94,0.935,50.08,9.61,0.96,-0.0475,0.027,1.082,1.658,0,NORMAL,0
58.26,50.54,21.81,400.3,29.41,1.93,48.39,0.933,49.96,7.72,0.589,-0.0187,-0.0164,1.021,0.744,0,NORMAL,0
60.27,52.41,25.28,400.24,26.19,2.16,48.91,0.956,49.91,7.86,0.524,-0.042,-0.0304,1.167,1.578,0,NORMAL,0
76.56,79.19,54.49,378.93,42.62,3.11,81.59,0.733,49.84,-2.63,0.807,0.1618,0.0292,3.947,3.093,3,DIELECTRIC_FAULT,1
68.81,59.99,21.98,402.49,45.84,2.06,77.3,0.961,49.99,8.83,0.923,-0.0232,-0.0121,0.548,0.769,0,NORMAL,0
65.33,58.76,26.76,403.73,43.22,9.26,81.37,0.933,50.11,6.58,0.872,0.0179,0.212,1.617,2.483,2,MECHANICAL_FAULT,1
58.05,51.23,23.17,406.46,29.66,1.14,47.54,0.935,49.99,6.82,0.603,-0.0099,0.0056,0.795,1.014,0,NORMAL,0
108.5,105.42,62.45,352.9,112.3,13.65,120.44,0.655,48.94,3.08,1.981,1.9309,0.6475,9.79,6.841,4,CRITICAL_FAILURE,1
64.38,58.64,22.89,402.38,42.57,1.82,72.16,0.941,49.95,5.74,0.856,-0.0185,-0.027,0.676,0.567,0,NORMAL,0
62.56,55.58,23.03,395.62,35.44,8.74,66.18,0.938,50.03,6.98,0.701,-0.0817,0.6448,1.053,1.305,2,MECHANICAL_FAULT,1
90.71,90.33,23.7,391.55,78.11,3.15,120.85,0.915,49.86,0.38,1.529,0.3831,-0.0354,4.003,6.043,1,THERMAL_OVERLOAD,1
65.57,59.8,24.68,408.82,36.99,0.85,61.8,0.974,49.98,5.77,0.756,0.033,0.0112,0.279,1.136,0,NORMAL,0
96.48,104.38,29.29,404.92,78.35,2.6,125.81,0.9,49.86,-7.9,1.586,0.2395,0.0626,3.766,6.972,1,THERMAL_OVERLOAD,1
67.0,62.69,28.65,392.1,44.45,2.09,70.45,0.961,49.95,4.3,0.871,-0.0085,0.0083,0.821,1.044,0,NORMAL,0
62.45,57.5,23.64,404.61,37.81,1.09,64.08,0.973,49.98,4.95,0.765,0.0051,0.0055,0.79,0.846,0,NORMAL,0
63.45,57.05,23.92,400.24,30.54,1.97,51.64,0.979,49.95,6.4,0.611,0.0095,0.0239,0.83,1.679,0,NORMAL,0
83.01,82.33,57.45,405.92,29.91,3.72,52.79,0.806,50.15,0.67,0.607,0.1373,0.1175,3.734,3.678,3,DIELECTRIC_FAULT,1
65.47,56.51,24.87,400.17,33.39,2.01,59.05,0.958,50.0,8.96,0.668,0.0333,0.0281,0.625,0.61,0,NORMAL,0
65.36,57.62,27.99,400.95,37.19,1.01,61.79,0.957,49.95,7.74,0.746,-0.0626,-0.0217,0.559,0.595,0,NORMAL,0
110.19,103.53,30.64,396.6,68.56,3.63,100.06,0.921,49.89,6.66,1.36,0.5197,0.0642,3.558,4.338,1,THERMAL_OVERLOAD,1
61.66,56.38,24.59,404.65,28.57,1.15,48.13,0.942,49.98,5.28,0.578,0.0096,-0.0263,0.528,1.731,0,NORMAL,0
60.61,53.64,25.88,401.35,37.61,1.84,59.54,0.969,49.9,6.97,0.755,-0.0001,-0.0318,0.931,0.863,0,NORMAL,0
59.37,51.95,22.72,401.68,28.69,1.96,48.15,0.973,50.02,7.43,0.576,0.0262,0.001,1.045,1.597,0,NORMAL,0
61.03,54.75,25.01,399.66,32.66,0.81,53.87,0.942,49.9,6.28,0.653,-0.015,0.0368,0.605,1.597,0,NORMAL,0
66.38,58.6,29.6,398.22,42.93,1.03,68.57,0.964,49.97,7.78,0.855,-0.0596,-0.0064,0.822,1.758,0,NORMAL,0
62.7,54.81,25.07,396.86,40.02,1.43,66.11,0.941,49.99,7.89,0.794,-0.0663,-0.0143,1.023,0.984,0,NORMAL,0
62.85,58.44,23.03,401.09,36.69,0.91,59.41,0.977,50.07,4.41,0.736,0.0445,0.0105,0.44,1.642,0,NORMAL,0
66.02,59.89,26.41,398.69,44.28,1.38,72.12,0.947,50.03,6.13,0.883,-0.0382,-0.0285,0.296,1.695,0,NORMAL,0
64.88,56.47,24.12,403.22,42.7,2.06,75.19,0.978,49.99,8.41,0.861,0.0271,0.0188,0.441,0.611,0,NORMAL,0
60.04,54.69,25.1,400.5,33.96,1.62,55.66,0.966,49.95,5.36,0.68,0.0208,-0.0097,1.153,1.249,0,NORMAL,0
65.99,58.22,26.96,398.77,38.12,1.28,63.33,0.956,50.08,7.77,0.76,-0.0259,-0.0156,0.843,1.531,0,NORMAL,0
66.59,60.62,24.25,395.75,42.84,1.26,70.54,0.96,49.97,5.96,0.848,-0.0257,-0.0363,0.725,1.399,0,NORMAL,0
117.39,119.6,53.81,342.3,119.65,9.49,133.18,0.758,49.12,-2.21,2.048,0.9397,1.1057,8.462,6.391,4,CRITICAL_FAILURE,1
67.09,57.86,22.4,398.17,43.41,2.18,71.4,0.978,50.05,9.23,0.864,0.0349,0.005,0.461,1.124,0,NORMAL,0
62.3,53.62,25.95,393.62,34.09,6.51,60.39,0.909,50.02,8.68,0.671,0.0124,0.3403,1.621,1.795,2,MECHANICAL_FAULT,1
100.95,86.49,34.04,395.27,71.46,2.77,110.74,0.918,49.94,14.46,1.412,0.2797,0.0041,5.145,3.473,1,THERMAL_OVERLOAD,1
75.78,79.44,8.63,408.78,36.87,3.42,59.11,0.761,49.62,-3.66,0.754,0.3574,0.0343,2.758,2.053,3,DIELECTRIC_FAULT,1
124.1,113.72,58.84,339.3,108.26,14.17,150.12,0.65,48.71,10.38,1.837,1.423,0.4719,6.236,8.76,4,CRITICAL_FAILURE,1
61.97,54.34,22.8,397.2,31.7,1.79,54.77,0.964,49.95,7.63,0.629,-0.0367,-0.0221,0.413,1.062,0,NORMAL,0
68.27,58.35,26.75,403.48,40.8,2.02,66.05,0.941,50.04,9.92,0.823,-0.0011,-0.0171,0.714,1.744,0,NORMAL,0
66.54,61.62,26.96,389.36,40.49,1.12,70.15,0.944,49.98,4.92,0.788,-0.02,-0.0182,1.035,1.204,0,NORMAL,0
57.74,50.54,23.96,402.0,38.31,9.9,74.64,0.923,50.04,7.2,0.77,0.048,0.1505,1.057,2.871,2,MECHANICAL_FAULT,1
65.84,57.28,24.87,392.03,38.47,1.21,66.76,0.961,50.06,8.56,0.754,0.0113,0.0057,0.531,0.694,0,NORMAL,0
72.9,67.02,24.31,395.18,42.18,8.2,77.42,0.932,49.99,5.87,0.834,0.1192,0.4881,1.777,2.426,2,MECHANICAL_FAULT,1
63.65,56.04,23.51,405.11,35.97,0.81,62.54,0.935,49.97,7.61,0.729,-0.0344,-0.0365,0.476,1.804,0,NORMAL,0
69.8,64.31,27.22,396.4,41.04,9.09,74.48,0.941,50.02,5.49,0.813,0.1002,0.208,1.839,1.137,2,MECHANICAL_FAULT,1
67.24,59.04,26.76,396.31,47.97,1.29,76.83,0.966,49.94,8.2,0.95,0.0164,-0.0033,0.337,0.603,0,NORMAL,0
67.39,59.36,27.63,393.29,44.89,2.05,72.36,0.949,49.94,8.03,0.883,0.0056,-0.0236,0.834,0.986,0,NORMAL,0
66.35,57.34,27.31,400.44,47.36,1.05,74.17,0.938,50.04,9.01,0.948,0.011,0.0058,0.725,0.997,0,NORMAL,0
63.28,58.65,25.12,399.63,39.7,1.4,64.09,0.97,50.0,4.63,0.793,-0.028,-0.0174,0.451,1.424,0,NORMAL,0
119.31,117.04,53.81,351.71,116.37,11.69,141.72,0.697,48.33,2.27,2.046,1.373,0.6593,6.797,11.192,4,CRITICAL_FAILURE,1
68.85,61.49,24.57,403.89,42.78,1.21,75.1,0.975,49.99,7.35,0.864,0.0545,0.0038,0.31,0.904,0,NORMAL,0
60.4,53.16,25.68,402.26,34.67,11.46,73.52,0.903,49.96,7.24,0.697,-0.0351,0.4796,1.81,1.398,2,MECHANICAL_FAULT,1
64.82,57.86,23.89,399.46,37.62,8.23,73.19,0.916,49.93,6.96,0.751,-0.0463,0.4448,1.494,2.103,2,MECHANICAL_FAULT,1
71.8,80.32,10.36,379.05,46.42,3.59,80.88,0.799,49.81,-8.52,0.88,0.2862,0.0515,3.781,2.022,3,DIELECTRIC_FAULT,1
58.39,53.51,28.11,404.64,31.46,0.86,50.43,0.938,50.03,4.88,0.637,0.0013,0.029,0.483,1.383,0,NORMAL,0
76.65,80.38,11.99,372.94,33.52,3.77,60.92,0.687,49.58,-3.74,0.625,0.0964,-0.0529,1.506,3.899,3,DIELECTRIC_FAULT,1
61.16,54.38,24.8,402.89,29.28,1.33,51.17,0.959,49.95,6.78,0.59,-0.0098,-0.0008,1.194,1.315,0,NORMAL,0
67.63,59.09,25.36,399.24,45.42,0.94,74.21,0.942,49.94,8.54,0.907,-0.0111,-0.0664,1.156,1.151,0,NORMAL,0
58.47,54.04,28.62,398.62,32.51,2.05,54.09,0.961,50.0,4.43,0.648,-0.0307,-0.0144,0.807,1.712,0,NORMAL,0
63.68,58.26,27.3,395.66,42.96,1.61,67.72,0.933,50.04,5.42,0.85,-0.0213,-0.0319,0.276,1.588,0,NORMAL,0
63.25,59.13,24.87,405.81,40.5,2.03,66.32,0.956,49.93,4.12,0.822,-0.0009,0.0155,0.69,0.68,0,NORMAL,0
68.15,58.79,26.11,407.24,46.69,2.06,76.11,0.933,50.0,9.35,0.951,-0.0025,-0.0027,0.209,0.984,0,NORMAL,0
87.51,89.68,6.64,360.86,31.72,2.54,64.87,0.755,49.75,-2.17,0.572,0.1927,0.1577,3.858,4.738,3,DIELECTRIC_FAULT,1
67.7,59.3,28.37,397.6,45.13,1.49,74.7,0.936,50.0,8.4,0.897,-0.0094,0.0557,0.718,1.818,0,NORMAL,0
70.69,95.12,9.32,401.72,30.92,2.24,55.89,0.81,49.57,-24.44,0.621,0.2239,-0.0397,2.187,4.421,3,DIELECTRIC_FAULT,1
69.24,61.99,29.58,398.16,41.15,5.23,75.82,0.951,49.99,7.24,0.819,-0.012,0.1788,1.595,1.651,2,MECHANICAL_FAULT,1
63.74,58.35,21.21,404.65,35.42,1.52,62.42,0.964,50.01,5.39,0.717,0.0006,-0.0079,0.535,1.827,0,NORMAL,0
67.38,60.29,27.09,404.16,43.24,2.05,69.46,0.961,49.97,7.09,0.874,0.0576,0.0124,0.363,0.631,0,NORMAL,0
101.02,84.49,34.48,382.74,63.59,3.69,108.0,0.905,49.91,16.53,1.217,0.6419,0.0065,3.265,3.525,1,THERMAL_OVERLOAD,1
105.34,100.61,30.73,399.24,82.96,2.26,126.1,0.934,49.85,4.73,1.656,0.2192,0.0824,6.225,4.293,1,THERMAL_OVERLOAD,1
66.36,57.01,22.76,398.63,46.5,1.34,77.33,0.936,50.0,9.35,0.927,0.0403,-0.0054,0.786,1.41,0,NORMAL,0
63.88,54.19,26.74,398.69,36.3,1.75,64.51,0.948,50.02,9.69,0.724,0.0611,0.0029,1.16,0.881,0,NORMAL,0
114.98,89.49,41.1,403.95,70.42,3.3,110.84,0.898,50.14,25.49,1.422,0.5999,0.0286,5.273,4.364,1,THERMAL_OVERLOAD,1
130.42,117.93,59.65,344.02,119.61,13.89,133.65,0.625,48.52,12.49,2.057,1.4366,0.4028,10.931,9.325,4,CRITICAL_FAILURE,1
67.48,57.68,25.0,400.52,44.11,1.34,70.95,0.961,50.06,9.81,0.883,0.0003,-0.0138,1.071,0.82,0,NORMAL,0
67.02,62.97,25.89,400.02,44.44,1.17,70.37,0.957,50.01,4.04,0.889,0.0123,-0.0216,0.693,1.162,0,NORMAL,0
63.53,54.75,25.37,399.3,36.63,1.65,59.47,0.936,49.97,8.78,0.731,-0.0083,0.0205,0.485,0.947,0,NORMAL,0
58.26,49.4,25.84,402.64,28.35,0.85,47.54,0.933,49.85,8.85,0.571,0.009,-0.0331,0.94,1.408,0,NORMAL,0
64.51,56.87,25.87,400.49,36.57,1.38,62.22,0.955,50.02,7.63,0.732,-0.0418,0.002,0.889,1.854,0,NORMAL,0
60.53,55.16,27.78,404.78,31.54,1.29,52.59,0.962,50.01,5.37,0.638,-0.0133,-0.0058,0.994,0.648,0,NORMAL,0
67.19,62.0,26.89,398.99,44.97,1.25,74.02,0.963,50.0,5.2,0.897,0.029,0.0144,0.764,1.104,0,NORMAL,0
60.82,55.44,25.78,399.74,38.31,1.66,62.8,0.956,50.05,5.38,0.766,0.038,-0.0038,1.135,1.794,0,NORMAL,0
112.02,99.05,63.42,355.23,105.31,14.41,126.68,0.726,48.29,12.97,1.871,1.949,0.6442,6.48,10.387,4,CRITICAL_FAILURE,1
130.75,113.74,53.17,332.15,100.85,10.96,120.67,0.703,49.0,17.01,1.675,1.6781,0.4231,10.497,13.932,4,CRITICAL_FAILURE,1
67.78,60.8,28.55,403.31,39.86,1.93,65.69,0.933,50.01,6.98,0.804,0.0285,-0.0122,0.881,1.442,0,NORMAL,0
122.39,102.04,64.11,351.6,124.91,13.37,151.26,0.688,49.06,20.36,2.196,2.0299,0.6969,8.61,7.036,4,CRITICAL_FAILURE,1
61.88,55.01,21.25,398.96,35.98,1.83,62.01,0.948,50.04,6.87,0.718,-0.0057,-0.0282,0.854,1.543,0,NORMAL,0
65.21,59.88,26.44,399.64,43.8,0.83,68.63,0.935,49.94,5.33,0.875,-0.0157,0.0098,0.853,0.857,0,NORMAL,0
62.02,54.35,25.07,400.88,29.58,1.92,46.67,0.938,50.01,7.67,0.593,0.0178,0.0141,1.168,1.904,0,NORMAL,0
110.67,93.19,30.69,389.18,82.5,2.06,121.01,0.927,50.06,17.48,1.605,0.6789,0.0002,2.9,5.453,1,THERMAL_OVERLOAD,1
61.98,54.96,24.16,397.05,39.23,1.71,63.63,0.932,50.04,7.02,0.779,-0.0181,-0.0108,0.482,1.459,0,NORMAL,0
63.45,54.99,24.23,401.84,33.23,1.6,55.25,0.974,49.99,8.46,0.668,-0.0243,-0.0089,1.127,0.729,0,NORMAL,0
127.41,106.23,62.67,354.97,112.79,12.91,159.16,0.718,48.53,21.18,2.002,2.0717,1.0837,6.037,7.835,4,CRITICAL_FAILURE,1
65.3,61.19,24.23,400.9,41.69,1.11,67.88,0.949,49.99,4.12,0.836,0.0011,0.0222,0.849,1.044,0,NORMAL,0
64.53,56.71,24.27,404.44,33.61,1.85,54.39,0.96,50.03,7.82,0.68,-0.0045,-0.0149,1.038,0.973,0,NORMAL,0
120.81,110.97,51.35,342.33,114.96,10.71,133.75,0.705,49.02,9.84,1.968,2.0422,0.8193,5.517,14.604,4,CRITICAL_FAILURE,1
90.41,89.16,46.66,386.6,36.12,2.9,69.77,0.711,49.64,1.25,0.698,0.2626,0.036,3.107,4.945,3,DIELECTRIC_FAULT,1
64.04,59.77,26.92,390.55,35.87,1.56,61.29,0.931,49.97,4.27,0.7,0.0333,0.0285,0.246,0.738,0,NORMAL,0
88.54,85.9,29.58,395.42,77.31,3.61,122.58,0.91,50.04,2.64,1.528,0.1729,0.101,5.023,5.272,1,THERMAL_OVERLOAD,1
113.29,109.74,49.22,331.88,107.41,13.69,159.0,0.694,48.91,3.55,1.782,1.1126,0.736,11.497,7.896,4,CRITICAL_FAILURE,1
100.66,83.28,28.07,401.96,70.55,2.94,116.04,0.906,49.96,17.38,1.418,0.4777,-0.0473,4.295,3.185,1,THERMAL_OVERLOAD,1
90.21,95.56,35.39,401.46,81.99,3.51,126.39,0.914,50.01,-5.35,1.646,0.2395,0.0839,2.516,4.763,1,THERMAL_OVERLOAD,1
63.36,55.18,27.58,396.2,39.91,6.84,73.24,0.943,50.02,8.18,0.791,-0.0128,0.6192,1.348,1.832,2,MECHANICAL_FAULT,1
60.86,52.57,28.16,399.11,30.3,1.12,46.6,0.97,50.12,8.29,0.605,-0.0132,-0.0143,0.293,1.396,0,NORMAL,0
70.79,62.52,24.02,393.08,42.3,8.9,75.71,0.903,50.06,8.27,0.831,0.1159,0.3672,1.452,1.552,2,MECHANICAL_FAULT,1
69.22,60.49,22.16,398.36,43.79,1.82,73.33,0.968,49.99,8.73,0.872,-0.0009,0.0203,0.326,1.94,0,NORMAL,0
61.48,53.52,26.61,409.3,32.25,2.14,54.34,0.968,50.04,7.96,0.66,0.0039,0.0261,0.858,1.217,0,NORMAL,0
65.17,60.36,20.0,403.88,37.23,0.84,63.95,0.938,49.97,4.81,0.752,0.0058,-0.0111,0.278,0.788,0,NORMAL,0
64.82,58.17,24.55,400.29,38.53,1.84,61.72,0.977,49.99,6.65,0.771,-0.0434,0.0388,1.145,0.669,0,NORMAL,0
59.93,54.79,25.85,400.65,29.14,1.86,47.41,0.938,50.0,5.14,0.584,0.0541,-0.0038,0.447,1.461,0,NORMAL,0
65.54,58.48,26.58,404.04,38.99,1.54,68.37,0.975,49.99,7.06,0.788,-0.0179,-0.0237,0.405,1.417,0,NORMAL,0
89.39,79.11,7.12,403.11,49.01,2.7,86.77,0.749,49.79,10.28,0.988,0.1107,0.0478,2.224,4.88,3,DIELECTRIC_FAULT,1
58.35,48.88,25.46,405.23,28.81,1.24,51.74,0.976,50.01,9.48,0.584,0.051,-0.0247,0.624,1.141,0,NORMAL,0
64.88,55.69,25.16,397.39,38.28,1.76,64.15,0.973,50.03,9.19,0.761,-0.0225,0.0357,0.877,1.283,0,NORMAL,0
67.12,58.99,25.64,401.48,47.12,1.06,77.07,0.958,49.97,8.13,0.946,-0.0131,0.0035,1.15,0.683,0,NORMAL,0
113.74,118.34,57.75,350.81,123.82,11.06,157.18,0.683,48.61,-4.6,2.172,2.0029,1.0559,5.22,6.089,4,CRITICAL_FAILURE,1
67.12,62.0,23.39,394.83,39.43,0.83,68.75,0.95,50.04,5.12,0.779,-0.0385,-0.0013,0.244,0.784,0,NORMAL,0
66.84,57.62,27.88,403.96,45.66,0.84,77.65,0.948,50.08,9.22,0.922,-0.0136,-0.0115,0.924,0.615,0,NORMAL,0
59.72,49.73,26.23,403.45,38.9,1.75,59.33,0.95,49.9,9.98,0.785,0.0437,-0.0009,1.024,1.76,0,NORMAL,0
103.66,92.42,31.94,382.62,65.73,3.04,98.83,0.898,49.91,11.24,1.257,0.2959,0.0871,6.107,3.438,1,THERMAL_OVERLOAD,1
108.42,104.13,25.1,394.56,74.15,2.09,116.05,0.933,49.72,4.29,1.463,0.8004,0.0217,5.836,6.003,1,THERMAL_OVERLOAD,1
66.0,58.18,24.89,395.61,44.16,1.25,71.28,0.943,50.03,7.82,0.873,-0.0285,0.0093,0.465,1.493,0,NORMAL,0
65.1,56.19,23.72,396.23,46.4,1.78,75.07,0.98,50.08,8.92,0.919,0.0295,0.0158,1.138,0.67,0,NORMAL,0
65.73,61.58,22.79,405.87,45.31,1.18,70.84,0.935,50.04,4.15,0.92,0.0218,-0.0029,0.363,0.806,0,NORMAL,0
56.31,51.88,25.43,402.95,29.18,1.05,49.15,0.972,49.93,4.44,0.588,0.0216,0.0156,1.016,0.83,0,NORMAL,0
96.9,88.44,31.49,394.48,64.4,2.44,103.21,0.908,49.9,8.46,1.27,0.6123,0.0768,5.761,4.217,1,THERMAL_OVERLOAD,1
84.54,79.51,10.15,377.48,37.93,1.81,77.15,0.69,49.78,5.02,0.716,0.3919,-0.0191,1.636,4.006,3,DIELECTRIC_FAULT,1
65.54,59.54,25.73,409.16,43.27,2.0,71.23,0.937,50.0,6.0,0.885,0.0203,-0.0043,0.916,1.224,0,NORMAL,0
66.56,59.84,26.01,400.74,49.38,1.92,77.42,0.935,50.03,6.73,0.989,-0.0154,0.0115,0.226,0.827,0,NORMAL,0
62.39,54.59,24.06,396.77,36.71,1.64,59.37,0.96,50.06,7.8,0.728,0.0227,-0.0051,0.703,1.197,0,NORMAL,0
65.62,56.25,25.4,396.86,38.62,1.71,62.4,0.966,49.89,9.37,0.766,0.0276,0.0141,0.617,0.972,0,NORMAL,0
63.6,57.46,25.27,402.76,46.64,1.28,76.89,0.976,49.97,6.14,0.939,-0.0378,-0.039,0.204,0.906,0,NORMAL,0
93.5,94.71,34.99,379.82,85.37,2.4,129.84,0.902,49.85,-1.21,1.621,0.2166,0.0516,3.193,3.079,1,THERMAL_OVERLOAD,1
99.91,104.61,32.09,403.18,64.63,2.32,97.39,0.9,49.87,-4.7,1.303,0.2432,-0.029,6.445,5.615,1,THERMAL_OVERLOAD,1
63.6,55.97,24.15,400.9,40.34,1.47,69.08,0.93,50.0,7.63,0.809,0.0027,-0.0167,0.359,1.999,0,NORMAL,0
65.2,59.2,23.51,398.0,34.11,1.52,54.62,0.945,49.98,6.01,0.679,-0.0455,-0.0412,0.245,1.302,0,NORMAL,0
62.16,55.22,23.27,395.73,33.39,1.66,52.18,0.933,49.94,6.94,0.661,-0.0133,-0.0098,0.974,1.17,0,NORMAL,0
108.08,92.81,35.06,392.98,71.13,3.88,109.5,0.89,49.8,15.27,1.398,0.5547,0.0103,4.112,3.244,1,THERMAL_OVERLOAD,1
64.75,60.59,25.1,398.49,34.71,1.31,57.87,0.977,50.01,4.16,0.692,0.0283,0.0089,0.966,1.069,0,NORMAL,0
67.04,61.79,25.84,400.81,39.6,6.0,71.64,0.922,50.07,5.25,0.794,0.0032,0.242,1.45,1.29,2,MECHANICAL_FAULT,1
65.61,59.2,21.99,396.16,41.42,1.68,71.1,0.94,49.99,6.41,0.821,-0.0188,0.0529,0.801,1.323,0,NORMAL,0
60.64,56.13,25.3,401.9,30.12,0.86,48.88,0.939,49.95,4.51,0.605,-0.0025,-0.0276,0.448,1.213,0,NORMAL,0
132.36,106.98,58.27,347.32,124.73,13.71,123.32,0.778,48.31,25.38,2.166,0.7872,0.8186,5.391,12.547,4,CRITICAL_FAILURE,1
66.66,57.63,27.44,397.63,43.82,1.31,72.38,0.974,50.05,9.03,0.871,-0.0172,0.0067,0.608,1.83,0,NORMAL,0
66.52,56.9,24.2,393.41,37.78,1.29,65.27,0.937,50.0,9.62,0.743,0.0383,-0.0322,0.223,1.805,0,NORMAL,0
61.27,55.41,24.01,402.91,30.94,1.91,50.3,0.933,50.05,5.86,0.623,0.0391,0.0229,0.691,1.531,0,NORMAL,0
61.5,53.99,27.04,397.71,35.64,1.12,59.46,0.98,49.99,7.51,0.709,0.0073,-0.0447,0.332,1.369,0,NORMAL,0
113.22,97.55,31.22,389.99,68.37,2.77,110.86,0.889,49.88,15.68,1.333,0.2621,0.0101,4.19,3.983,1,THERMAL_OVERLOAD,1
57.51,48.57,21.76,397.2,35.82,1.45,57.28,0.942,49.97,8.94,0.711,0.0202,-0.0131,0.435,0.666,0,NORMAL,0
60.89,56.77,25.76,403.93,37.73,1.9,59.53,0.934,50.01,4.12,0.762,-0.0327,0.0323,0.594,1.661,0,NORMAL,0
65.98,57.09,26.93,394.86,39.76,1.99,65.0,0.934,50.06,8.89,0.785,-0.0326,-0.0277,0.753,1.111,0,NORMAL,0
58.85,53.89,28.73,399.84,31.33,1.54,51.05,0.932,50.05,4.96,0.626,-0.0389,-0.0194,0.252,1.453,0,NORMAL,0
58.38,49.12,25.62,403.18,32.08,1.47,51.63,0.939,49.93,9.27,0.647,-0.0093,-0.0013,0.56,1.486,0,NORMAL,0
63.07,57.57,23.2,396.35,40.01,1.19,65.69,0.931,50.06,5.5,0.793,0.0064,0.0069,0.673,1.914,0,NORMAL,0
61.63,53.38,21.9,403.42,35.01,7.79,61.98,0.938,49.99,8.25,0.706,-0.1211,0.2526,1.417,1.221,2,MECHANICAL_FAULT,1
66.18,56.44,28.02,397.21,42.49,1.47,71.73,0.964,50.03,9.74,0.844,0.0005,-0.0278,0.527,1.779,0,NORMAL,0
105.88,82.35,34.8,392.82,77.83,3.38,118.9,0.887,49.99,23.52,1.529,0.7933,0.0137,2.96,3.204,1,THERMAL_OVERLOAD,1
114.19,83.63,39.36,379.83,76.09,3.94,114.13,0.924,49.94,30.56,1.445,0.5337,0.09,5.188,4.668,1,THERMAL_OVERLOAD,1
63.74,54.31,24.99,399.37,42.68,2.04,72.45,0.976,49.99,9.43,0.852,0.0303,0.0096,0.524,0.929,0,NORMAL,0
84.75,87.07,44.56,382.99,38.24,2.03,67.85,0.68,49.72,-2.33,0.732,0.2133,0.1736,1.697,3.765,3,DIELECTRIC_FAULT,1
64.03,55.55,27.36,404.57,37.41,1.74,58.42,0.954,50.02,8.47,0.757,-0.013,0.0101,1.167,1.419,0,NORMAL,0
66.07,58.83,25.69,404.01,41.05,1.61,69.4,0.973,50.0,7.24,0.829,0.0036,0.0063,0.749,0.505,0,NORMAL,0
78.1,85.09,51.87,407.16,46.88,2.92,89.7,0.816,49.97,-6.99,0.954,0.3705,0.035,2.371,4.622,3,DIELECTRIC_FAULT,1
105.38,94.21,37.93,400.42,68.78,2.74,100.35,0.926,49.89,11.16,1.377,0.4364,0.0595,3.151,5.683,1,THERMAL_OVERLOAD,1
67.08,58.59,24.21,402.61,43.19,1.39,71.28,0.966,49.99,8.49,0.869,0.0098,-0.0187,0.448,1.824,0,NORMAL,0
61.94,56.85,25.18,404.63,32.25,1.76,59.07,0.931,49.93,5.09,0.652,-0.055,0.0084,0.957,1.203,0,NORMAL,0
65.26,55.87,24.84,397.51,36.58,1.02,62.92,0.972,50.0,9.38,0.727,0.0402,-0.0075,0.731,1.221,0,NORMAL,0
65.96,58.44,24.46,401.57,43.5,0.92,66.97,0.952,50.04,7.52,0.873,0.0196,0.0194,0.468,1.116,0,NORMAL,0
63.39,56.33,24.95,403.21,30.12,1.05,52.73,0.98,50.0,7.05,0.607,0.0217,0.0055,1.046,1.168,0,NORMAL,0
65.03,58.98,23.56,403.45,43.59,1.44,75.75,0.939,50.02,6.05,0.879,0.0375,-0.0189,0.433,1.527,0,NORMAL,0
112.03,113.83,51.65,332.13,105.26,9.38,128.05,0.615,49.19,-1.8,1.748,0.7303,0.7468,8.578,14.681,4,CRITICAL_FAILURE,1
65.56,57.57,23.51,403.98,41.47,1.04,70.52,0.975,49.99,7.99,0.838,0.0045,-0.0037,0.652,1.675,0,NORMAL,0
62.65,58.0,24.97,399.24,33.64,1.29,54.44,0.972,49.95,4.65,0.672,-0.0022,0.0207,1.089,1.176,0,NORMAL,0
61.16,57.1,25.33,393.13,32.78,1.42,52.4,0.978,50.11,4.05,0.644,0.0323,0.0042,0.339,1.354,0,NORMAL,0
59.3,50.47,27.36,397.44,31.74,1.62,53.77,0.943,50.03,8.83,0.631,0.0157,0.0085,0.968,0.612,0,NORMAL,0
60.12,51.18,24.78,397.19,23.39,1.73,46.34,0.938,50.05,8.94,0.465,0.0282,0.0151,0.367,0.901,0,NORMAL,0
66.49,58.24,26.78,401.1,44.49,5.43,84.88,0.957,49.93,8.25,0.892,-0.0283,0.5834,0.898,1.812,2,MECHANICAL_FAULT,1
69.11,59.38,25.82,395.05,45.61,2.1,76.4,0.968,50.01,9.73,0.901,0.0355,-0.0241,1.045,0.763,0,NORMAL,0
133.67,107.97,48.5,348.42,124.8,10.57,156.91,0.654,48.98,25.69,2.174,0.7864,0.5399,9.3,7.176,4,CRITICAL_FAILURE,1
63.19,54.68,26.02,400.95,41.21,1.05,66.92,0.958,49.95,8.51,0.826,-0.0026,-0.0212,0.969,0.999,0,NORMAL,0
61.73,55.26,24.6,402.62,26.44,1.79,47.21,0.975,50.04,6.47,0.532,0.0012,0.0247,0.881,1.12,0,NORMAL,0
58.98,53.56,25.47,395.69,28.28,1.02,47.7,0.975,49.91,5.42,0.559,0.0303,-0.0191,0.948,1.402,0,NORMAL,0
65.68,57.35,22.34,399.88,45.02,1.86,75.43,0.969,49.97,8.34,0.9,-0.006,0.0137,0.706,1.045,0,NORMAL,0
63.58,53.77,23.56,393.3,42.28,2.08,69.99,0.952,50.02,9.82,0.831,-0.0199,-0.0142,0.582,1.295,0,NORMAL,0
62.51,53.96,22.44,407.37,35.99,0.82,63.29,0.936,50.02,8.55,0.733,0.0232,-0.0185,0.692,1.21,0,NORMAL,0
67.49,61.64,26.76,399.96,43.62,1.17,69.08,0.96,50.03,5.84,0.872,-0.0154,-0.0309,0.825,1.918,0,NORMAL,0
61.84,52.95,26.31,397.28,36.4,1.02,56.15,0.933,49.99,8.89,0.723,-0.0412,-0.0016,1.137,0.515,0,NORMAL,0
70.85,65.45,27.26,400.99,42.1,1.67,74.02,0.962,49.99,5.4,0.844,-0.0055,-0.0074,0.874,0.574,0,NORMAL,0
100.01,91.78,29.89,398.48,81.43,2.52,121.58,0.893,49.89,8.23,1.622,0.5467,0.0138,5.326,5.955,1,THERMAL_OVERLOAD,1
60.53,51.81,19.91,396.37,29.09,0.8,50.32,0.971,49.93,8.71,0.577,-0.0866,-0.0069,0.961,0.594,0,NORMAL,0
87.25,93.18,43.81,397.19,28.56,2.2,58.06,0.761,50.0,-5.94,0.567,0.3352,-0.0592,1.97,3.948,3,DIELECTRIC_FAULT,1
77.85,72.16,26.65,400.16,47.91,5.42,83.95,0.944,49.97,5.69,0.959,0.1077,0.3982,1.553,2.333,2,MECHANICAL_FAULT,1
59.43,51.57,27.69,401.77,26.71,1.2,48.17,0.937,49.97,7.85,0.537,0.058,-0.0106,0.78,1.588,0,NORMAL,0
66.64,58.21,20.84,404.95,39.59,1.2,69.64,0.964,49.98,8.43,0.802,0.0028,0.0104,1.113,0.521,0,NORMAL,0
67.14,57.35,25.04,407.41,43.78,1.1,73.36,0.971,49.97,9.79,0.892,-0.0186,-0.0182,1.132,0.634,0,NORMAL,0
58.98,54.83,24.17,402.94,27.76,1.32,46.29,0.939,50.0,4.15,0.559,0.016,-0.007,0.636,0.911,0,NORMAL,0
58.97,50.23,24.95,395.87,27.58,1.58,47.69,0.966,50.11,8.74,0.546,0.0011,0.0024,0.4,1.52,0,NORMAL,0
63.48,59.35,27.2,408.49,31.63,0.88,52.68,0.957,50.02,4.13,0.646,-0.0347,0.0433,0.502,1.46,0,NORMAL,0
63.91,55.72,19.9,399.71,39.48,1.74,65.73,0.944,49.96,8.19,0.789,-0.0053,0.0165,0.831,1.973,0,NORMAL,0
62.55,54.84,21.52,405.76,38.02,1.99,61.5,0.94,50.0,7.7,0.771,-0.0295,0.0224,0.286,0.586,0,NORMAL,0
64.93,59.64,23.11,400.72,35.5,1.18,62.98,0.95,50.05,5.28,0.711,0.046,0.0036,0.458,1.62,0,NORMAL,0
63.3,53.84,25.39,399.0,40.12,2.14,65.72,0.934,49.91,9.45,0.8,0.0093,-0.0238,0.778,1.937,0,NORMAL,0
63.16,58.53,24.97,400.02,31.93,1.87,54.93,0.95,49.94,4.63,0.639,0.0244,-0.0056,0.27,0.778,0,NORMAL,0
62.3,52.94,22.37,394.89,40.38,1.61,65.07,0.935,49.98,9.36,0.797,-0.0067,-0.0253,1.057,1.366,0,NORMAL,0
94.45,96.0,31.16,389.1,83.26,3.39,121.97,0.886,49.95,-1.55,1.62,0.6562,0.0429,5.234,3.927,1,THERMAL_OVERLOAD,1
65.8,60.9,25.59,397.91,42.25,1.95,69.13,0.939,50.07,4.9,0.841,0.0396,-0.0538,1.058,1.574,0,NORMAL,0
65.02,60.99,29.3,396.64,32.76,0.82,53.74,0.961,49.98,4.03,0.65,-0.0295,0.0088,0.631,1.946,0,NORMAL,0
62.75,56.66,26.46,398.86,31.08,2.12,48.88,0.965,49.92,6.09,0.62,-0.0542,0.0029,0.906,1.126,0,NORMAL,0
60.55,55.28,26.6,401.05,30.07,2.01,47.79,0.974,50.03,5.27,0.603,-0.0241,0.0179,1.197,0.545,0,NORMAL,0
105.4,103.7,24.44,386.88,66.47,2.38,101.45,0.883,49.87,1.7,1.286,0.1981,-0.0423,5.906,5.386,1,THERMAL_OVERLOAD,1
70.45,66.18,24.88,396.98,44.96,0.84,75.79,0.964,50.04,4.27,0.892,-0.032,-0.001,0.414,0.597,0,NORMAL,0
87.62,82.51,11.83,380.88,44.21,3.07,76.56,0.783,49.81,5.11,0.842,0.2003,0.1147,2.795,3.637,3,DIELECTRIC_FAULT,1
59.33,52.1,25.8,405.54,29.66,1.87,48.68,0.979,50.03,7.23,0.601,-0.0148,-0.009,0.31,1.786,0,NORMAL,0
133.71,101.95,48.6,344.79,96.09,10.73,157.72,0.628,48.87,31.77,1.657,1.0176,0.4503,11.251,6.445,4,CRITICAL_FAILURE,1
62.06,56.32,23.91,393.68,35.54,1.67,59.83,0.949,49.95,5.74,0.7,-0.0203,-0.0446,0.364,1.088,0,NORMAL,0
64.39,55.72,26.41,400.35,40.13,2.14,69.38,0.965,49.95,8.66,0.803,0.0695,-0.0281,0.836,1.627,0,NORMAL,0
123.44,103.26,58.39,354.1,101.08,10.56,144.39,0.707,48.96,20.19,1.79,1.0538,0.626,10.087,10.575,4,CRITICAL_FAILURE,1
64.34,58.17,29.02,396.47,43.92,1.51,73.08,0.978,50.0,6.18,0.871,0.0014,-0.0012,0.534,1.066,0,NORMAL,0
68.81,63.21,23.36,390.03,42.1,1.96,74.15,0.979,49.96,5.59,0.821,-0.0247,0.0014,0.951,1.816,0,NORMAL,0
71.65,83.64,8.86,378.8,29.84,3.35,50.34,0.8,50.01,-12.0,0.565,0.2701,0.0425,3.357,4.203,3,DIELECTRIC_FAULT,1
106.47,92.91,32.5,393.59,64.06,3.56,100.32,0.89,49.92,13.57,1.261,0.3366,0.0036,5.981,6.111,1,THERMAL_OVERLOAD,1
64.94,60.87,26.05,399.2,47.2,1.81,77.53,0.965,49.96,4.07,0.942,-0.0343,-0.0069,0.682,1.248,0,NORMAL,0
86.73,80.03,47.56,390.82,30.2,2.29,56.88,0.711,49.86,6.7,0.59,0.2162,0.0176,2.09,4.783,3,DIELECTRIC_FAULT,1
65.52,56.3,25.52,402.23,38.81,1.59,64.92,0.954,49.96,9.22,0.78,0.0386,-0.0046,1.024,1.997,0,NORMAL,0
64.15,55.02,21.33,397.17,34.43,1.78,57.84,0.956,49.95,9.14,0.684,-0.0138,-0.0034,0.367,1.658,0,NORMAL,0
68.72,64.58,27.47,392.4,42.59,1.44,74.14,0.947,50.05,4.14,0.836,0.0622,0.0262,0.455,0.87,0,NORMAL,0
81.25,95.26,6.79,409.0,42.23,2.38,78.38,0.833,49.88,-14.0,0.864,0.2292,0.049,2.684,4.416,3,DIELECTRIC_FAULT,1
59.11,53.68,24.66,403.23,26.86,2.08,46.1,0.937,50.0,5.43,0.542,-0.0513,0.0078,0.265,0.575,0,NORMAL,0
66.82,61.71,24.49,397.19,42.33,1.25,70.9,0.975,50.02,5.11,0.841,-0.0609,0.0091,0.261,0.612,0,NORMAL,0
82.74,78.39,46.05,367.3,33.67,2.0,69.64,0.738,49.74,4.35,0.618,0.1184,0.0751,3.728,2.972,3,DIELECTRIC_FAULT,1
100.32,97.0,36.92,399.54,56.34,2.52,95.84,0.902,49.85,3.32,1.126,0.8045,0.0614,3.958,4.885,1,THERMAL_OVERLOAD,1
119.66,98.2,56.07,343.77,92.27,13.36,134.38,0.738,48.3,21.46,1.586,1.9148,0.5342,9.608,10.974,4,CRITICAL_FAILURE,1
80.92,95.46,57.79,398.56,39.97,2.68,67.67,0.79,50.08,-14.55,0.797,0.2855,0.0019,3.178,3.858,3,DIELECTRIC_FAULT,1
115.42,111.04,52.37,355.71,101.32,14.32,142.39,0.693,49.1,4.38,1.802,1.4534,0.5314,11.951,10.518,4,CRITICAL_FAILURE,1
123.39,101.26,60.33,356.55,102.49,14.86,126.55,0.63,48.94,22.14,1.827,1.4237,0.8834,11.573,6.329,4,CRITICAL_FAILURE,1
64.99,58.92,18.72,399.12,46.59,1.53,75.21,0.937,49.99,6.07,0.93,-0.0488,0.0017,0.384,0.597,0,NORMAL,0
59.86,54.86,26.88,401.61,28.65,1.72,47.0,0.946,50.06,5.0,0.575,-0.0086,0.0213,0.256,1.091,0,NORMAL,0
62.52,54.44,21.0,407.13,37.82,6.91,69.0,0.948,49.97,8.08,0.77,-0.0057,0.5191,1.116,2.591,2,MECHANICAL_FAULT,1
58.75,53.1,23.73,389.67,27.06,1.15,45.46,0.958,50.03,5.65,0.527,-0.0116,-0.01,0.728,1.529,0,NORMAL,0
63.32,54.63,21.45,394.23,41.88,0.82,69.91,0.963,50.06,8.69,0.826,-0.0092,0.0035,0.879,0.844,0,NORMAL,0
102.09,95.1,34.62,396.67,58.95,2.43,99.31,0.912,49.92,6.99,1.169,0.4865,0.1029,4.35,6.046,1,THERMAL_OVERLOAD,1
57.01,49.21,28.36,388.79,44.94,6.07,81.96,0.96,49.8,7.8,0.874,-0.0054,0.4221,1.542,2.922,2,MECHANICAL_FAULT,1
58.34,53.32,26.97,408.43,30.79,2.04,52.02,0.958,50.06,5.02,0.629,0.0574,0.0238,0.474,1.638,0,NORMAL,0
63.09,53.69,27.26,402.87,34.79,1.08,59.47,0.977,50.05,9.4,0.701,0.0457,0.0109,0.644,1.248,0,NORMAL,0
64.1,58.77,26.24,401.63,39.97,0.96,63.78,0.948,50.1,5.34,0.803,-0.0158,-0.0201,1.151,1.525,0,NORMAL,0
70.43,62.32,23.82,407.34,42.9,1.84,72.99,0.947,50.02,8.11,0.874,-0.021,-0.0039,0.788,0.64,0,NORMAL,0
62.21,56.66,27.1,394.73,36.49,1.53,59.43,0.961,50.05,5.55,0.72,-0.0064,-0.0108,0.423,1.176,0,NORMAL,0
61.51,53.84,28.42,395.27,31.54,2.11,53.82,0.976,50.03,7.67,0.623,-0.012,-0.0149,1.095,1.958,0,NORMAL,0
61.75,53.74,26.28,396.27,32.54,0.96,54.35,0.937,50.03,8.01,0.645,-0.0015,0.0175,0.32,1.426,0,NORMAL,0
61.81,56.98,24.48,401.49,38.56,1.09,64.71,0.958,49.99,4.83,0.774,0.0173,0.0135,0.557,1.866,0,NORMAL,0
58.93,50.25,26.25,397.56,26.03,0.84,45.05,0.932,50.03,8.68,0.517,0.0322,0.0124,0.648,1.32,0,NORMAL,0
117.94,93.13,33.13,400.51,83.46,2.25,127.58,0.885,49.79,24.82,1.671,0.2872,-0.0089,4.844,6.927,1,THERMAL_OVERLOAD,1
62.48,54.43,24.41,401.76,31.68,1.5,55.02,0.941,50.04,8.05,0.636,-0.0556,-0.0013,0.609,1.215,0,NORMAL,0
67.98,57.99,24.13,400.52,45.42,1.68,74.36,0.97,49.97,9.99,0.91,0.0361,0.0241,0.888,0.532,0,NORMAL,0
58.34,51.66,25.53,394.81,28.14,1.58,46.1,0.977,50.0,6.68,0.556,-0.0049,-0.0174,1.134,1.314,0,NORMAL,0
64.73,60.25,22.8,400.91,38.5,1.65,62.41,0.938,49.96,4.47,0.772,0.0319,0.0468,0.371,1.612,0,NORMAL,0
109.97,95.38,28.09,389.58,62.95,2.93,95.18,0.887,49.92,14.59,1.226,0.2372,-0.0041,4.243,5.945,1,THERMAL_OVERLOAD,1
64.35,55.5,27.4,406.13,42.88,1.41,69.06,0.971,49.95,8.86,0.871,0.01,-0.0031,0.775,1.03,0,NORMAL,0
71.12,64.35,28.1,397.75,42.64,6.43,73.3,0.909,50.01,6.76,0.848,-0.0282,0.4162,1.627,2.221,2,MECHANICAL_FAULT,1
69.72,64.01,21.87,402.88,39.45,10.45,72.48,0.925,50.07,5.72,0.795,0.0933,0.3454,1.657,2.71,2,MECHANICAL_FAULT,1
61.83,57.81,26.71,399.1,33.65,1.11,55.18,0.976,50.0,4.02,0.671,-0.0063,0.0103,0.678,0.849,0,NORMAL,0
61.83,55.61,27.18,392.54,38.1,1.06,57.58,0.947,49.97,6.23,0.748,0.0028,-0.0143,0.811,1.798,0,NORMAL,0
98.81,91.98,30.48,397.93,87.55,2.08,131.21,0.901,50.02,6.83,1.742,0.4288,-0.0017,6.238,6.434,1,THERMAL_OVERLOAD,1
61.51,52.04,24.72,399.21,26.08,1.8,48.81,0.974,49.95,9.46,0.521,-0.0459,0.0307,0.682,1.101,0,NORMAL,0
63.71,56.31,32.46,390.68,32.0,5.31,62.24,0.93,50.21,7.39,0.625,-0.0977,0.2326,1.049,2.294,2,MECHANICAL_FAULT,1
105.56,97.98,39.19,389.24,64.03,3.87,95.95,0.935,50.07,7.58,1.246,0.1766,0.0361,3.932,3.198,1,THERMAL_OVERLOAD,1
66.22,57.95,28.17,403.99,42.98,0.85,72.01,0.931,50.02,8.28,0.868,-0.0037,-0.0164,0.435,1.976,0,NORMAL,0
66.32,59.44,26.53,392.18,44.15,2.07,75.25,0.97,49.96,6.88,0.866,-0.0342,0.0137,1.199,1.661,0,NORMAL,0
62.49,57.51,23.39,397.43,37.06,1.53,64.46,0.958,49.96,4.97,0.736,0.0331,0.0098,0.76,0.883,0,NORMAL,0
89.48,88.19,32.3,397.5,62.98,3.22,95.74,0.926,49.92,1.29,1.252,0.2679,0.0281,3.98,5.857,1,THERMAL_OVERLOAD,1
66.4,58.68,22.31,397.15,45.04,1.92,73.85,0.932,50.02,7.72,0.894,-0.0184,0.0046,0.451,1.583,0,NORMAL,0
59.92,50.58,28.9,403.44,35.43,1.53,60.66,0.933,50.05,9.33,0.715,-0.0014,-0.0316,0.51,0.773,0,NORMAL,0
76.99,80.14,7.03,374.64,41.62,2.37,71.08,0.812,49.77,-3.15,0.78,0.1134,0.1213,2.246,3.427,3,DIELECTRIC_FAULT,1
66.16,56.81,24.65,400.36,43.12,0.92,71.29,0.936,49.99,9.36,0.863,0.0397,-0.0018,0.318,0.976,0,NORMAL,0
62.86,53.82,24.19,395.52,44.29,0.85,70.97,0.975,50.11,9.05,0.876,-0.0182,0.0148,0.837,1.421,0,NORMAL,0
60.05,50.71,21.44,404.01,26.09,0.91,46.31,0.964,49.89,9.34,0.527,-0.0166,0.0139,0.621,1.758,0,NORMAL,0
60.11,53.98,25.85,406.98,30.44,0.95,50.45,0.941,50.12,6.13,0.619,0.013,-0.0276,0.42,1.94,0,NORMAL,0
65.88,56.94,26.03,400.12,40.94,0.84,61.98,0.967,50.03,8.94,0.819,0.0296,0.026,1.134,0.844,0,NORMAL,0
97.19,96.12,41.12,402.32,84.88,2.95,128.87,0.926,49.91,1.07,1.708,0.1817,0.0573,4.853,3.678,1,THERMAL_OVERLOAD,1
58.63,48.88,21.21,399.91,26.88,2.2,47.56,0.957,49.95,9.75,0.537,-0.0422,-0.0307,0.395,1.268,0,NORMAL,0
58.54,52.15,23.21,403.75,25.72,1.85,45.99,0.954,49.88,6.39,0.519,0.001,-0.0274,0.23,0.925,0,NORMAL,0
111.22,98.57,31.07,405.83,65.6,3.83,98.33,0.883,49.94,12.65,1.331,0.2729,0.0654,5.23,5.047,1,THERMAL_OVERLOAD,1
72.15,75.35,10.28,390.31,38.4,2.89,71.45,0.776,49.63,-3.2,0.749,0.1168,0.0374,3.722,4.027,3,DIELECTRIC_FAULT,1
67.45,58.43,24.43,402.85,43.02,1.94,75.88,0.962,49.93,9.02,0.867,-0.0292,0.0046,0.704,1.29,0,NORMAL,0
80.47,91.09,55.32,369.17,38.1,2.71,78.15,0.781,49.98,-10.62,0.703,0.2737,-0.0057,2.455,3.628,3,DIELECTRIC_FAULT,1
66.91,61.03,27.23,400.76,39.63,1.83,68.38,0.958,49.9,5.87,0.794,0.0273,-0.0052,0.969,0.907,0,NORMAL,0
90.44,79.82,7.01,375.38,43.02,2.36,74.76,0.699,49.71,10.62,0.807,0.1337,-0.009,3.936,3.975,3,DIELECTRIC_FAULT,1
95.56,91.3,26.43,403.21,67.76,3.85,109.63,0.925,49.77,4.26,1.366,0.6113,-0.0089,5.731,6.443,1,THERMAL_OVERLOAD,1
105.3,90.9,34.08,392.01,67.47,2.7,113.89,0.932,49.89,14.4,1.322,0.5983,0.0359,4.726,3.308,1,THERMAL_OVERLOAD,1
65.73,59.29,24.99,407.95,31.97,1.64,54.49,0.941,50.06,6.43,0.652,0.0561,0.0084,0.715,1.985,0,NORMAL,0
58.58,52.69,24.75,404.43,31.75,1.25,50.29,0.965,49.97,5.89,0.642,0.0173,0.0188,0.948,0.783,0,NORMAL,0
60.05,50.14,24.06,397.12,29.94,1.63,51.27,0.968,50.03,9.9,0.594,0.0304,0.0185,0.849,1.893,0,NORMAL,0
55.77,48.08,23.29,390.61,41.0,11.33,71.47,0.956,49.93,7.68,0.801,0.0285,0.5857,1.697,1.503,2,MECHANICAL_FAULT,1
64.05,57.24,26.41,396.22,46.9,1.16,77.1,0.95,50.01,6.81,0.929,-0.0611,0.001,1.177,1.589,0,NORMAL,0
78.93,95.29,54.02,384.98,27.51,2.4,52.2,0.694,49.36,-16.36,0.529,0.3222,0.074,3.372,4.328,3,DIELECTRIC_FAULT,1
72.26,80.0,54.58,424.64,33.13,3.73,56.3,0.811,49.67,-7.74,0.703,0.21,0.0408,3.127,3.229,3,DIELECTRIC_FAULT,1
60.68,53.58,26.06,406.56,34.6,0.9,55.66,0.942,50.16,7.1,0.703,0.01,0.0047,0.729,1.03,0,NORMAL,0
99.29,86.11,36.2,394.18,72.44,2.77,116.25,0.9,49.87,13.18,1.428,0.7074,0.0742,5.269,6.712,1,THERMAL_OVERLOAD,1
63.95,58.09,25.99,405.97,45.27,2.07,74.83,0.939,49.96,5.86,0.919,-0.0063,-0.0227,0.537,1.083,0,NORMAL,0
69.39,59.43,25.21,398.62,45.84,1.04,75.69,0.952,49.95,9.97,0.914,-0.0186,0.0239,1.134,1.052,0,NORMAL,0
65.02,59.13,23.9,397.92,42.87,1.3,72.39,0.98,50.06,5.89,0.853,-0.0418,-0.0128,0.823,1.703,0,NORMAL,0
75.14,66.78,24.89,401.03,34.52,5.43,65.54,0.908,50.12,8.36,0.692,-0.0093,0.1536,0.951,1.522,2,MECHANICAL_FAULT,1
60.3,54.26,26.49,397.31,25.78,1.56,46.76,0.972,49.94,6.05,0.512,-0.0369,0.0021,1.055,1.072,0,NORMAL,0
66.57,61.17,24.47,395.83,44.62,1.7,76.63,0.953,49.95,5.4,0.883,0.0044,0.0119,0.222,1.075,0,NORMAL,0
86.57,78.44,57.19,402.69,30.28,2.71,57.88,0.732,49.97,8.13,0.61,0.1065,0.157,1.68,4.896,3,DIELECTRIC_FAULT,1
64.22,59.53,27.07,398.34,37.03,2.04,62.84,0.952,49.94,4.69,0.738,0.0034,-0.0254,0.507,0.905,0,NORMAL,0
74.03,87.2,7.79,410.57,40.46,2.81,73.18,0.774,49.79,-13.17,0.831,0.3812,-0.0175,3.911,4.029,3,DIELECTRIC_FAULT,1
67.72,59.41,26.26,397.07,41.11,1.75,68.24,0.932,50.04,8.31,0.816,-0.0086,0.0422,1.162,1.411,0,NORMAL,0
85.61,93.9,51.42,381.79,39.71,2.31,82.5,0.791,49.76,-8.29,0.758,0.3332,0.0964,2.575,4.074,3,DIELECTRIC_FAULT,1
63.4,56.27,23.28,400.53,34.25,1.03,58.81,0.957,49.97,7.13,0.686,0.0062,0.0266,0.482,1.439,0,NORMAL,0
57.67,51.55,27.71,399.56,28.76,1.96,50.45,0.93,50.02,6.12,0.575,0.0408,0.0008,0.255,0.576,0,NORMAL,0
76.08,68.57,26.79,400.43,39.0,5.93,68.66,0.911,49.94,7.5,0.781,0.0105,0.4535,1.926,2.141,2,MECHANICAL_FAULT,1
60.7,53.47,24.97,400.35,32.53,0.89,53.87,0.958,50.03,7.24,0.651,-0.0546,-0.0141,1.107,0.787,0,NORMAL,0
63.57,53.62,24.78,399.89,42.16,0.83,69.43,0.957,50.0,9.96,0.843,-0.0589,-0.031,0.757,1.634,0,NORMAL,0
60.9,52.35,27.92,398.46,33.42,1.86,56.64,0.959,50.0,8.55,0.666,0.0231,-0.0,0.769,1.224,0,NORMAL,0
63.16,57.85,27.41,399.44,31.46,1.56,51.96,0.936,49.92,5.31,0.628,-0.0295,-0.0159,0.414,1.117,0,NORMAL,0
102.79,104.89,36.99,396.85,81.44,3.31,125.89,0.889,49.75,-2.1,1.616,0.7146,0.0205,5.071,4.642,1,THERMAL_OVERLOAD,1
65.11,58.87,28.93,404.76,37.33,1.78,60.01,0.962,50.0,6.24,0.756,-0.0223,-0.0097,0.836,1.399,0,NORMAL,0
65.56,58.41,22.9,402.25,32.47,10.21,62.88,0.914,49.99,7.16,0.653,0.0509,0.4043,1.648,1.074,2,MECHANICAL_FAULT,1
65.61,61.36,25.66,399.25,46.16,1.19,77.23,0.973,50.01,4.25,0.921,0.0154,-0.0052,0.954,1.707,0,NORMAL,0
74.87,88.41,45.5,368.44,28.48,2.16,58.31,0.715,49.61,-13.54,0.525,0.3044,-0.0493,3.991,3.52,3,DIELECTRIC_FAULT,1
65.66,57.49,24.83,396.75,42.67,0.87,67.6,0.947,49.94,8.17,0.846,0.0059,0.0451,0.293,1.498,0,NORMAL,0
100.18,85.53,26.12,390.29,77.72,2.32,122.37,0.889,50.1,14.65,1.517,0.5635,0.0326,6.411,3.503,1,THERMAL_OVERLOAD,1
64.55,56.73,22.34,397.04,41.2,1.69,67.34,0.963,50.0,7.82,0.818,0.0552,-0.0029,0.367,1.248,0,NORMAL,0
60.17,50.55,26.29,405.44,28.72,1.55,48.49,0.95,50.0,9.62,0.582,-0.0007,0.024,0.672,1.235,0,NORMAL,0
85.12,80.42,50.18,388.67,39.98,3.22,79.88,0.712,49.68,4.7,0.777,0.0895,-0.038,3.172,3.345,3,DIELECTRIC_FAULT,1
64.42,58.58,26.01,398.57,39.68,1.51,62.88,0.967,50.02,5.83,0.791,-0.0331,0.0147,0.312,0.995,0,NORMAL,0
63.94,55.13,23.78,393.95,41.37,1.47,65.39,0.975,50.04,8.81,0.815,0.0039,-0.0007,0.765,1.752,0,NORMAL,0
60.39,51.58,26.36,401.43,30.75,1.28,46.72,0.971,50.07,8.81,0.617,0.0059,0.0415,0.726,1.597,0,NORMAL,0
62.4,57.62,24.69,396.86,36.49,1.9,61.37,0.963,49.96,4.78,0.724,-0.0458,-0.0071,0.956,0.943,0,NORMAL,0
61.54,53.85,25.3,396.87,31.67,1.91,53.45,0.948,50.05,7.69,0.628,-0.0522,0.0309,0.537,1.591,0,NORMAL,0
63.99,55.4,23.65,402.35,41.21,2.13,69.97,0.966,50.02,8.59,0.829,0.0257,-0.0253,0.275,0.547,0,NORMAL,0
65.69,59.84,27.15,404.0,43.29,1.01,69.68,0.95,50.04,5.84,0.875,-0.0662,-0.0053,0.522,1.53,0,NORMAL,0
59.28,52.44,23.25,400.17,29.15,1.95,49.66,0.953,50.04,6.84,0.583,0.0034,-0.004,0.928,0.867,0,NORMAL,0
117.95,100.8,29.7,407.2,70.15,2.87,103.06,0.925,49.88,17.16,1.428,0.4474,-0.0259,6.495,4.564,1,THERMAL_OVERLOAD,1
58.96,53.78,22.31,399.35,28.86,2.17,46.94,0.973,50.0,5.18,0.576,-0.0042,0.0096,0.698,0.86,0,NORMAL,0
60.53,52.41,25.78,400.48,41.53,2.18,65.4,0.936,50.02,8.12,0.832,-0.0244,0.001,0.356,0.762,0,NORMAL,0
110.08,88.81,29.65,396.24,82.93,2.06,132.27,0.926,49.85,21.28,1.643,0.4906,0.0176,5.873,6.872,1,THERMAL_OVERLOAD,1
66.19,56.94,22.52,398.89,46.09,1.56,76.36,0.933,50.07,9.24,0.919,0.0012,-0.0253,0.645,1.887,0,NORMAL,0
63.55,55.98,26.42,402.05,35.85,0.87,56.91,0.947,50.08,7.57,0.721,0.0345,-0.0197,0.776,1.416,0,NORMAL,0
75.85,87.31,7.7,365.03,46.55,2.33,86.76,0.768,49.56,-11.47,0.85,0.2418,-0.0325,3.287,3.814,3,DIELECTRIC_FAULT,1
69.01,61.52,22.27,403.2,42.76,2.05,75.46,0.942,50.0,7.5,0.862,0.0065,-0.0071,0.376,1.058,0,NORMAL,0
62.2,56.89,21.31,405.19,38.66,1.64,66.59,0.951,50.0,5.31,0.783,-0.0321,-0.0166,0.382,1.674,0,NORMAL,0
67.7,58.11,22.12,400.19,42.88,0.94,70.11,0.977,49.98,9.59,0.858,0.0058,0.0215,0.267,1.373,0,NORMAL,0
62.02,55.28,24.17,401.33,37.94,2.15,61.33,0.962,50.07,6.74,0.761,0.0346,-0.0013,0.278,0.974,0,NORMAL,0
59.99,53.5,27.17,395.28,35.27,0.91,57.44,0.979,49.9,6.49,0.697,0.0103,0.0162,0.421,0.574,0,NORMAL,0
90.99,94.25,31.92,400.32,74.42,2.2,118.56,0.887,49.87,-3.26,1.49,0.7595,0.0884,4.118,4.653,1,THERMAL_OVERLOAD,1
71.53,81.2,8.45,377.95,40.5,3.7,70.64,0.836,49.83,-9.67,0.765,0.1787,0.0643,3.924,4.228,3,DIELECTRIC_FAULT,1
86.99,87.35,6.58,373.51,24.82,2.84,55.61,0.826,49.83,-0.37,0.464,0.1788,-0.0755,3.952,2.662,3,DIELECTRIC_FAULT,1
68.47,62.56,28.29,392.2,45.02,1.58,76.87,0.967,49.95,5.91,0.883,-0.0037,-0.0224,0.633,0.797,0,NORMAL,0
72.28,65.65,28.65,399.54,31.98,9.79,61.34,0.926,50.03,6.64,0.639,0.0777,0.5244,1.865,2.222,2,MECHANICAL_FAULT,1
62.17,53.38,21.81,396.73,29.59,1.3,48.44,0.967,50.05,8.79,0.587,0.0588,0.0117,0.358,1.68,0,NORMAL,0
62.07,52.92,22.98,397.67,30.67,1.83,55.64,0.941,50.01,9.15,0.61,-0.0756,0.0086,1.11,1.264,0,NORMAL,0
62.88,55.59,26.14,398.06,34.9,1.73,55.88,0.945,50.02,7.29,0.695,0.0166,0.0148,0.904,0.601,0,NORMAL,0
62.21,54.39,24.85,405.35,33.09,1.93,55.9,0.931,49.97,7.82,0.671,-0.0611,-0.0255,0.698,1.528,0,NORMAL,0
111.99,99.69,26.54,390.71,86.21,3.05,128.19,0.904,49.89,12.3,1.684,0.6848,0.0418,4.151,4.239,1,THERMAL_OVERLOAD,1
56.53,49.77,28.54,397.85,36.44,7.91,62.8,0.915,49.91,6.76,0.725,-0.0039,0.358,1.29,2.215,2,MECHANICAL_FAULT,1
72.5,65.89,24.49,400.81,36.72,11.52,65.35,0.954,50.05,6.61,0.736,0.0112,0.5674,0.857,2.025,2,MECHANICAL_FAULT,1
104.38,85.21,34.33,391.48,75.54,3.09,122.98,0.902,49.97,19.17,1.479,0.7907,-0.0498,5.727,5.54,1,THERMAL_OVERLOAD,1
66.93,59.01,25.77,399.68,44.45,9.0,77.06,0.945,50.0,7.91,0.888,0.0159,0.1542,0.946,2.012,2,MECHANICAL_FAULT,1
66.78,61.78,26.62,391.74,41.9,0.94,69.61,0.96,49.97,5.0,0.821,0.0136,0.0187,1.144,1.181,0,NORMAL,0
61.82,55.11,24.86,400.79,32.7,1.0,51.85,0.949,49.99,6.71,0.655,0.0093,-0.0131,0.925,0.967,0,NORMAL,0
67.65,61.18,25.46,398.74,45.22,1.65,71.93,0.962,49.95,6.47,0.902,-0.0076,-0.0069,0.412,1.604,0,NORMAL,0
121.44,99.35,56.55,348.77,123.54,11.21,149.42,0.74,49.01,22.09,2.154,0.8514,0.8178,11.02,11.621,4,CRITICAL_FAILURE,1
90.81,91.21,8.57,370.85,43.91,3.09,81.68,0.759,49.65,-0.4,0.814,0.3081,0.0676,2.893,3.211,3,DIELECTRIC_FAULT,1
64.29,54.33,26.51,400.0,46.31,0.84,75.24,0.974,50.02,9.96,0.926,-0.0264,0.0106,0.226,0.89,0,NORMAL,0
63.45,58.88,25.91,397.06,39.4,0.83,64.36,0.962,50.05,4.57,0.782,0.0663,-0.0111,0.794,1.245,0,NORMAL,0
63.54,53.73,23.96,403.57,36.99,1.91,62.79,0.932,50.0,9.82,0.746,0.032,-0.0284,0.795,1.296,0,NORMAL,0
80.39,83.39,46.88,398.51,37.42,2.39,81.04,0.766,49.4,-3.0,0.746,0.1978,0.0836,3.423,4.789,3,DIELECTRIC_FAULT,1
76.94,69.32,23.03,394.08,46.57,6.34,81.41,0.927,50.02,7.62,0.918,0.0578,0.336,0.981,2.452,2,MECHANICAL_FAULT,1
64.26,57.31,23.54,402.47,42.13,1.04,70.61,0.964,49.93,6.95,0.848,-0.0324,0.0435,0.342,1.562,0,NORMAL,0
116.86,89.55,32.2,398.45,66.71,3.36,109.07,0.923,49.82,27.31,1.329,0.5276,0.0358,5.553,3.803,1,THERMAL_OVERLOAD,1
65.8,57.39,27.22,389.54,41.85,1.81,69.53,0.974,50.06,8.41,0.815,0.0106,-0.0296,0.803,0.939,0,NORMAL,0
64.85,55.42,28.04,405.18,34.16,1.45,55.31,0.933,50.03,9.44,0.692,0.0165,0.0097,0.304,0.682,0,NORMAL,0
67.54,63.41,26.32,394.64,49.17,2.2,77.47,0.977,49.99,4.13,0.97,0.0127,0.0335,0.791,1.308,0,NORMAL,0
59.43,50.27,22.51,397.63,38.74,0.83,63.96,0.943,50.04,9.16,0.77,-0.037,0.005,1.184,0.938,0,NORMAL,0
66.21,61.72,23.0,399.56,40.2,1.73,66.4,0.953,49.94,4.49,0.803,0.0085,0.0301,0.967,0.856,0,NORMAL,0
86.95,89.36,52.11,395.53,39.21,2.48,72.99,0.74,50.04,-2.41,0.775,0.2942,0.046,1.776,3.701,3,DIELECTRIC_FAULT,1
62.05,56.27,20.37,396.14,36.35,1.28,56.46,0.954,50.11,5.78,0.72,-0.0082,0.033,0.706,1.552,0,NORMAL,0
121.24,101.43,63.61,343.96,123.09,12.38,128.73,0.695,48.78,19.81,2.117,1.7511,0.5624,11.596,7.579,4,CRITICAL_FAILURE,1
67.04,62.86,27.02,390.3,42.77,1.52,71.14,0.942,50.02,4.18,0.835,0.0454,-0.0007,0.895,1.982,0,NORMAL,0
71.12,65.03,20.69,401.35,46.34,11.7,79.21,0.913,49.9,6.08,0.93,0.0083,0.5837,1.066,1.069,2,MECHANICAL_FAULT,1
67.45,62.39,25.69,402.85,49.38,1.32,77.11,0.94,50.04,5.06,0.995,0.0119,0.0242,0.56,1.166,0,NORMAL,0
126.5,101.58,51.85,335.46,116.76,11.07,127.24,0.771,49.11,24.93,1.958,0.7277,0.6687,7.424,7.904,4,CRITICAL_FAILURE,1
74.63,68.69,27.78,396.82,45.12,8.86,74.84,0.924,50.01,5.94,0.895,-0.0479,0.4462,0.855,1.831,2,MECHANICAL_FAULT,1
60.47,53.72,26.35,394.59,28.51,1.36,45.04,0.945,49.99,6.75,0.562,-0.0493,-0.0035,0.258,1.937,0,NORMAL,0
64.57,55.23,23.12,394.3,40.89,1.79,67.18,0.967,50.03,9.33,0.806,-0.0078,0.0072,1.189,0.73,0,NORMAL,0
62.02,53.41,22.8,394.45,33.25,1.15,57.33,0.952,49.94,8.61,0.656,0.0583,-0.0477,1.168,1.857,0,NORMAL,0
57.91,51.72,22.59,405.26,34.19,1.2,54.61,0.934,49.96,6.19,0.693,-0.0348,0.0302,0.596,1.917,0,NORMAL,0
63.97,55.41,22.91,400.21,28.01,1.99,54.48,0.979,50.05,8.56,0.561,-0.0296,0.0323,0.676,1.991,0,NORMAL,0
64.22,55.35,23.4,407.37,42.56,1.04,67.07,0.974,50.03,8.87,0.867,-0.001,0.0238,0.789,0.724,0,NORMAL,0
87.37,89.18,10.87,383.3,45.0,2.56,73.4,0.73,49.68,-1.81,0.862,0.2735,0.016,3.974,2.175,3,DIELECTRIC_FAULT,1
62.69,58.44,25.89,398.95,38.78,1.49,60.01,0.957,50.03,4.25,0.774,-0.0195,0.0059,0.904,1.181,0,NORMAL,0
70.24,65.21,25.42,396.4,37.93,5.52,71.39,0.945,49.94,5.03,0.752,0.0182,0.3754,0.875,1.692,2,MECHANICAL_FAULT,1
60.14,53.08,24.21,399.79,34.39,1.44,55.62,0.975,49.99,7.06,0.688,0.0197,0.0193,1.007,0.505,0,NORMAL,0
63.34,56.99,27.5,403.43,38.89,1.76,61.83,0.931,49.94,6.34,0.785,0.0518,-0.0364,0.327,1.102,0,NORMAL,0
55.93,47.11,23.95,399.53,33.58,11.28,60.08,0.922,50.07,8.82,0.671,-0.0577,0.4443,0.907,1.431,2,MECHANICAL_FAULT,1
65.38,58.52,26.27,402.8,42.68,1.12,71.51,0.962,50.0,6.86,0.86,0.0083,0.0272,0.323,1.833,0,NORMAL,0
64.14,54.3,25.6,402.81,38.18,0.84,64.21,0.966,50.07,9.84,0.769,0.0104,-0.0141,0.893,0.591,0,NORMAL,0
129.55,114.39,54.82,345.53,124.67,14.41,140.32,0.628,48.4,15.16,2.154,1.5283,0.9693,9.507,10.585,4,CRITICAL_FAILURE,1
89.82,79.21,6.84,396.79,26.94,3.52,54.48,0.748,49.68,10.61,0.534,0.1617,0.1021,3.344,4.894,3,DIELECTRIC_FAULT,1
62.2,55.69,26.37,394.35,33.5,1.87,58.45,0.97,50.01,6.51,0.661,-0.0149,-0.0223,0.465,0.568,0,NORMAL,0
123.82,107.91,60.79,354.6,107.67,13.0,153.14,0.6,49.2,15.91,1.909,1.2448,0.8574,7.842,6.903,4,CRITICAL_FAILURE,1
65.34,58.07,27.94,402.75,41.63,0.94,71.3,0.969,49.99,7.27,0.838,-0.0244,-0.0191,0.799,1.853,0,NORMAL,0
63.71,58.86,27.68,402.93,25.85,1.64,48.56,0.978,49.97,4.85,0.521,0.0178,-0.0038,0.82,1.776,0,NORMAL,0
68.38,62.66,23.81,401.87,41.51,2.09,71.69,0.976,50.1,5.71,0.834,0.025,-0.0252,0.565,0.704,0,NORMAL,0
68.92,61.9,24.49,394.43,45.91,1.43,77.91,0.971,50.05,7.03,0.905,0.0022,-0.0306,1.005,0.941,0,NORMAL,0
67.88,59.1,25.79,398.13,45.25,1.29,74.01,0.969,49.96,8.78,0.901,-0.0356,0.0037,0.591,1.94,0,NORMAL,0
63.97,59.43,21.5,409.4,29.5,2.1,50.75,0.961,50.01,4.54,0.604,-0.039,0.0289,0.784,0.775,0,NORMAL,0
58.02,50.42,25.82,390.61,28.78,1.74,48.41,0.962,50.02,7.6,0.562,-0.0041,0.0106,1.033,1.882,0,NORMAL,0
69.85,65.58,24.28,395.11,45.62,1.89,75.38,0.94,50.03,4.26,0.901,0.0401,0.0251,0.436,0.83,0,NORMAL,0
59.25,51.05,24.84,399.35,29.97,2.16,50.71,0.979,49.95,8.2,0.598,-0.0217,-0.0217,1.108,1.602,0,NORMAL,0
77.49,87.3,9.23,368.16,38.66,2.38,69.92,0.731,50.08,-9.81,0.712,0.392,0.0401,3.542,3.169,3,DIELECTRIC_FAULT,1
60.71,53.43,20.78,391.13,33.52,0.98,55.92,0.939,49.99,7.28,0.656,0.0377,-0.0178,0.375,0.86,0,NORMAL,0
67.27,57.6,22.11,403.39,41.36,2.09,72.43,0.969,50.03,9.67,0.834,0.0523,0.0133,1.124,1.569,0,NORMAL,0
60.69,55.09,25.0,391.06,28.46,2.0,50.42,0.94,50.02,5.6,0.557,-0.0131,0.0245,0.686,1.39,0,NORMAL,0
67.76,59.27,27.09,407.21,45.12,1.62,77.96,0.932,49.94,8.5,0.919,-0.0092,0.0086,0.773,1.234,0,NORMAL,0
67.09,60.57,24.9,398.26,43.0,1.87,71.35,0.948,50.0,6.52,0.856,0.0172,0.0027,0.924,1.18,0,NORMAL,0
56.77,50.52,28.13,400.81,40.63,9.43,72.59,0.954,49.99,6.26,0.814,-0.0635,0.3497,1.326,1.1,2,MECHANICAL_FAULT,1
63.7,58.58,23.56,405.64,35.42,1.83,59.48,0.954,50.06,5.12,0.718,-0.0046,0.0143,0.218,1.318,0,NORMAL,0
61.1,52.9,23.8,404.96,32.6,1.37,52.41,0.95,50.06,8.21,0.66,0.0041,0.0005,0.367,0.57,0,NORMAL,0
72.26,88.53,7.34,403.03,32.63,3.15,63.58,0.74,49.96,-16.27,0.658,0.2013,-0.1944,1.948,4.983,3,DIELECTRIC_FAULT,1
60.96,56.27,23.43,401.78,29.51,1.99,48.6,0.944,50.15,4.69,0.593,0.0573,-0.0269,0.717,1.933,0,NORMAL,0
90.73,95.69,32.78,391.16,83.42,2.66,125.17,0.886,50.13,-4.96,1.632,0.6235,-0.0338,5.37,6.781,1,THERMAL_OVERLOAD,1
71.45,92.72,53.86,371.55,30.67,3.36,61.75,0.793,50.24,-21.27,0.57,0.1396,-0.0488,1.765,3.055,3,DIELECTRIC_FAULT,1
59.64,50.49,29.22,401.78,30.23,1.79,49.04,0.962,50.03,9.14,0.607,-0.0195,0.025,0.379,0.807,0,NORMAL,0
57.82,50.74,21.35,403.64,26.87,1.65,45.97,0.978,49.97,7.07,0.542,-0.0617,-0.0046,0.711,1.409,0,NORMAL,0
96.13,88.71,32.29,382.88,64.77,3.66,105.69,0.883,49.94,7.42,1.24,0.1513,0.085,4.944,5.475,1,THERMAL_OVERLOAD,1
61.71,55.24,28.88,399.96,35.9,1.64,61.73,0.96,50.04,6.47,0.718,-0.0335,0.0302,0.941,1.78,0,NORMAL,0
70.11,61.43,28.26,398.5,45.77,1.11,75.6,0.957,49.97,8.68,0.912,-0.0084,-0.017,0.77,1.382,0,NORMAL,0
65.0,60.81,23.42,404.4,41.67,2.13,66.14,0.934,49.99,4.19,0.843,-0.0059,0.0521,1.035,1.254,0,NORMAL,0
56.28,51.04,26.23,394.42,27.93,1.87,45.26,0.977,50.06,5.25,0.551,0.016,0.0135,1.087,0.826,0,NORMAL,0
65.27,59.08,25.59,405.09,41.94,0.81,68.23,0.954,49.97,6.19,0.849,0.0147,-0.0236,1.179,1.197,0,NORMAL,0
118.68,99.83,64.07,356.87,114.3,11.85,123.78,0.614,48.39,18.85,2.04,0.7798,0.558,6.091,14.306,4,CRITICAL_FAILURE,1
61.79,56.79,27.56,394.9,29.8,1.05,51.6,0.936,49.97,5.0,0.588,-0.0024,-0.0088,0.482,0.938,0,NORMAL,0
60.53,54.12,23.92,406.09,31.06,1.85,52.38,0.934,50.06,6.41,0.631,0.0281,0.0244,0.378,1.381,0,NORMAL,0
64.74,56.7,26.0,399.0,35.13,1.54,56.36,0.97,50.0,8.04,0.701,0.0443,-0.014,0.33,0.837,0,NORMAL,0
109.23,107.08,60.36,349.7,124.43,10.63,158.05,0.746,49.06,2.15,2.176,1.7453,0.6737,10.19,6.651,4,CRITICAL_FAILURE,1
65.22,56.78,26.17,400.39,47.15,1.03,75.35,0.97,50.07,8.44,0.944,-0.0135,0.0048,0.664,0.761,0,NORMAL,0
59.96,52.08,26.72,400.84,27.75,2.01,49.01,0.972,49.97,7.87,0.556,-0.005,0.0057,0.955,1.191,0,NORMAL,0
88.85,87.12,43.15,394.88,33.15,3.36,60.33,0.68,50.15,1.73,0.655,0.0971,0.0669,1.785,2.836,3,DIELECTRIC_FAULT,1
60.86,55.75,28.63,395.31,33.24,1.98,52.13,0.956,50.08,5.11,0.657,-0.0119,-0.0285,0.955,1.809,0,NORMAL,0
59.56,52.35,20.72,402.12,37.38,1.14,60.55,0.967,49.87,7.2,0.751,0.0155,0.0104,1.067,1.484,0,NORMAL,0
62.21,54.11,24.4,398.2,45.61,0.91,77.72,0.934,49.97,8.09,0.908,-0.002,-0.0281,0.985,1.228,0,NORMAL,0
63.11,54.59,26.07,404.44,35.41,1.83,56.86,0.944,50.05,8.52,0.716,-0.0209,-0.0188,1.175,1.982,0,NORMAL,0
64.66,56.45,28.18,399.89,43.96,0.82,73.09,0.937,50.02,8.21,0.879,0.0314,0.0002,1.105,1.447,0,NORMAL,0
64.87,54.88,27.62,403.98,44.26,1.19,72.94,0.96,49.97,9.99,0.894,-0.01,-0.0386,0.783,1.338,0,NORMAL,0
60.91,54.96,28.77,390.51,34.48,6.84,62.3,0.928,50.08,5.95,0.673,0.0582,0.1567,1.232,2.447,2,MECHANICAL_FAULT,1
66.58,57.66,24.75,405.09,40.13,2.18,69.3,0.941,50.04,8.92,0.813,0.0086,0.0361,1.017,1.215,0,NORMAL,0
66.82,62.78,23.97,405.03,47.95,0.99,77.42,0.952,50.04,4.03,0.971,-0.0169,-0.03,0.958,0.949,0,NORMAL,0
63.15,53.48,23.95,402.51,34.19,1.94,58.9,0.956,49.96,9.68,0.688,0.0537,-0.008,0.802,1.956,0,NORMAL,0
59.67,50.75,29.7,404.16,28.86,1.68,47.43,0.935,49.97,8.92,0.583,-0.0298,-0.0215,0.578,0.911,0,NORMAL,0
125.96,101.55,60.79,343.27,91.66,15.65,150.31,0.667,48.2,24.4,1.573,1.3152,1.122,9.655,12.33,4,CRITICAL_FAILURE,1
73.96,76.29,11.73,370.09,44.41,2.94,82.51,0.747,49.44,-2.32,0.822,0.1472,0.0233,2.031,4.396,3,DIELECTRIC_FAULT,1
58.48,48.55,27.94,395.3,30.22,1.76,47.59,0.941,49.97,9.93,0.597,-0.0239,-0.019,0.611,0.851,0,NORMAL,0
55.57,47.71,22.59,398.75,30.03,2.11,45.8,0.963,50.0,7.87,0.599,0.0227,0.0391,0.393,0.85,0,NORMAL,0
66.86,58.15,24.11,407.02,40.39,2.18,68.47,0.949,49.95,8.71,0.822,-0.072,0.041,0.37,1.8,0,NORMAL,0
65.62,61.35,26.75,403.11,47.97,0.8,76.16,0.948,49.99,4.27,0.967,-0.0044,0.047,0.743,0.649,0,NORMAL,0
61.49,55.55,24.15,401.21,32.18,2.15,54.48,0.951,49.96,5.94,0.645,-0.0085,0.0037,0.397,1.424,0,NORMAL,0
121.67,115.59,62.82,341.94,90.9,10.33,151.81,0.643,48.57,6.08,1.554,1.2413,1.0787,5.053,12.165,4,CRITICAL_FAILURE,1
59.6,52.24,27.76,403.32,33.39,1.18,55.59,0.97,49.93,7.35,0.673,-0.0175,-0.0092,0.982,1.562,0,NORMAL,0
61.93,52.85,27.74,393.13,33.75,2.18,57.1,0.934,49.95,9.08,0.663,-0.0091,-0.0194,1.132,1.504,0,NORMAL,0
63.17,57.15,24.11,388.57,45.13,1.61,73.88,0.944,49.99,6.02,0.877,0.0248,0.001,1.068,1.031,0,NORMAL,0
91.58,78.84,9.37,412.78,35.09,2.24,60.4,0.813,49.69,12.74,0.724,0.213,0.0697,3.59,4.069,3,DIELECTRIC_FAULT,1
63.83,57.56,23.57,402.34,33.08,0.81,57.65,0.951,50.04,6.26,0.666,-0.0323,0.0087,0.467,1.09,0,NORMAL,0
59.23,49.99,27.85,401.9,28.35,1.53,48.58,0.931,49.97,9.24,0.57,0.0099,-0.0107,0.545,1.642,0,NORMAL,0
57.45,52.49,23.05,399.27,28.87,1.03,45.05,0.944,49.98,4.96,0.576,0.0231,-0.0211,0.63,0.931,0,NORMAL,0
61.88,53.43,24.43,404.9,40.35,2.03,70.71,0.949,49.93,8.45,0.817,-0.0591,0.0045,0.448,0.777,0,NORMAL,0
60.43,50.45,24.63,397.2,34.68,1.22,58.13,0.942,50.03,9.99,0.689,0.0153,0.0188,0.436,1.065,0,NORMAL,0
67.88,60.67,22.4,396.86,49.42,1.09,77.14,0.937,49.96,7.2,0.981,0.0338,0.0163,0.936,0.915,0,NORMAL,0
61.8,56.16,27.16,398.82,33.18,6.12,63.45,0.904,50.09,5.63,0.662,-0.0496,0.1243,1.117,1.43,2,MECHANICAL_FAULT,1
65.57,56.83,23.76,407.24,41.94,1.52,67.41,0.947,49.96,8.74,0.854,-0.0025,0.0227,1.0,1.371,0,NORMAL,0
60.06,55.98,25.71,394.66,28.43,1.77,45.01,0.973,49.99,4.08,0.561,-0.0113,-0.0371,0.595,1.596,0,NORMAL,0
58.8,52.23,28.45,398.31,39.81,1.58,66.35,0.976,50.01,6.57,0.793,-0.02,-0.0448,0.289,1.413,0,NORMAL,0
65.1,60.91,23.96,399.07,36.47,1.13,59.79,0.947,49.94,4.19,0.728,0.0345,-0.0149,0.404,1.653,0,NORMAL,0
61.64,55.24,28.59,403.77,31.73,0.88,51.46,0.948,50.02,6.39,0.641,0.0273,0.0227,0.253,0.857,0,NORMAL,0
65.46,60.37,24.09,401.01,40.7,1.23,67.55,0.97,50.0,5.09,0.816,-0.0352,-0.0029,0.639,0.797,0,NORMAL,0
62.55,53.99,27.03,400.44,38.31,1.43,63.3,0.969,49.98,8.55,0.767,0.0145,-0.0078,0.252,1.529,0,NORMAL,0
63.48,57.03,24.38,397.72,33.13,0.92,58.68,0.976,49.94,6.46,0.659,0.0121,0.0022,0.242,0.762,0,NORMAL,0
64.2,59.3,23.02,410.79,42.1,1.39,64.9,0.933,50.01,4.9,0.865,-0.0147,-0.0357,0.636,1.869,0,NORMAL,0
117.01,95.46,31.47,393.27,79.34,2.35,119.96,0.918,49.78,21.55,1.56,0.3776,0.1049,5.122,6.466,1,THERMAL_OVERLOAD,1
61.4,52.45,25.89,400.87,41.41,10.05,73.16,0.951,50.03,8.94,0.83,0.0244,0.6075,1.888,2.306,2,MECHANICAL_FAULT,1
63.09,57.25,26.34,400.08,36.93,1.24,59.91,0.958,49.94,5.84,0.739,0.0619,-0.0037,0.473,0.512,0,NORMAL,0
63.65,55.75,25.29,399.87,38.69,1.99,60.72,0.977,49.98,7.9,0.773,-0.043,0.0438,0.764,0.736,0,NORMAL,0
89.63,104.78,28.94,392.55,82.72,3.52,124.4,0.935,50.0,-15.15,1.624,0.229,0.0082,2.526,3.45,1,THERMAL_OVERLOAD,1
112.18,113.05,64.91,346.04,110.25,10.98,157.48,0.744,48.49,-0.87,1.908,1.3316,0.5706,8.589,10.134,4,CRITICAL_FAILURE,1
92.93,86.8,34.82,398.5,62.2,3.28,98.06,0.888,49.79,6.14,1.239,0.6571,-0.0092,2.999,5.835,1,THERMAL_OVERLOAD,1
59.96,53.12,26.6,398.33,31.98,1.15,54.42,0.959,49.95,6.85,0.637,0.0365,0.0236,0.294,1.566,0,NORMAL,0
107.46,92.53,31.6,387.48,61.96,3.57,99.56,0.933,49.89,14.93,1.2,0.2942,-0.0637,2.794,4.819,1,THERMAL_OVERLOAD,1
61.58,52.08,27.9,400.89,31.39,0.99,53.75,0.979,50.0,9.49,0.629,-0.0179,-0.006,0.472,1.724,0,NORMAL,0
66.62,58.14,23.89,395.14,40.39,1.65,70.02,0.942,50.01,8.48,0.798,-0.0275,-0.0158,0.794,1.489,0,NORMAL,0
61.47,57.35,25.47,401.41,40.86,1.07,68.02,0.977,50.02,4.11,0.82,0.0344,-0.022,1.019,1.611,0,NORMAL,0
65.5,57.42,24.56,397.15,41.9,1.34,68.55,0.948,50.0,8.09,0.832,-0.031,-0.0222,0.868,1.987,0,NORMAL,0
128.83,116.4,62.53,353.4,96.73,11.59,131.71,0.746,48.55,12.43,1.709,0.6788,0.9515,6.393,10.063,4,CRITICAL_FAILURE,1
63.45,53.77,25.48,397.07,40.12,2.07,63.78,0.939,49.97,9.68,0.797,-0.0125,-0.03,0.495,1.639,0,NORMAL,0
61.28,53.93,24.61,406.99,37.9,1.46,67.95,0.949,49.91,7.35,0.771,-0.0059,0.026,0.804,1.843,0,NORMAL,0
60.71,56.11,28.62,403.72,31.77,1.79,53.96,0.932,49.99,4.6,0.641,-0.005,0.0006,1.001,1.096,0,NORMAL,0
60.42,51.12,25.47,401.63,33.27,1.55,54.61,0.955,50.07,9.3,0.668,0.0082,-0.0036,1.177,0.818,0,NORMAL,0
63.39,58.61,24.91,404.43,38.32,1.13,66.67,0.934,50.02,4.79,0.775,0.0023,-0.0257,0.537,1.743,0,NORMAL,0
66.42,59.93,22.33,400.46,41.81,1.0,65.37,0.943,50.0,6.49,0.837,0.0014,0.0179,1.004,1.26,0,NORMAL,0
75.89,93.1,47.18,377.78,35.82,2.28,61.48,0.836,49.57,-17.21,0.677,0.2427,0.0522,3.245,3.811,3,DIELECTRIC_FAULT,1
110.64,85.1,33.88,387.1,74.05,2.76,115.38,0.883,49.91,25.54,1.433,0.5932,0.0421,3.867,6.589,1,THERMAL_OVERLOAD,1
66.39,58.85,23.09,399.83,44.02,1.75,75.5,0.96,49.96,7.54,0.88,-0.0324,0.0283,0.884,0.669,0,NORMAL,0
62.7,53.11,23.16,397.83,34.18,1.13,55.29,0.934,49.99,9.59,0.68,-0.0535,-0.0012,0.748,1.2,0,NORMAL,0
109.52,94.64,32.86,396.32,66.56,2.64,106.99,0.901,49.98,14.88,1.319,0.6068,-0.0201,6.492,3.43,1,THERMAL_OVERLOAD,1
61.91,53.34,24.86,402.53,29.68,0.9,50.09,0.959,50.0,8.57,0.597,-0.059,-0.0005,0.271,1.295,0,NORMAL,0
64.77,59.68,28.46,396.56,46.82,8.24,81.06,0.928,49.87,5.09,0.928,0.0741,0.1201,1.463,2.926,2,MECHANICAL_FAULT,1
116.15,95.21,33.63,397.36,63.93,2.78,99.76,0.924,49.86,20.94,1.27,0.6004,-0.0269,6.255,5.239,1,THERMAL_OVERLOAD,1
75.87,68.64,21.73,405.29,35.68,5.59,66.34,0.945,50.05,7.23,0.723,0.0277,0.4144,1.784,1.412,2,MECHANICAL_FAULT,1
63.02,55.48,25.67,398.08,34.73,1.41,56.18,0.944,50.09,7.54,0.691,0.0385,0.0127,0.84,1.756,0,NORMAL,0
66.48,60.41,21.98,400.77,47.03,1.02,77.51,0.942,50.0,6.07,0.942,-0.0052,-0.0067,0.89,1.477,0,NORMAL,0
63.17,58.61,29.27,403.3,37.74,1.65,62.11,0.943,49.98,4.56,0.761,0.0523,0.0106,0.785,1.527,0,NORMAL,0
105.95,83.92,36.2,391.99,71.17,2.5,106.45,0.882,49.69,22.03,1.395,0.4162,0.0653,6.133,5.002,1,THERMAL_OVERLOAD,1
62.33,52.48,22.81,392.3,27.62,1.65,46.26,0.966,50.01,9.85,0.542,-0.022,0.0199,0.588,1.519,0,NORMAL,0
60.91,55.39,23.18,397.1,28.65,1.35,45.86,0.979,49.97,5.51,0.569,-0.0407,-0.013,0.69,1.068,0,NORMAL,0
66.67,59.48,25.91,407.51,40.44,1.49,69.34,0.962,49.96,7.2,0.824,-0.0316,0.0465,0.427,0.861,0,NORMAL,0
60.51,52.97,26.18,399.76,29.71,1.19,47.9,0.948,50.0,7.54,0.594,-0.0009,0.0234,0.558,1.196,0,NORMAL,0
59.28,51.95,24.13,404.98,31.79,1.14,53.45,0.967,49.99,7.33,0.644,0.0099,-0.0185,0.421,1.138,0,NORMAL,0
117.21,95.06,39.03,388.56,67.78,2.8,107.44,0.939,50.0,22.15,1.317,0.8313,-0.0156,6.021,3.404,1,THERMAL_OVERLOAD,1
55.4,49.91,22.22,396.75,33.5,5.23,64.77,0.901,50.0,5.48,0.665,0.0204,0.5063,1.684,2.761,2,MECHANICAL_FAULT,1
100.26,102.62,38.12,396.14,64.89,2.99,97.61,0.917,49.9,-2.36,1.285,0.6985,0.0366,4.155,3.145,1,THERMAL_OVERLOAD,1
61.58,55.53,24.94,398.48,29.22,1.22,51.95,0.958,49.96,6.06,0.582,-0.0108,0.006,0.781,1.258,0,NORMAL,0
94.12,89.05,25.61,386.04,79.97,2.65,128.29,0.889,49.96,5.06,1.544,0.3778,0.0062,3.598,4.539,1,THERMAL_OVERLOAD,1
58.01,50.55,21.68,395.93,38.77,9.75,73.12,0.924,50.07,7.47,0.768,-0.0013,0.4253,1.6,1.255,2,MECHANICAL_FAULT,1
59.45,53.32,23.88,399.29,31.75,2.06,54.42,0.932,49.99,6.13,0.634,0.004,0.0072,1.142,0.799,0,NORMAL,0
64.96,60.93,23.28,399.14,36.67,2.05,63.68,0.962,49.9,4.03,0.732,-0.0201,-0.0193,0.271,0.989,0,NORMAL,0
66.18,58.56,27.53,406.83,39.13,0.98,64.39,0.942,50.07,7.61,0.796,-0.0047,0.0008,0.835,1.498,0,NORMAL,0
66.85,57.87,22.81,397.66,45.34,9.58,83.84,0.955,49.97,8.98,0.901,0.0398,0.2176,1.741,2.646,2,MECHANICAL_FAULT,1
64.69,58.65,22.61,393.84,45.98,1.58,77.47,0.957,50.01,6.04,0.905,0.0191,0.01,0.64,0.953,0,NORMAL,0
101.92,89.49,37.51,393.57,76.17,3.21,113.23,0.921,49.92,12.43,1.499,0.4754,-0.0397,5.628,5.181,1,THERMAL_OVERLOAD,1
115.0,108.9,52.24,344.66,105.17,14.94,153.68,0.645,48.46,6.1,1.812,1.9435,0.8257,5.736,9.112,4,CRITICAL_FAILURE,1
91.43,76.29,8.22,369.34,30.34,1.9,55.07,0.775,49.86,15.13,0.56,0.2162,0.0963,1.692,4.191,3,DIELECTRIC_FAULT,1
98.61,84.85,37.2,393.17,63.9,2.32,99.9,0.917,49.99,13.75,1.256,0.1661,-0.0656,6.494,6.691,1,THERMAL_OVERLOAD,1
111.71,89.7,29.3,404.82,84.1,2.65,134.69,0.912,49.9,22.0,1.702,0.6416,0.0225,6.101,4.124,1,THERMAL_OVERLOAD,1
93.53,95.38,34.37,390.89,74.73,2.35,117.07,0.92,49.95,-1.85,1.461,0.722,0.1103,3.138,4.657,1,THERMAL_OVERLOAD,1
66.38,57.17,24.72,398.51,45.38,0.87,77.16,0.932,50.04,9.21,0.904,-0.0573,0.0264,0.229,1.375,0,NORMAL,0
62.26,52.51,27.31,409.68,35.28,1.54,57.34,0.941,49.96,9.75,0.723,0.0114,0.0019,0.324,1.261,0,NORMAL,0
62.45,56.34,23.53,399.15,34.19,1.63,55.87,0.965,50.03,6.11,0.682,0.0392,0.0195,0.907,1.947,0,NORMAL,0
67.73,58.28,23.25,404.91,39.68,2.18,67.09,0.941,50.07,9.45,0.803,0.0104,-0.025,0.479,1.011,0,NORMAL,0
80.06,86.39,6.23,363.52,29.23,2.03,56.6,0.702,49.71,-6.33,0.531,0.2403,0.0304,1.524,3.807,3,DIELECTRIC_FAULT,1
62.96,58.54,25.33,401.73,29.88,0.92,52.27,0.944,49.95,4.42,0.6,0.0149,0.0115,0.761,0.674,0,NORMAL,0
104.33,82.06,32.24,390.9,71.49,3.79,113.53,0.901,49.98,22.26,1.397,0.255,0.0134,2.661,6.127,1,THERMAL_OVERLOAD,1
60.76,51.71,22.21,391.81,33.31,2.0,56.2,0.961,49.92,9.05,0.653,0.0554,0.0231,0.938,0.553,0,NORMAL,0
115.83,95.05,39.06,386.59,62.66,2.3,96.62,0.889,49.92,20.77,1.211,0.3918,-0.0281,4.719,4.214,1,THERMAL_OVERLOAD,1
84.6,90.48,45.27,377.07,45.45,2.16,81.59,0.795,49.84,-5.88,0.857,0.1051,0.023,2.95,2.077,3,DIELECTRIC_FAULT,1
65.5,60.75,25.45,400.3,43.07,2.13,72.04,0.971,50.05,4.75,0.862,0.0044,0.028,0.432,0.751,0,NORMAL,0
61.86,52.06,25.41,403.83,35.39,1.04,62.07,0.962,50.04,9.8,0.715,-0.0289,0.0139,0.814,1.839,0,NORMAL,0
117.57,94.94,34.07,396.8,77.6,2.28,122.48,0.913,49.9,22.63,1.54,0.7136,0.095,6.097,4.047,1,THERMAL_OVERLOAD,1
64.8,59.51,23.93,395.28,40.34,11.28,74.18,0.92,50.09,5.29,0.797,-0.0111,0.301,1.713,1.362,2,MECHANICAL_FAULT,1
66.47,58.24,21.11,392.32,42.27,1.52,67.67,0.962,50.12,8.23,0.829,-0.0381,0.0193,0.341,0.735,0,NORMAL,0
59.8,54.57,29.23,395.04,32.29,0.99,53.47,0.955,49.91,5.23,0.638,0.0179,-0.0161,0.227,1.262,0,NORMAL,0
63.24,54.52,24.06,404.3,31.01,1.21,54.69,0.934,50.06,8.72,0.627,-0.0208,0.0059,1.09,0.769,0,NORMAL,0
88.64,95.6,9.95,401.94,31.43,2.57,62.52,0.832,49.66,-6.96,0.632,0.1785,0.0185,3.684,2.285,3,DIELECTRIC_FAULT,1
58.55,52.15,21.04,391.38,38.37,10.76,66.01,0.951,50.14,6.4,0.751,0.0599,0.4033,0.853,2.393,2,MECHANICAL_FAULT,1
76.8,80.48,54.82,368.31,39.2,3.71,71.91,0.747,49.9,-3.68,0.722,0.2145,-0.0264,1.549,4.899,3,DIELECTRIC_FAULT,1
72.59,66.78,26.59,399.18,44.56,9.94,77.87,0.951,50.2,5.81,0.889,0.0306,0.172,1.86,2.701,2,MECHANICAL_FAULT,1
62.61,58.34,24.54,408.78,36.13,1.38,60.64,0.951,49.97,4.27,0.739,0.011,-0.0046,0.205,1.987,0,NORMAL,0
110.84,87.58,28.04,395.46,71.42,3.51,108.47,0.931,50.01,23.25,1.412,0.384,0.0452,3.66,3.144,1,THERMAL_OVERLOAD,1
59.56,50.21,26.47,404.05,38.9,0.91,60.75,0.953,50.04,9.35,0.786,0.017,-0.0103,0.434,1.944,0,NORMAL,0
63.76,55.75,25.86,398.36,34.89,1.41,61.36,0.95,49.96,8.01,0.695,0.0006,-0.0226,0.327,1.215,0,NORMAL,0
57.45,52.57,23.38,405.1,28.67,1.55,49.46,0.953,49.97,4.88,0.581,0.0283,-0.0099,0.705,0.637,0,NORMAL,0
58.56,51.65,21.97,397.81,30.32,1.45,51.09,0.967,50.07,6.91,0.603,0.0173,0.0062,0.712,1.298,0,NORMAL,0
64.42,56.24,24.97,401.7,45.09,1.09,73.61,0.952,49.99,8.18,0.906,0.0334,0.0137,1.003,1.148,0,NORMAL,0
74.1,68.31,26.31,397.09,44.07,5.44,78.42,0.902,49.92,5.79,0.875,0.0418,0.1467,1.972,1.484,2,MECHANICAL_FAULT,1
65.7,58.4,29.09,402.75,37.36,8.06,67.49,0.947,49.99,7.3,0.752,-0.02,0.1708,1.821,1.338,2,MECHANICAL_FAULT,1
60.72,56.44,26.71,392.79,32.22,1.03,48.95,0.971,50.02,4.28,0.633,0.0135,-0.0052,0.521,1.329,0,NORMAL,0
61.99,54.22,23.73,401.18,32.97,1.44,53.24,0.948,50.02,7.76,0.661,-0.0009,-0.0182,1.121,0.56,0,NORMAL,0
61.79,54.84,25.1,399.94,35.59,1.81,58.52,0.931,49.94,6.95,0.712,-0.0086,0.0079,0.825,1.542,0,NORMAL,0
59.73,52.93,24.12,403.86,29.33,1.28,47.97,0.975,50.04,6.81,0.592,0.0417,-0.0071,0.437,1.923,0,NORMAL,0
89.91,86.62,34.88,389.28,80.04,3.54,120.88,0.9,49.93,3.29,1.558,0.7266,0.0169,3.247,3.79,1,THERMAL_OVERLOAD,1
134.49,107.29,62.19,340.15,113.96,8.76,144.22,0.74,48.75,27.2,1.938,1.5594,0.6983,8.814,14.39,4,CRITICAL_FAILURE,1
62.27,53.15,24.53,399.34,37.39,2.02,63.03,0.936,49.98,9.12,0.747,-0.016,0.0059,0.823,1.034,0,NORMAL,0
58.11,53.26,24.83,393.33,32.35,0.97,50.64,0.973,49.99,4.84,0.636,-0.0045,-0.0156,0.802,1.776,0,NORMAL,0
63.93,54.99,25.47,406.51,42.97,1.56,67.36,0.972,49.99,8.95,0.873,-0.059,-0.0223,1.115,0.877,0,NORMAL,0
101.46,88.41,25.55,395.97,76.78,2.47,112.04,0.935,50.04,13.05,1.52,0.5257,0.0502,5.712,6.034,1,THERMAL_OVERLOAD,1
59.68,54.89,18.96,400.17,32.32,1.29,49.5,0.962,49.99,4.79,0.647,-0.0485,0.0223,0.543,1.467,0,NORMAL,0
87.51,77.69,45.57,381.94,34.87,2.08,64.43,0.713,49.83,9.81,0.666,0.3654,0.0996,3.772,2.452,3,DIELECTRIC_FAULT,1
63.07,53.37,28.97,397.73,38.41,1.98,64.82,0.977,50.12,9.7,0.764,0.0229,0.0014,0.925,0.897,0,NORMAL,0
64.78,59.02,23.61,396.97,33.83,0.98,55.13,0.937,49.99,5.76,0.671,-0.0062,0.008,0.456,1.014,0,NORMAL,0
68.27,61.42,23.55,396.51,45.86,1.55,77.2,0.932,49.84,6.86,0.909,-0.0041,0.0396,0.991,1.723,0,NORMAL,0
68.25,61.45,22.41,402.5,46.1,1.67,72.74,0.959,50.07,6.8,0.928,-0.0476,-0.0174,0.607,1.361,0,NORMAL,0
64.43,56.75,23.98,397.86,35.05,2.08,60.95,0.942,50.01,7.69,0.697,0.0001,-0.0218,1.077,1.673,0,NORMAL,0
61.46,53.62,25.59,397.53,31.36,1.97,51.54,0.965,50.01,7.85,0.623,-0.0076,-0.011,0.595,0.972,0,NORMAL,0
61.22,53.98,25.72,394.29,30.57,1.35,48.22,0.948,50.02,7.25,0.603,0.0221,0.0056,0.832,0.746,0,NORMAL,0
60.8,51.98,24.84,401.01,30.99,1.28,50.2,0.978,49.96,8.82,0.621,0.0036,0.0068,0.773,1.991,0,NORMAL,0
105.18,101.01,29.86,396.17,65.26,2.6,103.16,0.888,50.02,4.17,1.293,0.3192,-0.0108,3.52,3.59,1,THERMAL_OVERLOAD,1
65.34,58.84,23.92,402.59,40.25,1.05,64.09,0.948,49.96,6.51,0.81,-0.0223,-0.0168,0.868,1.37,0,NORMAL,0
109.61,101.41,34.36,386.31,74.55,3.74,117.31,0.882,49.78,8.19,1.44,0.7643,0.0359,3.557,3.18,1,THERMAL_OVERLOAD,1
63.22,54.78,24.46,399.07,37.3,1.48,60.67,0.934,50.0,8.44,0.744,0.0142,-0.0273,0.683,1.144,0,NORMAL,0
95.98,92.16,32.67,396.87,82.28,2.14,123.66,0.892,49.98,3.82,1.633,0.3161,0.031,6.096,3.705,1,THERMAL_OVERLOAD,1
60.08,54.5,27.02,396.64,30.4,1.91,49.45,0.952,49.98,5.58,0.603,0.0152,0.0333,0.541,1.589,0,NORMAL,0
66.1,60.56,23.26,394.64,45.43,1.51,77.89,0.95,50.01,5.55,0.896,0.0673,0.0097,0.672,0.73,0,NORMAL,0
77.1,77.57,11.88,384.77,27.5,2.5,53.95,0.808,49.88,-0.47,0.529,0.2765,-0.0992,3.613,3.848,3,DIELECTRIC_FAULT,1
108.3,119.68,60.75,351.89,123.81,10.44,146.97,0.647,49.16,-11.38,2.178,0.889,0.5821,7.513,12.115,4,CRITICAL_FAILURE,1
65.13,55.86,22.9,400.6,42.0,1.37,67.85,0.954,49.99,9.28,0.841,-0.0098,0.0078,0.483,1.191,0,NORMAL,0
66.22,59.77,25.22,397.44,36.68,1.23,62.53,0.949,50.01,6.45,0.729,-0.0589,-0.0152,0.854,0.519,0,NORMAL,0
115.34,116.08,53.71,333.86,102.0,12.94,141.85,0.723,48.93,-0.74,1.703,1.332,0.5006,11.304,8.343,4,CRITICAL_FAILURE,1
63.27,56.51,24.25,398.01,35.99,1.99,60.37,0.946,50.15,6.77,0.716,-0.0071,0.0187,0.895,0.63,0,NORMAL,0
64.54,59.53,23.64,400.21,41.45,1.73,69.38,0.961,50.01,5.02,0.83,-0.0758,-0.0167,1.087,0.868,0,NORMAL,0
63.21,58.06,26.8,403.02,31.07,2.06,52.45,0.943,50.06,5.15,0.626,0.0257,-0.027,1.082,1.426,0,NORMAL,0
98.86,83.94,25.96,400.82,79.82,3.05,125.95,0.898,49.82,14.91,1.6,0.2112,0.0323,6.276,3.43,1,THERMAL_OVERLOAD,1
80.79,83.06,9.56,393.79,47.27,2.93,89.88,0.754,49.84,-2.27,0.931,0.2097,-0.0418,2.702,3.644,3,DIELECTRIC_FAULT,1
83.01,87.09,9.43,393.56,26.29,2.2,59.88,0.797,49.95,-4.08,0.517,0.184,0.0625,3.999,2.108,3,DIELECTRIC_FAULT,1
80.26,79.17,51.36,393.23,40.05,3.24,78.41,0.686,49.63,1.09,0.787,0.2999,0.0215,2.132,4.054,3,DIELECTRIC_FAULT,1
60.97,55.54,26.25,399.89,33.82,0.91,54.77,0.938,50.09,5.43,0.676,-0.0359,-0.0085,0.992,1.124,0,NORMAL,0
61.01,56.3,23.61,400.53,30.59,1.47,53.97,0.95,49.96,4.71,0.613,0.0167,-0.0032,0.674,1.132,0,NORMAL,0
84.41,89.4,51.69,396.52,27.18,3.64,52.1,0.754,49.83,-4.99,0.539,0.3435,-0.0147,2.471,2.555,3,DIELECTRIC_FAULT,1
59.49,53.56,25.54,397.29,28.54,1.11,50.63,0.951,49.98,5.92,0.567,-0.0089,0.0229,0.342,0.662,0,NORMAL,0
60.66,51.97,25.46,408.8,32.98,1.84,53.44,0.958,49.98,8.69,0.674,0.006,-0.0294,0.703,1.214,0,NORMAL,0
100.5,102.12,30.53,386.67,70.18,3.95,104.58,0.915,49.88,-1.61,1.357,0.5715,-0.0358,3.983,3.821,1,THERMAL_OVERLOAD,1
66.5,60.14,23.7,392.59,40.58,5.46,73.92,0.944,50.06,6.37,0.797,0.0918,0.5656,1.044,1.572,2,MECHANICAL_FAULT,1
61.92,56.66,25.39,404.29,42.75,9.51,77.44,0.944,50.06,5.26,0.864,0.0696,0.4207,1.408,2.43,2,MECHANICAL_FAULT,1
67.15,59.18,24.85,398.05,45.67,1.46,76.7,0.933,49.98,7.97,0.909,-0.0138,0.0406,0.516,0.696,0,NORMAL,0
78.24,76.76,52.98,353.38,31.15,3.25,62.48,0.804,49.5,1.48,0.55,0.2468,0.0932,1.662,3.173,3,DIELECTRIC_FAULT,1
63.3,58.99,24.74,403.76,41.36,1.29,67.7,0.946,49.97,4.31,0.835,-0.0607,-0.002,0.392,0.964,0,NORMAL,0
68.2,58.79,27.59,395.63,48.79,1.34,74.57,0.973,49.99,9.41,0.965,-0.0288,0.0073,0.85,0.787,0,NORMAL,0
66.33,59.31,26.75,403.54,40.4,1.98,67.05,0.935,49.98,7.02,0.815,-0.0414,-0.0083,1.06,1.624,0,NORMAL,0
81.99,77.31,44.77,388.24,38.12,3.29,61.26,0.784,49.62,4.68,0.74,0.2261,0.1156,3.286,2.442,3,DIELECTRIC_FAULT,1
107.42,91.24,28.7,390.58,66.97,2.4,100.92,0.907,50.0,16.18,1.308,0.2367,0.0537,5.359,3.018,1,THERMAL_OVERLOAD,1
85.48,77.98,55.75,385.31,36.93,3.68,68.78,0.804,50.03,7.5,0.712,0.345,0.0355,2.548,4.519,3,DIELECTRIC_FAULT,1
55.28,46.61,24.07,401.63,50.65,10.99,83.59,0.907,49.94,8.67,1.017,0.0897,0.3743,0.882,1.425,2,MECHANICAL_FAULT,1
62.85,58.64,27.62,398.55,34.97,2.04,59.04,0.934,49.99,4.21,0.697,0.0258,0.0016,0.588,1.744,0,NORMAL,0
59.65,49.73,22.12,397.91,30.4,1.29,50.83,0.965,49.96,9.92,0.605,-0.0317,0.0086,0.426,1.578,0,NORMAL,0
131.01,119.58,59.05,341.41,88.17,15.63,120.23,0.753,48.4,11.43,1.505,1.2059,0.899,6.059,8.818,4,CRITICAL_FAILURE,1
63.32,56.26,27.41,405.26,32.85,2.2,55.78,0.953,50.02,7.06,0.666,-0.0005,0.0147,0.982,1.36,0,NORMAL,0
106.88,108.93,56.91,347.21,114.88,13.76,134.07,0.602,48.63,-2.05,1.994,1.9299,0.4201,9.707,8.009,4,CRITICAL_FAILURE,1
58.51,52.5,24.5,402.26,28.65,1.21,45.21,0.953,49.96,6.01,0.576,-0.0372,-0.0054,0.986,1.439,0,NORMAL,0
60.09,51.46,25.14,399.26,30.38,1.59,50.01,0.98,50.0,8.63,0.606,-0.0421,-0.0452,0.328,0.55,0,NORMAL,0
88.14,89.0,34.82,391.79,64.13,2.65,97.46,0.927,49.89,-0.86,1.256,0.4361,-0.013,4.786,4.975,1,THERMAL_OVERLOAD,1
90.97,75.64,50.9,364.46,50.14,2.74,88.88,0.75,49.75,15.33,0.914,0.2395,0.1129,2.477,2.589,3,DIELECTRIC_FAULT,1
66.9,61.69,23.33,402.58,40.47,1.97,69.43,0.95,49.92,5.21,0.815,0.0197,-0.0,1.141,0.771,0,NORMAL,0
64.45,54.65,25.84,398.73,44.94,1.95,70.41,0.94,49.99,9.8,0.896,-0.0059,0.0082,0.67,1.674,0,NORMAL,0
65.8,61.19,24.65,394.9,44.8,1.97,75.04,0.941,50.08,4.61,0.885,-0.0225,0.007,0.29,0.7,0,NORMAL,0
80.12,77.36,10.98,366.59,45.79,2.8,79.1,0.798,49.84,2.76,0.839,0.2826,0.0638,2.099,2.942,3,DIELECTRIC_FAULT,1
64.98,58.29,26.26,407.66,41.56,1.15,67.86,0.935,49.91,6.7,0.847,0.0148,-0.029,1.038,2.0,0,NORMAL,0
62.43,55.39,23.24,404.83,36.86,1.54,62.16,0.97,50.02,7.03,0.746,0.041,-0.0126,0.25,1.81,0,NORMAL,0
57.05,52.04,29.83,399.76,45.1,7.04,82.73,0.916,49.86,5.0,0.901,-0.0458,0.575,1.571,2.658,2,MECHANICAL_FAULT,1
66.62,61.44,26.8,399.13,45.33,1.47,72.73,0.968,49.95,5.18,0.905,0.0859,-0.0139,0.311,1.665,0,NORMAL,0
65.01,59.83,23.12,397.33,33.08,1.44,54.97,0.964,49.93,5.18,0.657,0.0693,-0.0199,0.796,1.06,0,NORMAL,0
97.99,97.6,32.45,392.0,83.48,3.71,127.94,0.91,49.82,0.39,1.636,0.209,0.0253,2.778,3.285,1,THERMAL_OVERLOAD,1
78.72,77.18,8.0,412.39,31.7,3.72,57.46,0.767,49.62,1.54,0.654,0.1425,-0.0609,2.635,2.844,3,DIELECTRIC_FAULT,1
101.16,87.45,32.27,400.95,87.09,2.61,129.83,0.905,50.03,13.71,1.746,0.3198,0.0487,3.251,3.811,1,THERMAL_OVERLOAD,1
72.87,95.87,9.38,404.7,36.92,2.6,70.21,0.741,50.22,-23.01,0.747,0.3199,0.057,2.86,4.501,3,DIELECTRIC_FAULT,1
61.33,53.52,24.56,401.6,33.83,1.93,55.25,0.978,50.04,7.8,0.679,0.0161,0.0036,0.489,0.612,0,NORMAL,0
60.3,53.91,22.24,402.69,31.45,1.09,49.35,0.942,49.98,6.38,0.633,-0.0444,0.021,0.293,1.372,0,NORMAL,0
115.17,82.09,29.18,394.57,62.47,3.26,103.46,0.933,49.85,33.07,1.233,0.7837,0.0494,5.716,3.446,1,THERMAL_OVERLOAD,1
67.32,63.23,25.17,399.62,43.13,1.14,73.43,0.946,49.96,4.09,0.862,0.0335,0.0141,0.246,0.756,0,NORMAL,0
65.87,61.17,24.27,402.13,41.19,1.09,71.62,0.965,49.96,4.7,0.828,-0.0237,-0.0156,0.709,1.178,0,NORMAL,0
64.93,54.99,22.95,400.16,37.27,1.46,62.02,0.939,50.0,9.94,0.746,0.0491,0.0165,0.668,0.647,0,NORMAL,0
103.11,91.76,30.66,398.88,83.21,2.89,128.38,0.889,49.91,11.35,1.66,0.7611,0.0394,6.317,6.193,1,THERMAL_OVERLOAD,1
90.26,87.74,33.26,394.18,80.44,2.63,124.38,0.907,50.08,2.52,1.585,0.7806,0.0299,4.359,5.985,1,THERMAL_OVERLOAD,1
74.41,83.21,54.74,385.15,41.95,2.76,79.75,0.727,49.8,-8.8,0.808,0.1075,0.1218,3.719,3.967,3,DIELECTRIC_FAULT,1
63.22,53.9,22.27,395.82,39.22,1.31,62.39,0.951,49.99,9.32,0.776,0.0162,0.0152,0.969,0.517,0,NORMAL,0
65.63,55.77,24.7,402.8,44.92,2.0,69.91,0.975,50.03,9.86,0.905,-0.0341,-0.0062,0.534,1.651,0,NORMAL,0
60.24,54.16,27.88,405.84,32.49,1.98,54.28,0.932,50.0,6.08,0.659,0.0042,0.0394,0.323,1.271,0,NORMAL,0
64.95,57.69,25.12,395.22,40.68,1.23,73.6,0.949,49.96,7.26,0.804,0.0186,0.0223,0.646,1.366,0,NORMAL,0
67.2,60.72,25.25,398.91,37.62,1.31,65.94,0.937,50.06,6.48,0.75,0.0103,-0.0244,0.861,0.545,0,NORMAL,0
59.97,54.96,23.61,405.31,27.93,2.12,50.14,0.946,50.05,5.01,0.566,-0.0139,0.0267,0.836,1.919,0,NORMAL,0
60.85,55.74,28.65,397.36,29.17,1.58,45.77,0.971,50.01,5.11,0.58,-0.0136,0.0117,0.66,1.452,0,NORMAL,0
63.4,55.84,28.09,407.23,37.52,1.71,57.89,0.959,49.93,7.55,0.764,0.0009,-0.0291,1.084,1.803,0,NORMAL,0
123.73,116.72,48.93,330.06,108.96,14.53,137.07,0.776,49.12,7.01,1.798,1.4055,1.0884,10.394,13.359,4,CRITICAL_FAILURE,1
79.9,79.92,7.79,382.56,43.27,2.51,68.96,0.798,49.85,-0.03,0.828,0.1768,-0.005,3.757,2.512,3,DIELECTRIC_FAULT,1
60.24,51.49,28.34,396.31,25.91,1.39,48.41,0.949,50.02,8.74,0.513,0.0017,-0.0186,0.715,1.202,0,NORMAL,0
91.95,103.05,28.0,395.81,71.48,3.73,109.1,0.909,49.91,-11.09,1.415,0.5646,-0.0169,6.054,3.27,1,THERMAL_OVERLOAD,1
65.99,59.94,26.74,405.72,41.13,6.29,77.84,0.912,50.04,6.05,0.834,-0.043,0.4017,1.703,2.587,2,MECHANICAL_FAULT,1
88.46,86.5,7.18,403.08,32.24,3.22,60.54,0.724,49.95,1.96,0.65,0.1841,0.0356,2.293,4.17,3,DIELECTRIC_FAULT,1
63.66,55.16,25.4,397.29,35.28,1.09,61.57,0.94,49.99,8.5,0.701,-0.001,-0.0109,0.765,0.599,0,NORMAL,0
77.51,85.53,7.23,397.95,29.92,2.64,55.96,0.84,49.94,-8.02,0.595,0.227,0.0141,3.84,3.264,3,DIELECTRIC_FAULT,1
65.73,60.07,21.43,404.47,41.53,1.1,72.64,0.951,49.99,5.66,0.84,0.0334,-0.0128,0.948,1.038,0,NORMAL,0
66.34,58.85,22.84,397.44,40.49,1.07,68.52,0.959,49.96,7.49,0.805,0.0101,0.0053,0.629,1.059,0,NORMAL,0
70.36,62.85,24.65,389.18,45.98,8.32,75.68,0.914,49.96,7.51,0.895,-0.0308,0.6016,1.705,2.782,2,MECHANICAL_FAULT,1
118.38,99.43,61.68,339.21,121.59,10.94,140.98,0.73,48.2,18.96,2.062,1.9011,1.1776,8.29,10.343,4,CRITICAL_FAILURE,1
61.2,54.83,23.47,402.83,34.0,1.86,56.1,0.957,50.02,6.36,0.685,-0.0013,-0.0351,0.897,0.518,0,NORMAL,0
72.71,92.27,7.22,365.17,26.89,2.06,51.39,0.832,49.73,-19.56,0.491,0.3829,0.0476,3.608,4.757,3,DIELECTRIC_FAULT,1
58.73,49.33,23.42,400.65,29.9,0.96,51.3,0.976,50.02,9.39,0.599,0.0244,-0.0005,0.936,1.99,0,NORMAL,0
65.06,56.92,29.05,403.77,39.72,1.25,66.44,0.937,49.94,8.14,0.802,0.023,-0.0117,0.677,1.398,0,NORMAL,0
62.83,54.1,27.78,396.22,40.97,1.95,67.21,0.973,49.99,8.73,0.812,-0.004,0.0162,0.519,1.373,0,NORMAL,0
105.64,84.14,31.82,385.7,84.11,2.23,132.46,0.9,49.96,21.5,1.622,0.4117,0.0855,3.882,4.295,1,THERMAL_OVERLOAD,1
57.52,48.19,28.3,398.63,26.83,1.04,47.52,0.935,50.01,9.33,0.535,-0.0233,-0.0217,0.748,1.822,0,NORMAL,0
66.08,62.06,26.02,399.29,38.65,1.43,63.48,0.974,50.06,4.02,0.772,-0.0267,-0.0189,0.975,0.669,0,NORMAL,0
88.54,98.18,29.95,388.18,68.25,2.65,107.51,0.906,50.09,-9.64,1.325,0.8056,0.0952,3.418,3.379,1,THERMAL_OVERLOAD,1
56.82,49.25,25.97,395.05,43.14,7.52,82.87,0.919,49.96,7.57,0.852,0.0691,0.4551,1.444,1.526,2,MECHANICAL_FAULT,1
101.9,82.86,29.57,377.08,78.27,2.74,124.8,0.888,49.89,19.04,1.476,0.7715,-0.0658,4.154,5.114,1,THERMAL_OVERLOAD,1
62.7,53.99,26.68,399.91,42.13,1.99,66.27,0.96,50.04,8.71,0.842,0.0058,0.0104,0.556,1.824,0,NORMAL,0
105.82,113.6,62.41,359.95,93.38,11.15,137.74,0.628,48.64,-7.78,1.681,1.3237,1.1998,5.136,11.903,4,CRITICAL_FAILURE,1
64.92,56.68,28.95,406.67,36.42,2.02,65.47,0.952,50.02,8.24,0.741,0.0436,-0.0096,0.783,0.607,0,NORMAL,0
63.09,58.23,24.04,398.54,33.5,1.41,55.69,0.943,50.02,4.86,0.667,0.0563,-0.0041,0.205,0.823,0,NORMAL,0
78.92,94.47,47.22,393.11,38.41,2.0,69.92,0.718,49.68,-15.54,0.755,0.1627,-0.0203,2.909,4.117,3,DIELECTRIC_FAULT,1
58.45,51.44,28.28,397.09,25.0,1.14,46.19,0.96,49.97,7.01,0.496,-0.0057,0.0058,0.398,0.51,0,NORMAL,0
90.19,91.46,22.2,407.36,79.69,2.97,116.97,0.935,49.77,-1.27,1.623,0.578,0.0583,6.219,4.057,1,THERMAL_OVERLOAD,1
63.01,56.55,28.26,397.77,30.0,1.24,51.8,0.976,50.0,6.46,0.597,0.0152,0.0195,0.332,1.648,0,NORMAL,0
124.34,113.58,48.29,338.46,101.85,13.52,158.89,0.633,49.16,10.75,1.724,1.464,0.5013,5.369,13.916,4,CRITICAL_FAILURE,1
61.48,56.43,25.15,406.48,40.9,1.11,65.24,0.939,49.97,5.06,0.831,0.0357,0.0284,0.896,0.731,0,NORMAL,0
63.33,54.48,25.82,405.14,33.46,1.72,55.89,0.937,49.99,8.84,0.678,-0.021,0.0157,0.774,0.548,0,NORMAL,0
99.78,84.86,38.59,399.58,77.02,2.82,125.66,0.932,49.9,14.92,1.539,0.4837,0.0348,2.72,3.268,1,THERMAL_OVERLOAD,1
112.29,89.0,29.93,383.71,72.92,2.32,109.28,0.936,50.01,23.3,1.399,0.3534,-0.0227,3.214,6.21,1,THERMAL_OVERLOAD,1
65.17,57.51,26.47,400.88,44.93,0.85,71.99,0.969,49.99,7.66,0.9,-0.0279,0.0114,0.206,1.105,0,NORMAL,0
62.58,55.38,25.83,400.47,42.85,1.32,73.42,0.932,49.99,7.19,0.858,0.0088,-0.0376,0.608,0.911,0,NORMAL,0
95.49,102.08,33.4,394.18,63.91,2.12,104.07,0.921,49.7,-6.6,1.26,0.4191,-0.0549,3.836,6.447,1,THERMAL_OVERLOAD,1
61.86,52.57,27.07,398.82,32.55,1.48,53.99,0.948,49.93,9.29,0.649,0.0141,0.003,0.241,1.878,0,NORMAL,0
60.01,53.07,25.51,398.58,28.23,1.18,46.65,0.931,49.84,6.94,0.563,0.0373,0.0184,0.929,1.551,0,NORMAL,0
61.25,56.97,26.98,393.32,32.47,2.18,56.01,0.943,49.98,4.28,0.639,-0.0274,-0.0178,0.775,1.123,0,NORMAL,0
89.86,97.51,22.48,409.7,74.5,2.13,109.64,0.898,49.93,-7.65,1.526,0.7689,-0.0052,3.321,6.563,1,THERMAL_OVERLOAD,1
60.39,51.26,24.02,397.49,39.49,1.52,66.1,0.95,49.97,9.13,0.785,0.0234,0.0028,1.117,0.845,0,NORMAL,0
62.25,55.26,30.25,396.96,35.07,1.31,57.82,0.961,49.99,6.99,0.696,-0.0159,0.0019,1.169,1.559,0,NORMAL,0
58.9,52.66,23.76,401.55,29.64,1.68,49.29,0.968,50.08,6.24,0.595,0.0549,0.0446,0.288,1.116,0,NORMAL,0
113.02,88.57,30.02,398.84,78.48,3.51,122.88,0.931,49.72,24.45,1.565,0.4587,0.0795,5.645,4.173,1,THERMAL_OVERLOAD,1
87.39,78.21,56.94,383.15,25.83,3.78,53.42,0.78,49.46,9.18,0.495,0.2228,0.1313,3.974,2.016,3,DIELECTRIC_FAULT,1
74.0,67.11,27.11,400.55,39.54,11.93,71.64,0.937,49.99,6.88,0.792,0.0545,0.2313,1.862,1.619,2,MECHANICAL_FAULT,1
82.63,87.57,49.54,410.26,32.67,3.26,54.79,0.718,49.89,-4.93,0.67,0.2058,-0.0337,2.566,3.413,3,DIELECTRIC_FAULT,1
64.75,60.61,27.47,398.44,38.18,1.64,67.45,0.952,50.01,4.14,0.761,-0.0059,0.005,0.559,1.348,0,NORMAL,0
64.91,57.84,23.44,398.51,35.18,1.83,57.94,0.975,50.0,7.08,0.701,0.0245,-0.0348,1.136,1.187,0,NORMAL,0
97.54,98.89,32.73,391.82,81.77,2.5,128.22,0.917,49.73,-1.35,1.602,0.804,0.0351,3.527,6.579,1,THERMAL_OVERLOAD,1
63.13,58.82,22.5,395.42,36.09,2.13,60.53,0.942,49.97,4.3,0.713,-0.0011,0.0121,0.312,1.442,0,NORMAL,0
101.54,92.01,30.9,391.73,60.8,2.72,96.26,0.939,49.98,9.53,1.191,0.4632,-0.0133,3.839,3.814,1,THERMAL_OVERLOAD,1
61.91,53.18,27.49,395.43,41.4,1.68,67.45,0.961,49.99,8.73,0.819,-0.0002,-0.0099,0.862,0.873,0,NORMAL,0
70.0,64.14,23.06,407.09,42.11,6.06,74.35,0.916,49.95,5.86,0.857,0.0521,0.6088,1.126,1.132,2,MECHANICAL_FAULT,1
65.78,56.64,24.89,399.75,36.68,1.62,64.38,0.951,49.95,9.14,0.733,0.0339,-0.0279,0.202,1.952,0,NORMAL,0
91.31,96.86,33.03,392.5,77.56,2.27,120.23,0.937,49.81,-5.55,1.522,0.4415,0.0564,3.075,6.163,1,THERMAL_OVERLOAD,1
65.56,58.58,26.46,400.0,38.15,1.52,65.4,0.933,50.04,6.99,0.763,-0.0013,0.0034,0.517,1.972,0,NORMAL,0
60.49,52.24,25.79,397.28,28.08,1.64,50.71,0.932,49.93,8.25,0.558,-0.0465,-0.0086,0.529,1.273,0,NORMAL,0
117.87,102.03,51.6,330.59,88.46,15.91,127.9,0.767,48.52,15.84,1.462,1.1147,0.6337,11.176,6.885,4,CRITICAL_FAILURE,1
56.76,47.27,25.63,400.46,27.63,1.43,47.68,0.975,49.96,9.49,0.553,-0.0461,-0.0373,0.974,0.694,0,NORMAL,0
62.16,56.75,26.28,401.31,28.8,1.79,47.42,0.944,49.96,5.41,0.578,-0.0297,-0.0121,0.716,1.865,0,NORMAL,0
134.91,101.47,64.68,336.96,98.7,15.45,149.81,0.729,48.78,33.45,1.663,0.6068,0.9082,10.407,12.596,4,CRITICAL_FAILURE,1
71.21,62.59,23.21,396.92,46.24,6.85,84.09,0.921,50.07,8.63,0.918,0.0361,0.6189,1.571,2.067,2,MECHANICAL_FAULT,1
57.94,51.72,26.63,392.58,32.68,9.72,60.02,0.926,50.1,6.22,0.642,-0.0232,0.5513,1.843,1.89,2,MECHANICAL_FAULT,1
67.36,62.24,23.75,397.77,43.07,0.89,72.9,0.98,50.05,5.12,0.857,-0.0122,0.0182,1.126,0.514,0,NORMAL,0
117.37,107.79,60.43,342.84,121.95,12.63,157.52,0.652,48.97,9.59,2.091,1.9557,0.9742,6.363,13.126,4,CRITICAL_FAILURE,1
69.57,64.02,22.62,402.88,48.36,1.14,76.91,0.966,50.1,5.55,0.974,0.0069,0.0131,0.644,1.395,0,NORMAL,0
66.93,61.46,26.96,396.74,37.57,0.91,64.73,0.963,50.08,5.48,0.745,0.0494,-0.0015,0.391,0.887,0,NORMAL,0
95.49,101.91,28.65,404.59,85.8,3.87,132.59,0.896,49.89,-6.43,1.736,0.593,0.0125,3.589,5.554,1,THERMAL_OVERLOAD,1
61.68,53.23,21.85,399.3,36.01,1.63,59.59,0.974,49.95,8.45,0.719,-0.0039,-0.0102,0.358,1.543,0,NORMAL,0
61.07,52.48,21.75,396.56,38.44,1.5,63.03,0.966,50.13,8.59,0.762,0.0043,0.0115,0.816,1.684,0,NORMAL,0
64.55,59.9,22.55,392.75,37.11,1.98,63.29,0.96,50.05,4.66,0.729,0.0061,0.0221,0.972,0.941,0,NORMAL,0
96.66,94.95,30.56,396.16,76.34,2.6,117.32,0.931,49.81,1.71,1.512,0.5778,-0.0039,6.132,3.233,1,THERMAL_OVERLOAD,1
117.42,83.78,30.57,389.95,70.86,2.6,105.84,0.914,49.93,33.64,1.382,0.3581,-0.0299,3.376,5.124,1,THERMAL_OVERLOAD,1
88.88,101.51,37.39,397.08,61.11,3.26,103.59,0.891,49.93,-12.63,1.213,0.5426,-0.0605,5.721,4.434,1,THERMAL_OVERLOAD,1
89.84,103.39,35.72,399.75,76.39,3.86,118.24,0.904,50.02,-13.55,1.527,0.4965,0.0039,5.697,3.145,1,THERMAL_OVERLOAD,1
65.44,58.79,25.03,406.58,42.77,1.9,69.99,0.954,49.93,6.65,0.869,-0.0246,-0.0044,1.167,1.547,0,NORMAL,0
63.16,54.16,25.65,397.8,28.68,1.36,50.59,0.966,50.02,8.99,0.57,0.0133,-0.0189,0.606,1.483,0,NORMAL,0
75.39,90.43,45.7,388.22,24.32,2.72,50.89,0.84,49.87,-15.03,0.472,0.2054,0.0891,3.039,4.187,3,DIELECTRIC_FAULT,1
75.09,67.39,24.23,407.45,43.92,10.63,82.37,0.922,50.1,7.7,0.895,-0.0024,0.3348,1.756,1.25,2,MECHANICAL_FAULT,1
63.58,58.31,28.0,406.09,40.27,1.69,67.96,0.979,49.98,5.27,0.818,-0.0573,0.0094,1.043,1.643,0,NORMAL,0
65.32,56.34,22.28,397.25,41.71,2.13,69.74,0.962,50.06,8.98,0.828,-0.0497,0.0117,1.07,1.337,0,NORMAL,0
59.96,52.22,23.76,402.06,36.51,2.14,57.44,0.967,49.86,7.74,0.734,-0.0064,-0.0058,1.176,1.59,0,NORMAL,0
95.31,98.74,30.85,395.5,73.53,3.55,108.28,0.926,49.78,-3.43,1.454,0.5593,0.0089,5.656,6.649,1,THERMAL_OVERLOAD,1
67.87,63.25,26.16,394.15,41.48,2.15,69.88,0.975,50.04,4.62,0.817,-0.0168,-0.0567,0.514,1.371,0,NORMAL,0
61.79,53.24,25.9,391.6,27.91,1.31,51.77,0.934,50.07,8.56,0.546,-0.0335,0.0426,0.739,0.726,0,NORMAL,0
115.0,91.24,31.67,399.72,78.03,3.13,121.35,0.934,49.81,23.77,1.56,0.7051,-0.0645,5.295,3.195,1,THERMAL_OVERLOAD,1
91.91,93.78,11.13,392.1,37.19,2.36,65.83,0.786,49.97,-1.88,0.729,0.1834,0.0029,2.788,4.478,3,DIELECTRIC_FAULT,1
105.82,83.74,30.6,410.28,78.51,2.87,118.84,0.903,49.99,22.08,1.611,0.6501,0.0105,4.013,5.911,1,THERMAL_OVERLOAD,1
58.98,53.05,24.3,404.63,26.19,1.53,45.09,0.963,49.96,5.93,0.53,0.0245,-0.0236,0.563,1.999,0,NORMAL,0
59.87,50.49,22.84,403.72,33.02,1.25,55.31,0.956,49.96,9.38,0.667,0.0204,-0.015,0.854,1.726,0,NORMAL,0
107.63,95.67,32.27,403.17,71.3,3.95,104.3,0.921,49.9,11.96,1.437,0.4609,-0.0288,3.954,6.905,1,THERMAL_OVERLOAD,1
73.28,64.34,25.45,398.75,31.41,11.2,64.32,0.942,50.09,8.94,0.626,-0.0419,0.3266,1.745,1.468,2,MECHANICAL_FAULT,1
113.96,88.84,25.95,386.4,75.46,2.59,114.06,0.922,49.76,25.12,1.458,0.6091,0.0246,3.243,3.889,1,THERMAL_OVERLOAD,1
105.91,114.09,63.22,352.4,96.45,15.12,142.56,0.739,49.13,-8.19,1.699,1.661,0.9494,5.183,7.568,4,CRITICAL_FAILURE,1
59.69,54.15,24.31,402.28,29.98,1.86,49.43,0.942,50.08,5.54,0.603,-0.0527,-0.0155,0.449,0.972,0,NORMAL,0
56.79,49.6,25.39,400.75,30.58,1.25,52.69,0.959,49.99,7.2,0.613,-0.0213,-0.0072,0.598,1.447,0,NORMAL,0
57.44,51.99,26.29,397.15,30.17,0.91,46.07,0.965,50.04,5.45,0.599,-0.0331,0.0012,0.94,0.629,0,NORMAL,0
58.16,49.66,24.41,391.68,31.93,1.71,51.47,0.943,50.1,8.49,0.625,-0.0226,-0.0155,0.229,1.537,0,NORMAL,0
58.23,51.62,26.87,395.04,27.94,2.1,47.37,0.945,49.98,6.62,0.552,0.0125,-0.0036,0.434,1.855,0,NORMAL,0
71.83,80.02,57.3,377.96,38.85,2.37,67.38,0.721,49.69,-8.19,0.734,0.2609,0.0584,3.891,3.576,3,DIELECTRIC_FAULT,1
63.92,55.02,20.92,398.92,33.47,1.45,56.84,0.945,49.95,8.9,0.668,0.0006,0.0335,0.432,1.849,0,NORMAL,0
75.87,66.9,28.48,395.81,48.62,7.3,84.08,0.954,49.97,8.97,0.962,-0.031,0.4182,1.664,2.806,2,MECHANICAL_FAULT,1
95.64,91.38,35.37,389.9,86.7,2.88,133.17,0.922,49.89,4.26,1.69,0.8162,-0.1099,6.392,6.311,1,THERMAL_OVERLOAD,1
64.33,54.95,24.58,400.31,30.6,0.99,50.88,0.943,50.07,9.38,0.613,0.006,-0.0421,0.493,0.762,0,NORMAL,0
65.8,57.49,23.48,395.07,43.48,1.45,71.56,0.942,49.98,8.31,0.859,-0.0043,0.0093,0.772,1.923,0,NORMAL,0
59.35,53.07,23.56,393.92,26.86,0.86,45.15,0.947,50.01,6.28,0.529,-0.043,0.0386,0.31,1.162,0,NORMAL,0
62.29,55.06,23.43,407.08,26.94,1.58,48.18,0.944,50.02,7.23,0.548,-0.0266,-0.0125,0.211,0.863,0,NORMAL,0
59.56,51.04,24.66,402.8,32.17,1.36,51.72,0.971,49.98,8.52,0.648,0.0224,-0.0027,1.197,1.671,0,NORMAL,0
66.36,59.36,26.62,406.31,38.91,1.55,63.08,0.961,50.0,7.0,0.79,0.0185,-0.0077,0.224,1.336,0,NORMAL,0
124.25,111.27,60.48,330.68,93.88,13.14,141.7,0.68,48.68,12.98,1.552,0.9302,0.467,11.026,12.222,4,CRITICAL_FAILURE,1
62.76,58.7,27.72,399.36,34.55,1.46,57.69,0.945,49.88,4.06,0.69,-0.0176,0.0171,1.159,0.766,0,NORMAL,0
63.93,57.31,26.25,401.41,38.64,1.5,64.27,0.965,50.05,6.62,0.776,-0.0104,-0.0012,0.711,1.411,0,NORMAL,0
60.42,53.03,26.52,400.74,31.3,1.52,49.57,0.946,49.95,7.39,0.627,0.0106,-0.0036,1.112,1.27,0,NORMAL,0
89.01,84.79,11.18,392.67,46.19,2.98,79.35,0.793,50.06,4.21,0.907,0.2857,-0.0333,3.968,3.844,3,DIELECTRIC_FAULT,1
75.38,67.39,22.22,397.07,41.05,9.29,72.04,0.909,50.05,7.99,0.815,-0.0716,0.4855,1.802,1.641,2,MECHANICAL_FAULT,1
121.13,105.24,55.23,339.52,120.65,12.42,128.8,0.735,48.32,15.89,2.048,1.1283,0.9117,9.122,13.027,4,CRITICAL_FAILURE,1
102.58,94.79,30.71,389.01,84.9,2.83,132.38,0.902,49.83,7.78,1.651,0.4243,0.0314,5.722,6.021,1,THERMAL_OVERLOAD,1
63.47,54.61,24.93,394.69,36.48,1.33,64.06,0.959,49.91,8.85,0.72,0.0153,-0.0368,0.666,1.998,0,NORMAL,0
113.76,85.89,29.3,393.83,71.44,3.37,108.93,0.91,50.03,27.86,1.407,0.4804,0.0355,3.443,3.443,1,THERMAL_OVERLOAD,1
74.02,81.22,55.85,388.32,37.91,3.62,67.15,0.831,49.82,-7.21,0.736,0.2251,0.0957,2.963,3.551,3,DIELECTRIC_FAULT,1
117.16,106.05,52.05,336.42,93.71,14.88,142.17,0.65,48.79,11.11,1.576,1.319,1.1388,9.402,8.989,4,CRITICAL_FAILURE,1
89.45,92.82,53.0,377.78,41.81,3.04,71.5,0.72,49.97,-3.36,0.79,0.1793,0.0738,1.559,2.387,3,DIELECTRIC_FAULT,1
57.59,52.64,23.55,399.98,30.89,1.6,53.08,0.932,50.06,4.95,0.618,-0.0079,-0.0281,0.877,1.666,0,NORMAL,0
116.36,91.53,27.83,395.56,70.21,3.03,107.37,0.907,49.75,24.83,1.389,0.4457,0.0091,4.488,5.979,1,THERMAL_OVERLOAD,1
65.76,55.86,24.31,402.43,36.21,1.73,63.46,0.967,50.01,9.9,0.729,-0.0515,-0.0004,0.289,1.611,0,NORMAL,0
77.4,68.71,25.85,404.88,35.51,11.15,71.98,0.946,50.05,8.69,0.719,0.0392,0.4022,1.489,1.781,2,MECHANICAL_FAULT,1
93.89,99.47,35.66,402.15,61.2,3.76,99.03,0.89,50.0,-5.59,1.23,0.4911,0.0134,5.761,3.863,1,THERMAL_OVERLOAD,1
67.18,57.69,26.65,407.66,42.87,0.91,72.76,0.955,49.95,9.48,0.874,0.02,-0.0167,0.994,1.24,0,NORMAL,0
62.04,54.17,22.53,403.7,26.59,1.81,45.34,0.971,49.97,7.87,0.537,-0.0012,-0.0228,0.449,0.752,0,NORMAL,0
82.41,84.56,10.14,354.46,35.99,2.75,59.55,0.774,49.7,-2.15,0.638,0.2603,0.0858,2.897,2.32,3,DIELECTRIC_FAULT,1
59.89,53.94,24.62,399.27,30.01,2.12,47.29,0.943,50.02,5.95,0.599,0.0305,-0.0293,0.962,1.252,0,NORMAL,0
65.26,59.85,23.56,402.6,44.21,0.96,73.01,0.966,50.09,5.41,0.89,-0.0177,-0.0103,0.558,1.48,0,NORMAL,0
59.51,49.85,25.74,394.16,32.28,1.28,51.48,0.966,49.92,9.66,0.636,0.004,0.0067,0.596,1.383,0,NORMAL,0
67.97,58.68,23.44,401.41,39.61,0.98,62.45,0.971,49.96,9.28,0.795,-0.0531,-0.0205,1.181,1.89,0,NORMAL,0
63.32,58.77,26.65,399.42,39.84,1.03,63.74,0.948,50.1,4.55,0.796,0.0237,0.0243,1.138,1.478,0,NORMAL,0
100.48,97.5,26.43,394.99,79.3,2.1,129.05,0.912,49.95,2.98,1.566,0.6791,0.019,3.12,5.037,1,THERMAL_OVERLOAD,1
63.26,55.87,24.42,399.57,38.8,2.14,63.92,0.944,50.07,7.39,0.775,-0.0154,0.0309,0.686,1.704,0,NORMAL,0
59.77,54.31,22.11,403.64,30.12,11.37,61.33,0.912,50.07,5.46,0.608,0.0501,0.4234,0.93,2.099,2,MECHANICAL_FAULT,1
66.52,56.85,24.1,406.06,42.2,1.43,71.83,0.936,50.03,9.67,0.857,0.0036,0.0103,0.429,1.508,0,NORMAL,0
70.47,62.51,23.94,400.02,41.64,9.18,72.6,0.937,49.91,7.96,0.833,0.0573,0.1394,1.985,2.975,2,MECHANICAL_FAULT,1
62.51,55.24,28.42,396.92,31.47,0.99,53.41,0.948,49.9,7.27,0.624,0.0202,0.0385,0.749,1.266,0,NORMAL,0
62.76,56.3,23.76,400.72,35.82,1.46,57.23,0.932,50.03,6.46,0.718,-0.0177,-0.0369,0.584,1.782,0,NORMAL,0
72.75,94.59,43.37,364.62,49.27,2.59,82.07,0.719,49.47,-21.84,0.898,0.2164,0.0359,3.015,4.159,3,DIELECTRIC_FAULT,1
68.93,61.08,27.1,404.63,45.25,1.03,75.18,0.965,49.92,7.85,0.915,0.0112,-0.008,0.686,0.542,0,NORMAL,0
59.8,55.43,24.58,399.7,34.43,2.12,59.53,0.975,49.96,4.37,0.688,-0.0343,-0.0022,0.378,1.066,0,NORMAL,0
65.62,56.04,24.59,395.82,44.3,1.03,72.26,0.941,50.0,9.58,0.877,-0.0327,-0.0038,0.742,1.117,0,NORMAL,0
64.78,55.95,24.42,402.79,41.68,1.91,71.05,0.934,49.98,8.83,0.839,-0.0492,0.0291,1.183,1.646,0,NORMAL,0
62.82,57.02,29.67,403.42,36.46,1.7,57.31,0.975,50.02,5.8,0.735,0.0041,-0.0219,0.992,0.741,0,NORMAL,0
107.14,84.2,29.47,394.8,70.79,3.33,101.02,0.891,50.07,22.94,1.397,0.4055,-0.0439,4.024,6.374,1,THERMAL_OVERLOAD,1
59.56,54.51,28.03,388.15,49.24,9.9,84.36,0.945,49.89,5.05,0.956,0.0515,0.62,0.97,2.382,2,MECHANICAL_FAULT,1
62.96,55.9,25.97,402.29,39.12,1.01,69.1,0.953,49.99,7.06,0.787,0.0369,0.0063,0.35,1.414,0,NORMAL,0
61.85,57.19,22.22,405.27,33.0,1.98,54.93,0.969,49.95,4.66,0.669,0.0501,-0.0203,0.594,1.357,0,NORMAL,0
68.48,59.42,27.57,407.5,38.67,1.24,61.16,0.958,49.95,9.06,0.788,0.0195,0.0032,0.253,1.798,0,NORMAL,0
67.23,59.78,26.12,398.91,44.13,1.07,72.36,0.964,49.91,7.44,0.88,0.0093,-0.0106,0.742,0.755,0,NORMAL,0
105.79,89.84,31.82,404.43,62.09,2.49,96.75,0.926,49.98,15.95,1.256,0.833,0.0134,3.342,5.244,1,THERMAL_OVERLOAD,1
60.87,54.27,24.6,404.85,33.14,2.13,55.05,0.941,50.01,6.61,0.671,0.0344,-0.0155,0.594,1.412,0,NORMAL,0
67.36,60.73,27.48,393.92,36.65,1.51,64.24,0.98,49.98,6.62,0.722,-0.0309,-0.0039,1.155,1.232,0,NORMAL,0
64.51,60.21,25.53,400.48,39.22,1.21,62.94,0.939,50.09,4.3,0.785,0.0085,-0.0051,1.073,1.198,0,NORMAL,0
59.8,52.71,23.24,395.43,25.39,1.96,45.29,0.949,49.96,7.09,0.502,0.036,-0.0034,0.288,1.392,0,NORMAL,0
64.81,59.49,25.43,395.01,33.67,0.81,54.41,0.964,49.98,5.32,0.665,-0.0142,0.0214,0.826,0.776,0,NORMAL,0
94.53,91.32,37.12,395.77,75.77,2.79,122.13,0.896,49.87,3.21,1.499,0.5314,0.0955,5.699,5.825,1,THERMAL_OVERLOAD,1
56.92,48.73,26.1,401.21,26.55,1.91,48.41,0.958,50.01,8.19,0.533,-0.0075,-0.0291,0.893,1.757,0,NORMAL,0
89.59,86.77,8.2,390.53,50.22,3.44,83.02,0.824,50.1,2.82,0.981,0.1052,-0.0679,2.655,2.021,3,DIELECTRIC_FAULT,1
63.25,56.76,22.97,400.59,35.33,0.83,56.77,0.947,50.03,6.49,0.708,0.0171,-0.0667,0.78,0.829,0,NORMAL,0
106.41,93.09,30.4,396.27,63.59,2.8,96.74,0.91,49.96,13.31,1.26,0.1846,-0.0282,3.833,4.658,1,THERMAL_OVERLOAD,1
63.53,57.82,25.4,394.05,32.84,6.9,62.42,0.934,49.99,5.71,0.647,0.018,0.2667,0.904,2.964,2,MECHANICAL_FAULT,1
63.05,57.33,23.0,394.53,34.89,1.93,61.45,0.932,49.96,5.72,0.688,-0.0296,-0.0179,0.463,0.517,0,NORMAL,0
65.1,58.29,27.11,401.75,39.94,0.95,67.82,0.962,50.01,6.8,0.802,0.0053,-0.0133,0.312,0.574,0,NORMAL,0
98.99,87.29,35.98,399.41,75.82,3.54,117.03,0.9,49.76,11.71,1.514,0.3878,-0.043,6.209,5.822,1,THERMAL_OVERLOAD,1
68.57,62.67,26.31,400.47,43.29,2.0,75.2,0.975,49.98,5.9,0.867,-0.0121,-0.0191,0.64,1.423,0,NORMAL,0
86.47,90.31,53.18,373.63,41.98,1.94,78.94,0.73,49.84,-3.84,0.784,0.1597,0.153,3.997,2.197,3,DIELECTRIC_FAULT,1
61.7,54.55,25.25,401.8,40.66,1.58,65.29,0.967,49.97,7.15,0.817,-0.0376,0.0079,0.644,1.633,0,NORMAL,0
60.56,52.06,23.22,399.81,30.45,2.05,55.87,0.963,50.07,8.5,0.609,0.0292,0.0114,1.144,1.847,0,NORMAL,0
88.35,89.76,7.13,379.87,37.77,2.64,70.49,0.78,50.01,-1.41,0.717,0.1539,0.0013,2.89,3.314,3,DIELECTRIC_FAULT,1
92.36,100.18,27.26,394.14,88.79,2.21,133.75,0.913,49.89,-7.82,1.75,0.3462,-0.0274,6.113,3.212,1,THERMAL_OVERLOAD,1
67.16,57.92,23.07,394.94,43.61,0.98,71.03,0.973,49.95,9.24,0.861,0.0075,-0.0237,0.9,1.638,0,NORMAL,0
62.13,52.28,26.66,407.37,31.61,1.52,46.71,0.946,49.97,9.86,0.644,0.0256,-0.0159,0.225,1.944,0,NORMAL,0
64.2,58.98,30.69,396.69,37.07,0.89,63.57,0.939,50.0,5.22,0.735,0.0103,0.0375,0.393,1.533,0,NORMAL,0
59.2,50.03,26.91,400.48,29.85,1.17,52.08,0.974,50.03,9.17,0.598,0.0306,-0.0071,0.671,0.902,0,NORMAL,0
61.13,53.54,23.99,403.33,39.44,1.61,62.98,0.969,50.04,7.59,0.795,0.0386,-0.0007,0.331,1.601,0,NORMAL,0
61.76,53.93,24.73,402.83,37.08,1.1,62.13,0.934,50.02,7.84,0.747,-0.0233,0.0027,0.788,1.494,0,NORMAL,0
59.28,53.58,28.45,400.48,40.78,9.77,75.36,0.913,49.9,5.69,0.817,0.0125,0.1948,1.776,1.168,2,MECHANICAL_FAULT,1
58.68,52.41,23.19,390.17,31.41,0.83,48.54,0.946,49.97,6.26,0.613,-0.0324,0.0337,0.989,1.248,0,NORMAL,0
67.04,60.45,26.22,395.28,44.43,0.91,77.97,0.978,50.01,6.59,0.878,-0.0047,-0.0142,0.202,1.903,0,NORMAL,0
66.32,58.84,28.01,397.39,42.41,2.19,67.63,0.932,49.94,7.48,0.843,-0.039,-0.057,0.469,1.35,0,NORMAL,0
60.21,53.35,24.02,402.52,31.9,1.23,50.05,0.945,50.02,6.86,0.642,-0.014,-0.0089,0.709,1.687,0,NORMAL,0
62.24,56.9,24.92,392.89,34.88,0.93,57.89,0.977,49.94,5.34,0.685,0.0212,-0.0229,1.184,1.955,0,NORMAL,0
64.66,59.84,23.43,402.48,40.78,2.09,67.8,0.974,49.98,4.83,0.821,0.0244,-0.0246,1.017,1.333,0,NORMAL,0
60.65,50.89,27.56,401.87,33.02,1.57,56.72,0.934,50.08,9.76,0.663,0.0202,0.0303,0.861,1.848,0,NORMAL,0
65.84,61.31,26.94,396.88,44.29,1.78,74.37,0.976,50.05,4.53,0.879,0.0238,-0.0393,0.819,1.969,0,NORMAL,0
60.32,55.66,27.35,394.59,33.22,1.38,58.46,0.959,49.97,4.65,0.655,-0.0105,0.0157,0.55,1.817,0,NORMAL,0
63.34,57.26,24.13,406.0,33.95,1.97,55.98,0.935,49.89,6.07,0.689,0.0436,0.0215,0.758,1.904,0,NORMAL,0
60.06,54.63,25.07,403.72,30.59,1.61,50.9,0.946,49.98,5.42,0.617,-0.0106,0.0022,0.541,0.717,0,NORMAL,0
59.91,53.55,24.12,393.08,27.32,1.18,46.09,0.93,50.04,6.36,0.537,0.0156,0.0247,0.428,1.433,0,NORMAL,0
67.52,63.32,24.23,399.55,43.2,0.99,68.73,0.968,50.02,4.19,0.863,-0.0215,0.0181,1.018,1.267,0,NORMAL,0
61.76,53.81,23.07,396.85,33.92,1.63,54.12,0.96,50.03,7.95,0.673,0.0187,-0.0006,0.308,1.11,0,NORMAL,0
67.97,59.73,25.29,401.66,47.2,2.09,77.65,0.971,50.08,8.24,0.948,0.0138,0.0183,0.505,0.553,0,NORMAL,0
64.62,60.55,23.96,398.06,41.63,1.67,67.05,0.94,49.99,4.07,0.829,-0.0288,0.0007,1.028,1.67,0,NORMAL,0
57.49,51.3,23.14,398.64,25.27,1.85,46.05,0.945,49.96,6.19,0.504,-0.0272,0.0285,1.002,0.751,0,NORMAL,0
62.33,54.2,28.43,399.94,39.68,2.15,63.19,0.934,50.05,8.13,0.794,-0.0088,0.003,0.24,1.794,0,NORMAL,0
91.15,84.31,24.69,398.67,67.76,2.53,105.46,0.893,49.95,6.84,1.351,0.5435,-0.0908,3.054,6.715,1,THERMAL_OVERLOAD,1
59.12,51.15,22.78,400.2,27.08,1.28,45.85,0.964,49.94,7.97,0.542,0.0153,-0.0123,0.423,0.621,0,NORMAL,0
63.25,58.94,26.22,401.25,36.74,1.84,59.82,0.936,50.06,4.32,0.737,0.0203,0.0176,0.462,1.887,0,NORMAL,0
62.53,55.43,24.3,408.32,33.58,1.37,59.95,0.959,50.05,7.1,0.686,-0.0137,-0.0255,0.886,1.118,0,NORMAL,0
103.07,82.81,34.19,392.72,62.64,2.72,100.16,0.888,49.89,20.26,1.23,0.3636,-0.0127,4.034,6.155,1,THERMAL_OVERLOAD,1
60.38,51.12,28.89,394.29,31.93,1.42,51.66,0.944,49.99,9.26,0.629,-0.0149,0.0011,0.573,1.833,0,NORMAL,0
59.8,53.93,28.96,405.13,35.13,5.23,61.47,0.903,49.97,5.87,0.712,0.0311,0.4882,1.399,1.29,2,MECHANICAL_FAULT,1
109.19,83.56,42.09,391.2,76.95,2.39,127.11,0.904,49.8,25.64,1.505,0.4156,0.0369,3.544,5.582,1,THERMAL_OVERLOAD,1
76.97,76.45,6.16,366.76,54.02,3.32,89.39,0.746,50.08,0.52,0.991,0.1623,0.0988,3.347,2.438,3,DIELECTRIC_FAULT,1
59.02,52.66,22.74,401.87,41.32,6.07,73.19,0.949,50.03,6.37,0.83,-0.0132,0.4948,0.971,2.132,2,MECHANICAL_FAULT,1
62.96,55.66,22.41,404.04,39.54,0.87,67.02,0.969,50.02,7.31,0.799,-0.0399,-0.0174,1.132,1.771,0,NORMAL,0
65.98,56.26,25.09,396.93,48.87,1.91,76.76,0.937,50.12,9.72,0.97,-0.0176,0.0029,0.274,1.317,0,NORMAL,0
91.59,80.38,11.13,380.23,29.71,2.9,55.02,0.81,49.7,11.21,0.565,0.3859,0.0329,3.544,4.26,3,DIELECTRIC_FAULT,1
59.7,49.88,27.25,399.35,29.36,1.89,48.39,0.957,50.03,9.82,0.586,0.0126,0.0261,0.515,1.342,0,NORMAL,0
59.0,53.61,25.28,405.28,32.02,2.09,54.74,0.932,50.04,5.38,0.649,0.0201,-0.0084,0.237,1.154,0,NORMAL,0
62.04,52.83,24.51,400.54,41.84,1.57,63.59,0.951,50.01,9.21,0.838,-0.0157,-0.0294,1.077,0.775,0,NORMAL,0
128.0,115.8,52.24,340.25,102.86,12.8,133.33,0.623,48.21,12.2,1.75,1.5151,1.0722,11.346,11.583,4,CRITICAL_FAILURE,1
66.57,58.02,24.09,407.97,39.2,1.25,67.07,0.935,49.97,8.55,0.8,0.0033,0.0239,0.494,1.645,0,NORMAL,0
61.64,51.65,24.23,398.99,36.14,0.87,61.02,0.952,49.91,9.99,0.721,-0.0132,-0.0227,0.984,0.999,0,NORMAL,0
60.14,53.5,24.69,401.35,39.21,5.77,72.57,0.903,49.98,6.64,0.787,0.1093,0.4044,0.885,1.79,2,MECHANICAL_FAULT,1
104.88,93.11,33.36,393.57,84.35,2.79,131.67,0.88,50.08,11.77,1.66,0.4774,0.0105,4.753,5.91,1,THERMAL_OVERLOAD,1
69.9,64.52,26.06,402.39,47.02,1.45,75.68,0.957,49.98,5.38,0.946,0.0235,0.0143,0.843,1.908,0,NORMAL,0
61.02,54.57,23.47,399.24,36.53,1.56,64.76,0.945,49.99,6.45,0.729,-0.0382,0.0226,0.631,0.579,0,NORMAL,0
66.57,58.01,25.82,406.24,35.04,2.17,58.09,0.971,50.04,8.56,0.712,0.0006,-0.0214,1.103,1.916,0,NORMAL,0
91.46,83.88,39.23,394.3,64.36,2.63,101.08,0.882,49.85,7.59,1.269,0.645,0.0536,2.529,4.249,1,THERMAL_OVERLOAD,1
63.08,55.62,28.67,407.04,48.13,2.13,69.02,0.94,49.93,7.46,0.98,-0.0333,-0.0201,0.826,0.697,0,NORMAL,0
129.85,114.44,57.73,344.31,119.33,11.29,121.43,0.72,49.03,15.41,2.054,1.355,0.7319,6.0,14.066,4,CRITICAL_FAILURE,1
61.03,56.41,19.51,398.09,27.22,0.9,46.19,0.932,50.01,4.63,0.542,-0.0049,0.0276,0.39,0.597,0,NORMAL,0
96.22,98.14,29.36,392.39,74.33,3.97,108.35,0.902,49.83,-1.91,1.458,0.6608,-0.0022,3.929,6.092,1,THERMAL_OVERLOAD,1
94.05,88.21,27.4,392.41,80.91,2.92,118.75,0.905,49.87,5.84,1.588,0.8431,-0.0147,4.34,6.514,1,THERMAL_OVERLOAD,1
66.31,57.93,25.43,399.04,37.04,1.68,61.6,0.933,50.0,8.37,0.739,0.0422,-0.0029,0.847,1.045,0,NORMAL,0
61.98,54.46,21.44,391.96,45.25,5.86,78.77,0.917,50.26,7.52,0.887,0.0118,0.4419,1.757,1.326,2,MECHANICAL_FAULT,1
64.78,58.56,25.04,393.46,39.98,1.51,69.05,0.956,49.98,6.22,0.787,-0.0123,-0.0211,0.624,1.041,0,NORMAL,0
62.76,57.29,29.4,394.63,38.56,8.28,69.73,0.912,49.91,5.48,0.761,0.0027,0.3023,0.852,1.012,2,MECHANICAL_FAULT,1
61.12,51.88,24.41,396.66,35.37,1.81,56.72,0.955,50.06,9.24,0.701,0.0214,-0.0193,0.727,1.536,0,NORMAL,0
63.32,57.24,23.73,398.63,37.01,1.74,64.83,0.933,50.03,6.07,0.738,0.0335,0.012,0.805,0.802,0,NORMAL,0
60.24,52.05,23.3,393.1,35.64,0.98,62.81,0.978,49.96,8.19,0.7,0.0297,-0.0061,1.115,0.888,0,NORMAL,0
64.85,58.79,30.05,401.58,41.82,1.15,69.72,0.969,49.98,6.06,0.84,-0.0034,0.0006,0.808,1.237,0,NORMAL,0
79.71,92.69,52.84,384.51,35.39,2.58,64.0,0.726,49.61,-12.98,0.68,0.0962,-0.0416,3.828,2.372,3,DIELECTRIC_FAULT,1
76.37,86.26,46.03,391.12,33.74,2.93,62.64,0.777,49.78,-9.89,0.66,0.3575,0.0951,2.786,3.771,3,DIELECTRIC_FAULT,1
59.95,51.35,21.77,393.74,38.23,9.05,70.71,0.951,50.08,8.6,0.753,0.0282,0.6273,1.588,2.695,2,MECHANICAL_FAULT,1
68.69,61.13,24.41,407.84,46.88,1.93,76.99,0.951,49.99,7.56,0.956,-0.0291,0.0435,0.306,1.987,0,NORMAL,0
86.71,75.83,44.77,375.38,40.2,3.12,71.03,0.745,50.37,10.88,0.755,0.3259,0.0216,2.842,3.578,3,DIELECTRIC_FAULT,1
62.99,56.5,23.16,401.12,41.19,8.78,69.68,0.959,50.17,6.49,0.826,0.0263,0.6091,1.083,1.424,2,MECHANICAL_FAULT,1
84.54,79.09,51.68,389.84,41.96,3.8,74.44,0.784,49.85,5.45,0.818,0.2628,0.0242,3.114,3.073,3,DIELECTRIC_FAULT,1
89.86,94.23,26.91,378.12,66.89,3.35,104.55,0.925,50.04,-4.37,1.265,0.6765,0.0249,3.276,4.606,1,THERMAL_OVERLOAD,1
68.88,61.2,24.99,393.83,45.17,1.41,72.8,0.957,49.99,7.68,0.889,-0.0314,0.0287,0.409,1.092,0,NORMAL,0
68.48,60.26,22.63,403.39,44.36,1.89,74.59,0.972,50.05,8.22,0.895,-0.0336,0.0007,0.813,0.743,0,NORMAL,0
64.37,59.15,25.03,398.12,39.65,1.67,66.75,0.949,49.96,5.22,0.789,-0.0257,0.0012,0.97,0.549,0,NORMAL,0
58.97,49.22,24.78,392.4,28.82,2.13,47.69,0.944,50.03,9.74,0.565,0.0481,-0.0158,0.691,1.129,0,NORMAL,0
93.24,98.61,27.02,397.21,79.76,2.61,123.1,0.917,49.9,-5.38,1.584,0.2846,0.0716,6.044,4.434,1,THERMAL_OVERLOAD,1
63.27,55.17,25.21,399.88,29.8,1.99,48.84,0.941,50.02,8.1,0.596,0.0098,-0.0096,1.17,1.671,0,NORMAL,0
64.73,55.51,23.09,404.88,28.3,1.64,50.23,0.956,49.91,9.22,0.573,-0.0305,0.0034,0.515,1.492,0,NORMAL,0
63.04,55.44,26.61,394.08,40.98,1.16,68.26,0.947,50.06,7.6,0.808,-0.0766,-0.008,0.499,0.738,0,NORMAL,0
64.58,60.02,23.85,397.0,37.27,1.62,57.92,0.954,49.97,4.56,0.74,0.0055,0.0308,0.761,1.405,0,NORMAL,0
64.67,60.29,21.56,397.99,42.09,2.02,70.02,0.958,49.96,4.38,0.838,-0.0079,0.0009,0.483,1.025,0,NORMAL,0
80.41,86.92,46.9,362.64,28.0,3.07,50.19,0.81,49.78,-6.5,0.508,0.1682,-0.0118,3.82,2.825,3,DIELECTRIC_FAULT,1
61.62,51.88,24.52,401.33,38.93,1.21,65.5,0.942,50.05,9.74,0.781,-0.0302,0.0017,0.749,0.502,0,NORMAL,0
61.67,53.43,23.02,402.85,34.02,1.67,55.63,0.963,49.97,8.24,0.685,-0.0445,-0.0017,0.229,0.898,0,NORMAL,0
64.59,57.35,24.12,395.12,37.87,7.31,70.79,0.907,49.99,7.24,0.748,0.0696,0.6104,1.362,2.724,2,MECHANICAL_FAULT,1
118.52,119.56,52.98,331.88,102.13,12.37,121.56,0.623,48.35,-1.04,1.695,1.1332,0.7918,9.91,10.11,4,CRITICAL_FAILURE,1
73.09,66.05,26.08,405.91,41.57,7.34,69.41,0.947,50.05,7.04,0.844,0.0135,0.557,1.696,1.482,2,MECHANICAL_FAULT,1
62.69,53.09,24.79,398.06,32.58,0.9,52.9,0.946,49.96,9.6,0.649,0.0339,-0.0337,1.176,0.755,0,NORMAL,0
63.01,53.06,22.96,402.87,33.97,1.95,56.29,0.967,50.02,9.94,0.684,-0.0081,0.0199,0.53,0.593,0,NORMAL,0
61.5,52.48,23.89,403.85,36.98,1.94,59.54,0.98,50.0,9.02,0.747,-0.0113,0.0138,0.91,0.706,0,NORMAL,0
92.73,94.61,22.01,401.53,86.11,2.07,133.86,0.889,49.94,-1.89,1.729,0.5471,-0.0344,5.692,4.858,1,THERMAL_OVERLOAD,1
71.56,64.48,17.37,395.58,39.83,9.42,66.7,0.924,49.98,7.08,0.788,0.1092,0.238,1.78,2.531,2,MECHANICAL_FAULT,1
59.4,50.34,21.24,400.44,33.67,2.07,57.3,0.959,49.91,9.06,0.674,-0.0485,0.009,0.808,1.364,0,NORMAL,0
61.18,53.78,24.01,396.91,33.17,1.79,54.34,0.966,49.99,7.4,0.658,-0.0016,0.0253,1.169,1.871,0,NORMAL,0
64.97,55.74,23.36,392.66,38.35,1.39,66.71,0.97,50.08,9.23,0.753,-0.0233,0.0264,0.794,0.727,0,NORMAL,0
58.78,54.62,22.86,399.26,27.21,1.57,45.45,0.939,50.1,4.17,0.543,0.0302,-0.0251,1.165,0.576,0,NORMAL,0
67.99,58.97,23.68,405.47,43.42,1.51,74.64,0.934,50.01,9.02,0.88,0.0099,0.0336,1.154,0.775,0,NORMAL,0
58.6,50.44,23.59,398.09,27.86,1.16,46.84,0.945,50.04,8.15,0.554,-0.0354,0.007,0.304,1.518,0,NORMAL,0
58.2,48.53,25.66,399.06,28.28,2.11,48.04,0.941,49.98,9.67,0.564,0.0024,0.0008,0.243,1.014,0,NORMAL,0
62.94,54.74,25.94,396.44,32.18,1.42,55.38,0.943,50.04,8.2,0.638,-0.0044,-0.0081,0.528,1.67,0,NORMAL,0
58.32,52.98,27.05,401.32,24.43,2.16,45.92,0.97,50.07,5.34,0.49,0.0287,0.0243,0.948,0.663,0,NORMAL,0
59.89,50.6,22.57,401.49,30.34,0.98,51.59,0.936,49.91,9.28,0.609,-0.0014,-0.0307,0.635,0.668,0,NORMAL,0
82.54,81.67,11.65,379.24,53.24,2.73,88.19,0.704,49.79,0.87,1.01,0.1544,-0.0012,3.838,4.438,3,DIELECTRIC_FAULT,1
64.63,58.74,25.68,404.82,35.48,0.98,58.29,0.959,49.95,5.89,0.718,0.033,0.0212,0.953,1.809,0,NORMAL,0
64.99,57.69,24.34,394.79,40.93,1.09,71.22,0.95,49.97,7.31,0.808,0.0338,0.032,0.908,1.491,0,NORMAL,0
64.46,59.66,25.74,400.86,41.17,1.37,75.07,0.941,50.02,4.8,0.825,-0.0084,-0.0309,0.889,1.927,0,NORMAL,0
60.1,53.67,24.7,400.14,31.77,0.86,53.65,0.972,49.97,6.43,0.636,-0.0324,0.0076,0.419,0.608,0,NORMAL,0
61.15,51.62,27.42,400.03,37.05,1.49,60.03,0.935,49.99,9.53,0.741,0.0032,-0.0016,0.85,1.608,0,NORMAL,0
62.24,56.61,25.07,404.6,38.32,10.23,74.71,0.942,50.05,5.63,0.775,0.0251,0.6262,1.834,1.586,2,MECHANICAL_FAULT,1
62.62,55.79,24.61,402.07,30.98,1.13,51.58,0.963,50.04,6.83,0.623,-0.0554,0.0164,0.544,1.097,0,NORMAL,0
72.03,64.38,27.04,398.18,43.41,9.77,80.52,0.931,50.07,7.65,0.864,0.1248,0.458,1.406,1.445,2,MECHANICAL_FAULT,1
65.44,56.63,22.12,400.37,46.57,1.34,74.64,0.94,49.98,8.82,0.932,0.0466,0.0185,0.335,0.714,0,NORMAL,0
67.69,62.66,23.13,401.27,47.1,1.18,76.68,0.973,49.95,5.03,0.945,-0.0256,-0.0129,0.432,1.697,0,NORMAL,0
116.69,89.01,33.91,397.13,78.59,3.64,120.46,0.923,49.98,27.69,1.56,0.4863,0.0426,4.17,6.807,1,THERMAL_OVERLOAD,1
60.88,53.59,25.0,403.64,31.09,1.39,51.27,0.975,49.98,7.28,0.627,-0.0063,-0.0152,0.573,1.135,0,NORMAL,0
60.72,53.69,25.01,402.15,28.3,1.46,46.26,0.952,50.02,7.03,0.569,-0.0613,-0.0106,0.46,0.82,0,NORMAL,0
71.78,64.42,20.17,406.48,38.24,7.89,68.0,0.953,50.04,7.36,0.777,0.0615,0.1482,1.605,2.372,2,MECHANICAL_FAULT,1
63.62,58.63,26.22,396.23,43.89,1.52,72.96,0.942,49.94,4.99,0.869,-0.0509,-0.026,1.187,1.78,0,NORMAL,0
63.5,58.43,25.81,398.73,38.75,1.59,65.61,0.939,49.94,5.07,0.773,-0.0008,0.0034,0.297,0.681,0,NORMAL,0
66.57,57.93,23.29,402.45,42.03,1.98,68.02,0.954,49.95,8.64,0.846,0.0003,0.0022,0.794,0.682,0,NORMAL,0
61.28,55.43,25.42,398.15,37.53,1.46,58.46,0.967,50.0,5.85,0.747,0.0508,-0.0071,0.455,1.672,0,NORMAL,0
65.53,60.82,26.81,395.57,41.4,1.6,67.38,0.95,49.94,4.72,0.819,-0.0336,0.0023,0.334,1.214,0,NORMAL,0
127.73,112.15,48.74,335.02,106.77,15.61,131.01,0.761,48.5,15.58,1.788,1.0378,0.7993,9.334,8.619,4,CRITICAL_FAILURE,1
63.03,53.43,25.3,395.09,38.03,1.57,67.2,0.976,49.98,9.6,0.751,0.0151,-0.0077,1.134,1.21,0,NORMAL,0
67.98,60.98,26.66,404.05,45.88,1.31,76.35,0.943,50.02,7.0,0.927,-0.0486,-0.0075,0.21,1.42,0,NORMAL,0
69.03,63.41,27.31,401.55,45.25,1.98,71.54,0.93,50.06,5.62,0.908,0.02,-0.0226,1.095,1.528,0,NORMAL,0
62.98,54.29,27.15,399.82,35.54,2.07,62.73,0.931,50.07,8.69,0.71,0.043,0.0057,0.741,0.986,0,NORMAL,0
57.98,49.3,26.3,397.65,31.53,1.89,51.93,0.955,49.94,8.67,0.627,0.0235,-0.029,0.835,1.211,0,NORMAL,0
66.5,60.91,22.14,401.28,42.11,1.73,71.15,0.96,50.02,5.59,0.845,-0.023,-0.0339,0.66,0.931,0,NORMAL,0
65.91,56.91,24.9,387.95,37.91,7.15,68.12,0.917,49.91,8.99,0.735,-0.0012,0.5117,1.255,2.162,2,MECHANICAL_FAULT,1
58.67,52.21,17.1,396.48,36.06,11.05,68.81,0.951,50.13,6.46,0.715,0.0169,0.5194,0.853,2.222,2,MECHANICAL_FAULT,1
69.01,61.17,25.68,397.37,44.36,1.95,74.16,0.971,49.97,7.84,0.881,-0.0296,-0.018,0.721,1.952,0,NORMAL,0
66.07,60.47,20.88,405.59,42.62,1.04,72.25,0.934,50.06,5.6,0.864,-0.027,0.0026,0.918,1.882,0,NORMAL,0
58.06,51.61,24.22,396.77,30.42,0.85,49.93,0.95,50.01,6.45,0.604,-0.0284,0.0122,0.842,0.89,0,NORMAL,0
61.54,53.19,25.61,405.8,36.06,1.66,63.32,0.951,49.99,8.35,0.732,-0.0228,0.0133,0.538,1.715,0,NORMAL,0
109.74,91.03,31.01,387.93,84.56,2.2,126.37,0.9,49.85,18.71,1.64,0.2395,0.0934,2.77,5.252,1,THERMAL_OVERLOAD,1
63.8,55.01,23.95,396.23,44.78,1.69,74.07,0.964,49.99,8.8,0.887,-0.0118,0.0245,0.286,1.33,0,NORMAL,0
65.69,56.26,26.52,396.44,40.05,1.12,66.87,0.979,50.0,9.43,0.794,-0.0014,-0.02,0.881,1.851,0,NORMAL,0
89.09,81.23,8.04,398.22,35.14,2.71,68.13,0.821,49.88,7.86,0.7,0.3409,0.064,3.676,4.351,3,DIELECTRIC_FAULT,1
90.72,104.32,33.14,398.15,85.99,2.06,133.11,0.9,49.8,-13.6,1.712,0.5182,0.0207,3.78,4.086,1,THERMAL_OVERLOAD,1
63.08,55.49,24.68,397.36,37.72,1.7,65.58,0.971,49.91,7.59,0.749,-0.0158,0.0056,1.137,1.603,0,NORMAL,0
70.67,61.68,24.33,399.97,43.48,10.74,82.93,0.945,50.12,9.0,0.87,0.0312,0.3893,1.073,2.669,2,MECHANICAL_FAULT,1
66.04,59.08,22.0,397.25,45.51,0.81,75.88,0.945,50.0,6.96,0.904,-0.0726,-0.0104,0.335,1.37,0,NORMAL,0
65.13,55.75,25.65,397.91,38.22,2.13,61.67,0.959,49.99,9.37,0.76,-0.0245,0.0418,0.493,0.993,0,NORMAL,0
63.04,57.29,26.63,403.85,36.23,1.3,60.03,0.956,50.1,5.76,0.732,0.0093,0.0134,0.979,1.515,0,NORMAL,0
98.68,84.36,22.4,398.65,69.03,2.01,108.32,0.908,49.89,14.31,1.376,0.2021,0.0188,5.26,6.285,1,THERMAL_OVERLOAD,1
80.11,79.76,46.22,396.87,48.61,2.49,85.01,0.819,49.25,0.35,0.965,0.158,0.0064,3.894,4.883,3,DIELECTRIC_FAULT,1
65.74,59.25,29.78,403.0,43.32,0.86,68.04,0.973,50.01,6.5,0.873,0.0308,-0.0225,0.465,1.549,0,NORMAL,0
65.6,59.75,25.26,397.46,36.44,2.2,65.17,0.934,50.01,5.85,0.724,-0.0147,-0.0096,0.486,1.691,0,NORMAL,0
66.32,57.37,23.36,397.5,43.4,0.88,67.32,0.947,50.0,8.95,0.863,0.0209,0.0191,0.989,1.276,0,NORMAL,0
113.64,97.07,26.43,393.45,66.44,2.32,106.8,0.91,49.89,16.56,1.307,0.4794,0.0567,6.265,3.543,1,THERMAL_OVERLOAD,1
117.18,117.28,56.81,356.06,93.22,11.9,148.9,0.665,48.26,-0.1,1.66,0.6173,0.807,11.308,11.275,4,CRITICAL_FAILURE,1
62.06,53.91,22.62,400.7,39.36,1.8,65.01,0.942,50.03,8.15,0.788,0.0348,-0.0164,0.85,1.774,0,NORMAL,0
73.39,66.18,29.7,404.82,37.06,10.68,69.07,0.942,50.02,7.21,0.75,-0.0759,0.5682,1.425,2.567,2,MECHANICAL_FAULT,1
59.86,53.46,24.55,393.51,38.78,2.0,62.97,0.975,50.03,6.4,0.763,-0.0899,-0.0006,0.961,1.562,0,NORMAL,0
66.99,57.48,26.03,401.91,38.48,2.15,65.73,0.946,49.95,9.51,0.773,0.0049,-0.0095,0.577,0.805,0,NORMAL,0
63.65,55.29,25.6,399.27,37.79,1.54,65.36,0.949,50.07,8.36,0.754,0.0167,-0.0001,1.147,1.941,0,NORMAL,0
95.47,104.61,39.92,401.53,66.12,3.69,102.86,0.881,49.71,-9.14,1.328,0.768,-0.0314,3.558,6.994,1,THERMAL_OVERLOAD,1
60.97,51.71,26.44,398.77,33.63,1.34,58.46,0.975,50.14,9.27,0.671,0.0569,-0.0063,0.983,0.555,0,NORMAL,0
63.44,53.59,26.02,399.34,34.23,2.17,56.25,0.933,50.02,9.85,0.684,0.0322,-0.0176,0.85,1.974,0,NORMAL,0
95.33,89.22,31.23,393.09,76.12,3.77,115.5,0.893,49.93,6.11,1.496,0.7883,-0.0357,4.409,4.477,1,THERMAL_OVERLOAD,1
68.42,59.7,22.55,399.35,33.14,9.92,65.05,0.939,49.97,8.71,0.662,-0.034,0.1217,1.967,2.509,2,MECHANICAL_FAULT,1
66.6,60.95,22.64,401.23,45.1,1.62,76.86,0.947,49.97,5.66,0.905,0.0381,-0.0065,1.088,0.867,0,NORMAL,0
131.95,101.12,57.48,347.21,104.15,8.64,137.22,0.726,48.84,30.82,1.808,1.641,0.78,6.308,10.033,4,CRITICAL_FAILURE,1
60.37,50.67,23.8,406.06,27.75,0.92,47.6,0.967,50.01,9.7,0.563,-0.0081,-0.0291,1.177,1.73,0,NORMAL,0
61.13,53.35,26.97,401.32,39.67,1.25,66.68,0.934,49.97,7.78,0.796,-0.0121,-0.0262,1.108,1.124,0,NORMAL,0
78.36,84.72,7.41,386.22,30.97,2.84,56.79,0.694,49.57,-6.36,0.598,0.3229,0.1645,2.185,2.199,3,DIELECTRIC_FAULT,1
62.12,56.82,28.09,397.69,47.6,8.36,84.8,0.922,49.98,5.3,0.947,0.0798,0.369,1.019,2.875,2,MECHANICAL_FAULT,1
62.53,56.4,27.01,402.55,33.49,1.26,56.3,0.95,49.93,6.13,0.674,-0.0262,-0.0255,0.879,1.884,0,NORMAL,0
59.54,51.86,24.95,405.26,27.87,0.97,47.22,0.931,50.06,7.69,0.565,0.0325,-0.0215,0.99,0.944,0,NORMAL,0
61.76,56.17,25.73,401.92,30.02,0.91,46.55,0.966,50.0,5.59,0.603,0.0389,-0.0034,0.399,1.212,0,NORMAL,0
59.89,52.93,25.16,405.19,31.85,1.38,53.27,0.976,49.98,6.97,0.645,0.056,-0.0001,0.419,1.641,0,NORMAL,0
115.05,98.3,38.23,408.42,71.38,3.86,119.45,0.909,49.9,16.75,1.458,0.6014,0.0414,2.83,5.447,1,THERMAL_OVERLOAD,1
61.74,53.04,23.09,405.2,28.85,2.11,46.75,0.948,50.04,8.69,0.584,0.0486,0.0198,0.203,0.923,0,NORMAL,0
108.29,88.85,26.95,392.82,78.42,3.02,118.37,0.895,49.88,19.44,1.54,0.6625,-0.0138,3.355,6.018,1,THERMAL_OVERLOAD,1
61.43,54.18,22.52,399.41,35.59,1.74,59.88,0.949,49.96,7.25,0.711,0.0377,0.0118,0.961,1.063,0,NORMAL,0
66.29,56.31,24.73,388.06,47.66,1.39,77.61,0.935,50.06,9.97,0.925,0.0324,-0.0162,0.963,0.842,0,NORMAL,0
61.83,57.05,23.95,398.87,32.18,2.04,50.92,0.965,50.04,4.78,0.642,-0.0348,0.0286,0.259,1.745,0,NORMAL,0
78.05,90.62,53.63,379.05,46.97,3.1,82.86,0.745,50.0,-12.58,0.89,0.1976,0.0694,2.688,3.926,3,DIELECTRIC_FAULT,1
133.79,115.41,57.69,355.9,97.78,15.02,124.92,0.713,48.9,18.39,1.74,1.8404,0.6832,10.492,7.863,4,CRITICAL_FAILURE,1
59.31,49.99,26.23,394.76,31.02,0.87,47.16,0.961,50.07,9.32,0.612,-0.0308,0.0408,0.858,1.787,0,NORMAL,0
66.6,60.36,27.47,399.45,45.5,2.0,73.56,0.937,50.07,6.24,0.909,-0.0265,-0.0031,0.59,0.523,0,NORMAL,0
59.14,50.32,21.42,400.33,31.66,0.93,49.88,0.973,49.99,8.83,0.634,-0.0049,0.0055,0.414,1.902,0,NORMAL,0
61.78,55.25,24.08,400.01,41.06,1.07,69.08,0.94,49.95,6.53,0.821,-0.0014,-0.0273,0.998,1.353,0,NORMAL,0
114.62,99.9,29.43,392.27,62.43,3.27,97.46,0.932,49.82,14.72,1.224,0.3717,0.0694,5.583,6.566,1,THERMAL_OVERLOAD,1
61.35,54.59,23.69,396.94,41.28,6.09,73.58,0.947,49.95,6.76,0.819,0.1542,0.3186,1.053,1.188,2,MECHANICAL_FAULT,1
72.88,84.34,10.4,355.64,37.49,2.74,67.14,0.774,49.62,-11.46,0.667,0.1648,-0.0077,3.144,4.859,3,DIELECTRIC_FAULT,1
63.04,54.93,28.19,396.84,36.88,1.48,60.17,0.937,50.0,8.11,0.732,-0.0314,0.0095,1.072,1.42,0,NORMAL,0
66.45,57.02,24.11,406.2,41.88,2.19,68.47,0.938,49.97,9.43,0.851,0.0291,0.019,0.883,0.841,0,NORMAL,0
106.55,111.14,53.26,337.17,105.6,12.27,135.92,0.773,48.26,-4.59,1.78,1.9102,0.4694,9.575,9.089,4,CRITICAL_FAILURE,1
62.74,55.3,26.73,401.61,25.83,0.8,47.36,0.947,49.97,7.43,0.519,0.0203,0.0053,0.435,1.312,0,NORMAL,0
68.48,64.21,24.03,397.42,35.03,0.97,62.62,0.958,50.06,4.26,0.696,-0.026,0.0194,0.892,1.145,0,NORMAL,0
68.64,62.05,27.05,400.35,40.04,2.06,67.36,0.946,50.01,6.58,0.801,-0.0149,-0.0108,0.661,1.792,0,NORMAL,0
67.72,62.68,25.44,397.57,44.3,1.39,72.44,0.972,50.06,5.03,0.881,-0.0214,0.0186,0.73,1.765,0,NORMAL,0
65.8,56.61,25.74,401.93,37.32,1.44,61.56,0.954,50.02,9.19,0.75,-0.0028,-0.0103,1.063,1.221,0,NORMAL,0
104.69,86.37,28.52,396.85,75.27,3.16,116.18,0.916,50.06,18.32,1.494,0.6476,0.0276,4.208,4.129,1,THERMAL_OVERLOAD,1
63.45,55.69,25.5,398.87,43.0,1.06,68.19,0.956,50.05,7.77,0.858,0.0025,-0.0354,0.431,1.811,0,NORMAL,0
66.42,61.47,24.06,399.5,44.63,1.0,77.14,0.954,49.92,4.95,0.891,0.0048,0.0054,1.042,1.707,0,NORMAL,0
130.71,102.87,58.97,355.9,109.47,14.34,154.02,0.701,49.01,27.83,1.948,1.5432,0.6276,9.799,11.292,4,CRITICAL_FAILURE,1
65.05,59.58,25.86,400.2,44.93,1.74,71.96,0.979,49.93,5.47,0.899,-0.018,-0.0056,0.897,0.551,0,NORMAL,0
61.0,53.02,26.46,399.48,28.63,2.12,49.53,0.946,50.03,7.97,0.572,0.0309,0.0174,0.878,0.878,0,NORMAL,0
63.72,55.85,26.42,403.01,34.67,1.9,61.96,0.94,49.99,7.87,0.699,0.0116,-0.0162,0.76,1.685,0,NORMAL,0
64.1,56.43,27.59,398.97,34.68,1.53,56.74,0.956,50.04,7.67,0.692,0.0429,0.0185,0.547,0.996,0,NORMAL,0
61.6,56.35,27.6,399.81,33.45,1.52,51.55,0.962,49.92,5.25,0.669,-0.0246,0.007,0.515,1.623,0,NORMAL,0
60.3,51.15,24.27,401.8,31.16,1.5,52.63,0.964,50.04,9.15,0.626,-0.0237,-0.0156,0.611,0.815,0,NORMAL,0
62.02,53.57,24.24,401.96,36.04,0.82,61.14,0.943,50.05,8.45,0.724,0.0572,-0.0063,0.582,1.304,0,NORMAL,0
64.74,58.4,23.99,398.22,39.23,1.97,65.11,0.977,49.94,6.34,0.781,-0.0705,-0.026,1.127,1.149,0,NORMAL,0
62.96,55.19,26.0,405.33,38.24,2.04,60.76,0.95,50.04,7.77,0.775,-0.0013,0.0278,1.136,1.357,0,NORMAL,0
61.34,54.98,25.25,400.19,28.7,1.25,51.54,0.939,50.06,6.36,0.574,-0.0621,0.0284,0.862,0.647,0,NORMAL,0
68.84,62.99,25.83,400.07,42.45,1.08,73.04,0.959,50.0,5.85,0.849,-0.0233,0.0207,1.186,1.251,0,NORMAL,0
62.61,55.07,25.44,402.69,33.28,2.06,55.68,0.955,49.97,7.54,0.67,0.0079,-0.0001,0.836,1.709,0,NORMAL,0
65.19,57.15,23.37,402.08,42.95,1.97,76.12,0.968,49.94,8.03,0.863,0.012,-0.0403,0.262,0.813,0,NORMAL,0
64.46,60.21,25.78,406.99,34.94,2.09,58.29,0.947,50.02,4.24,0.711,0.0076,0.0399,0.486,0.875,0,NORMAL,0
75.04,84.69,48.27,394.92,55.79,1.81,88.73,0.744,49.9,-9.65,1.102,0.1947,0.0482,3.184,3.741,3,DIELECTRIC_FAULT,1
66.73,58.44,24.05,395.06,43.47,1.29,68.07,0.967,49.98,8.3,0.859,-0.0568,0.0628,0.501,1.501,0,NORMAL,0
108.41,119.01,50.14,330.72,119.96,12.16,150.46,0.63,49.01,-10.59,1.984,0.7448,0.4685,8.533,8.144,4,CRITICAL_FAILURE,1
77.94,82.65,46.54,373.41,41.76,3.35,88.19,0.732,50.13,-4.71,0.78,0.2009,0.0726,2.822,2.837,3,DIELECTRIC_FAULT,1
60.5,55.68,24.36,396.97,33.87,1.38,54.26,0.959,49.98,4.81,0.672,-0.0253,-0.0084,1.14,1.272,0,NORMAL,0
65.13,59.98,27.68,399.61,42.34,1.48,72.85,0.976,50.02,5.14,0.846,-0.0085,-0.0212,1.048,1.954,0,NORMAL,0
96.57,82.06,35.06,387.09,73.79,2.16,113.86,0.891,49.78,14.51,1.428,0.2369,0.0494,4.965,5.607,1,THERMAL_OVERLOAD,1
59.44,52.75,23.84,395.89,32.67,1.25,56.1,0.967,50.0,6.69,0.647,0.0134,0.004,0.357,1.536,0,NORMAL,0
79.52,76.96,50.81,345.87,29.38,2.49,55.13,0.803,49.59,2.56,0.508,0.3208,-0.0463,3.196,2.625,3,DIELECTRIC_FAULT,1
59.95,55.74,25.97,392.43,29.74,1.57,50.57,0.948,49.9,4.21,0.584,0.0152,-0.0011,0.577,0.887,0,NORMAL,0
99.61,82.67,32.87,401.6,72.54,2.1,110.93,0.92,49.93,16.95,1.457,0.4436,-0.0053,4.752,6.205,1,THERMAL_OVERLOAD,1
131.2,101.54,48.99,331.01,106.22,14.93,120.99,0.68,48.3,29.66,1.758,1.5719,0.9645,8.978,8.989,4,CRITICAL_FAILURE,1
128.99,111.81,50.03,337.97,118.02,12.74,159.63,0.761,48.49,17.17,1.994,1.5887,0.4333,10.84,7.853,4,CRITICAL_FAILURE,1
64.83,56.06,23.4,385.6,35.51,7.57,63.03,0.959,50.1,8.77,0.685,0.0268,0.3049,0.902,1.169,2,MECHANICAL_FAULT,1
63.3,55.26,24.95,398.46,35.67,0.93,58.17,0.967,49.99,8.03,0.711,-0.0039,0.0165,0.459,1.152,0,NORMAL,0
64.77,58.87,21.79,400.79,45.75,1.45,73.07,0.944,50.0,5.9,0.917,0.0034,0.0012,0.257,0.666,0,NORMAL,0
61.61,55.02,26.87,396.27,35.1,2.15,58.83,0.932,50.08,6.6,0.695,0.0171,0.0159,0.926,0.589,0,NORMAL,0
65.15,58.13,20.95,400.05,33.38,1.92,55.23,0.943,50.03,7.02,0.668,-0.0204,0.0161,0.844,1.347,0,NORMAL,0
60.49,53.48,25.97,401.19,28.58,1.15,50.37,0.954,50.06,7.01,0.573,0.0233,0.0093,1.104,1.726,0,NORMAL,0
72.1,65.76,25.37,400.57,40.69,6.01,76.19,0.958,50.06,6.34,0.815,-0.0013,0.4138,1.895,1.853,2,MECHANICAL_FAULT,1
63.89,59.22,26.02,400.78,40.04,1.97,60.87,0.957,49.97,4.67,0.802,0.0621,0.0171,0.639,1.52,0,NORMAL,0
61.08,55.65,26.71,400.33,31.42,10.8,63.68,0.948,49.94,5.42,0.629,0.002,0.6425,1.136,2.869,2,MECHANICAL_FAULT,1
60.95,52.8,22.87,390.64,36.35,2.03,62.04,0.951,49.99,8.16,0.71,0.0016,-0.0159,0.847,0.913,0,NORMAL,0
90.05,94.3,33.58,388.65,67.76,3.1,114.77,0.9,49.86,-4.25,1.317,0.5115,0.0542,3.247,3.045,1,THERMAL_OVERLOAD,1
62.54,53.17,26.35,401.98,41.69,1.1,69.78,0.934,50.0,9.37,0.838,0.007,0.0233,0.582,1.902,0,NORMAL,0
64.07,58.33,22.64,395.02,32.85,1.61,56.06,0.933,49.98,5.74,0.649,-0.0381,-0.0034,0.864,0.883,0,NORMAL,0
65.15,60.76,25.59,398.43,41.1,1.57,69.05,0.955,50.0,4.4,0.819,-0.034,-0.0169,0.221,0.909,0,NORMAL,0
66.34,60.12,24.94,396.09,41.94,1.31,72.09,0.971,49.95,6.22,0.831,-0.0226,0.0343,0.243,1.061,0,NORMAL,0
60.86,52.77,27.45,397.3,34.78,0.95,54.75,0.95,50.06,8.1,0.691,-0.0151,0.0231,1.053,0.544,0,NORMAL,0
123.94,106.53,49.67,352.74,94.89,14.26,143.36,0.614,48.47,17.41,1.674,0.9805,0.8628,8.596,8.518,4,CRITICAL_FAILURE,1
64.71,60.22,26.9,404.52,41.46,1.97,69.74,0.949,50.02,4.48,0.839,-0.0139,0.0314,1.04,1.296,0,NORMAL,0
67.92,57.93,25.14,393.18,44.65,1.13,75.11,0.966,50.0,9.99,0.878,-0.0074,-0.0086,0.887,0.941,0,NORMAL,0
63.59,55.7,24.03,398.47,37.32,1.39,58.7,0.953,50.04,7.89,0.744,-0.0248,-0.0404,0.796,1.994,0,NORMAL,0
91.39,92.02,6.1,389.1,41.86,2.67,84.79,0.784,49.95,-0.63,0.814,0.3629,0.1484,3.448,2.356,3,DIELECTRIC_FAULT,1
62.77,58.45,26.42,396.49,46.85,1.14,76.37,0.967,50.16,4.32,0.929,-0.0127,-0.0091,0.661,0.929,0,NORMAL,0
113.97,101.16,30.11,394.31,74.31,2.74,115.53,0.926,49.89,12.81,1.465,0.4331,0.1024,3.222,4.115,1,THERMAL_OVERLOAD,1
66.01,59.58,28.36,401.66,44.5,1.77,77.6,0.98,49.97,6.43,0.894,0.0171,0.0326,0.474,0.619,0,NORMAL,0
61.81,57.05,25.35,399.37,35.87,2.14,63.04,0.972,49.96,4.77,0.716,0.0223,0.0179,1.097,1.629,0,NORMAL,0
88.35,98.46,33.8,391.73,66.74,2.47,103.8,0.94,49.83,-10.11,1.307,0.5223,0.1065,6.305,5.069,1,THERMAL_OVERLOAD,1
60.14,51.96,23.62,402.51,29.07,0.84,46.73,0.961,49.95,8.19,0.585,0.0444,0.0148,0.211,1.727,0,NORMAL,0
65.78,58.06,24.3,399.36,44.95,1.47,74.55,0.952,50.0,7.72,0.898,-0.0244,0.019,0.418,0.884,0,NORMAL,0
65.65,58.1,27.95,393.47,44.15,1.83,74.72,0.937,50.07,7.55,0.868,0.0148,0.0052,0.38,0.856,0,NORMAL,0
65.48,57.52,24.12,400.81,44.45,1.24,72.66,0.935,49.94,7.96,0.891,0.05,0.0439,0.24,0.709,0,NORMAL,0
62.4,58.29,26.53,406.32,33.59,1.94,57.55,0.954,50.02,4.11,0.682,-0.0257,-0.0144,1.118,1.935,0,NORMAL,0
112.21,83.64,29.87,404.64,80.69,3.61,123.1,0.888,50.15,28.57,1.633,0.2988,0.0518,2.833,5.974,1,THERMAL_OVERLOAD,1
66.47,57.59,22.88,395.26,41.03,1.54,68.16,0.964,49.97,8.88,0.811,0.0638,-0.0024,0.565,0.542,0,NORMAL,0
103.01,104.17,30.59,391.75,72.56,3.48,109.7,0.907,50.03,-1.15,1.421,0.2059,0.0758,5.922,5.3,1,THERMAL_OVERLOAD,1
64.9,59.76,28.03,394.77,33.84,1.91,54.94,0.952,50.01,5.14,0.668,-0.0002,-0.0149,0.876,1.821,0,NORMAL,0
60.07,55.23,23.18,403.27,34.85,1.44,59.25,0.969,49.93,4.84,0.703,0.002,-0.0285,0.792,0.57,0,NORMAL,0
106.56,97.74,37.5,395.31,64.9,2.91,95.82,0.892,49.92,8.82,1.283,0.5417,0.0396,4.294,4.997,1,THERMAL_OVERLOAD,1
61.73,57.52,26.53,402.81,31.29,2.15,54.02,0.977,50.05,4.21,0.63,0.0037,0.032,0.404,1.318,0,NORMAL,0
65.6,60.47,24.2,403.63,33.74,6.83,61.68,0.905,50.13,5.13,0.681,-0.0186,0.47,1.663,1.768,2,MECHANICAL_FAULT,1
61.99,53.08,21.95,396.56,35.77,2.08,57.66,0.966,50.09,8.91,0.709,-0.0532,0.0149,1.089,1.896,0,NORMAL,0
68.13,62.16,24.92,398.35,46.64,0.83,76.61,0.964,49.93,5.97,0.929,0.0284,0.0011,0.364,1.706,0,NORMAL,0
57.38,51.21,25.92,399.47,44.01,11.91,81.67,0.939,49.95,6.17,0.879,0.0401,0.547,1.955,1.01,2,MECHANICAL_FAULT,1
59.48,55.32,24.53,401.56,31.31,0.95,50.0,0.93,49.94,4.16,0.629,-0.0312,0.0061,1.192,1.851,0,NORMAL,0
62.49,54.57,24.12,404.19,39.94,1.07,65.89,0.951,49.99,7.92,0.807,0.0045,-0.0067,0.752,0.878,0,NORMAL,0
66.75,60.55,28.62,401.06,42.74,0.86,70.87,0.948,49.93,6.2,0.857,-0.0002,0.0007,0.786,0.86,0,NORMAL,0
63.52,57.22,26.07,399.36,37.68,7.24,72.39,0.909,49.98,6.3,0.752,0.0754,0.6257,1.099,1.592,2,MECHANICAL_FAULT,1
65.03,56.92,24.34,400.54,39.73,1.23,66.92,0.942,49.97,8.11,0.796,0.0885,0.0249,0.557,1.031,0,NORMAL,0
62.15,57.37,27.88,398.45,34.71,1.1,56.09,0.963,50.06,4.78,0.691,-0.0113,0.0252,0.551,0.751,0,NORMAL,0
69.28,63.26,21.32,397.05,42.44,1.14,69.75,0.934,50.02,6.02,0.843,0.0299,0.0053,0.281,1.87,0,NORMAL,0
63.92,55.7,23.37,391.91,45.01,5.41,78.86,0.928,50.04,8.22,0.882,0.0019,0.3393,1.637,1.716,2,MECHANICAL_FAULT,1
66.43,58.29,27.23,400.51,39.44,1.97,67.02,0.959,50.02,8.14,0.79,0.0201,0.0042,1.13,1.496,0,NORMAL,0
76.38,83.7,55.79,409.95,40.69,3.47,69.31,0.796,49.93,-7.31,0.834,0.1203,-0.025,1.979,3.181,3,DIELECTRIC_FAULT,1
61.63,54.39,25.17,396.85,30.26,1.62,51.05,0.934,49.99,7.24,0.6,0.0048,0.0235,1.122,1.875,0,NORMAL,0
66.42,61.21,24.07,407.84,38.91,1.47,65.57,0.957,49.99,5.21,0.794,0.0076,0.0094,0.733,1.805,0,NORMAL,0
62.54,54.07,27.84,401.11,36.78,1.09,59.34,0.931,50.06,8.47,0.738,0.0087,0.037,0.622,1.271,0,NORMAL,0
94.69,97.79,33.87,395.32,68.82,3.67,109.79,0.916,50.0,-3.1,1.36,0.7171,-0.0488,4.361,4.998,1,THERMAL_OVERLOAD,1
66.66,60.73,27.21,397.05,46.75,1.83,74.95,0.964,49.97,5.93,0.928,0.017,-0.025,0.262,0.622,0,NORMAL,0
61.9,53.84,28.33,398.19,30.74,1.76,49.16,0.959,50.08,8.06,0.612,-0.0497,-0.0105,0.969,0.839,0,NORMAL,0
63.35,54.49,21.8,402.11,34.72,0.83,58.08,0.958,49.98,8.86,0.698,0.0163,0.0028,0.717,1.945,0,NORMAL,0
107.77,96.88,27.57,396.94,73.88,2.31,114.59,0.935,50.04,10.88,1.466,0.2665,-0.0038,4.382,5.086,1,THERMAL_OVERLOAD,1
64.11,57.47,24.46,403.04,37.01,11.62,65.63,0.938,50.02,6.64,0.746,-0.0072,0.4311,1.7,1.87,2,MECHANICAL_FAULT,1
64.09,54.67,27.8,396.8,46.94,0.86,75.31,0.952,50.04,9.43,0.931,0.0177,-0.0068,0.344,0.628,0,NORMAL,0
62.31,56.91,24.18,397.65,29.63,1.94,45.25,0.959,49.97,5.4,0.589,-0.022,0.0219,0.616,0.887,0,NORMAL,0
64.22,56.59,24.44,409.0,42.17,1.19,71.41,0.943,50.06,7.63,0.862,-0.0705,0.0335,0.64,0.637,0,NORMAL,0
125.86,117.96,63.55,354.63,90.8,11.1,126.23,0.657,48.64,7.9,1.61,1.5985,0.404,8.742,6.178,4,CRITICAL_FAILURE,1
85.75,84.26,46.28,400.94,41.45,1.85,85.88,0.824,49.78,1.48,0.831,0.3838,0.0642,3.661,2.171,3,DIELECTRIC_FAULT,1
105.83,119.09,50.42,342.64,114.46,9.06,133.22,0.751,48.23,-13.26,1.961,1.6318,1.1441,7.843,6.615,4,CRITICAL_FAILURE,1
59.87,51.73,28.47,400.57,33.08,1.28,53.47,0.944,49.93,8.14,0.662,0.0401,0.031,0.737,1.761,0,NORMAL,0
64.71,58.35,27.49,404.0,38.47,1.22,61.46,0.935,50.05,6.36,0.777,0.0093,0.0139,0.848,0.588,0,NORMAL,0
64.83,58.56,24.65,398.37,44.91,1.46,77.34,0.939,50.02,6.27,0.895,0.0346,0.0014,0.504,1.716,0,NORMAL,0
91.33,87.32,24.66,388.55,66.42,3.75,104.66,0.914,49.84,4.01,1.29,0.6858,0.0825,4.884,5.735,1,THERMAL_OVERLOAD,1
61.9,52.97,24.11,397.77,33.31,1.43,61.66,0.959,50.11,8.93,0.662,0.0414,0.0182,0.474,1.331,0,NORMAL,0
58.61,51.67,24.22,397.25,28.52,1.88,45.3,0.962,50.0,6.94,0.566,-0.0078,0.0378,1.108,1.114,0,NORMAL,0
66.86,62.66,20.52,405.55,43.23,2.1,75.11,0.941,50.05,4.2,0.876,0.0215,-0.0074,0.737,0.626,0,NORMAL,0
58.8,50.88,22.13,408.84,29.47,1.82,45.8,0.93,49.96,7.91,0.603,-0.0261,0.0145,0.457,0.531,0,NORMAL,0
61.8,53.94,22.72,400.64,40.23,1.06,67.44,0.978,50.03,7.87,0.806,-0.0479,0.0184,0.221,1.997,0,NORMAL,0
64.26,56.18,28.81,400.61,38.72,1.1,63.71,0.96,50.05,8.08,0.776,-0.0725,-0.0026,1.088,1.744,0,NORMAL,0
66.6,57.62,24.26,399.8,35.14,1.3,57.68,0.952,49.91,8.98,0.702,-0.0381,-0.0178,0.819,0.716,0,NORMAL,0
77.32,83.15,6.16,367.65,33.73,3.15,60.24,0.741,49.49,-5.83,0.62,0.2239,0.0471,2.518,3.712,3,DIELECTRIC_FAULT,1
63.81,56.7,28.72,393.52,40.94,1.65,66.25,0.961,50.06,7.1,0.805,0.0793,-0.0207,0.489,0.738,0,NORMAL,0
63.51,59.46,23.91,400.67,34.24,0.81,55.07,0.968,50.04,4.06,0.686,0.0201,0.0059,0.377,1.523,0,NORMAL,0
65.48,58.97,28.09,400.84,34.57,1.4,57.73,0.933,50.05,6.51,0.693,0.1059,-0.0249,0.451,0.76,0,NORMAL,0
60.94,54.05,25.36,409.28,29.35,1.85,47.43,0.946,49.99,6.89,0.601,0.026,-0.0099,0.272,1.822,0,NORMAL,0
59.46,54.77,25.99,395.64,30.1,0.91,49.33,0.931,50.01,4.69,0.595,-0.025,0.0042,0.233,1.395,0,NORMAL,0
64.81,59.59,26.5,399.61,38.07,1.13,62.5,0.931,49.93,5.22,0.761,0.0432,0.0206,1.029,0.7,0,NORMAL,0
58.04,50.48,29.9,392.23,33.97,9.94,65.72,0.922,50.05,7.56,0.666,0.0197,0.2209,1.007,1.757,2,MECHANICAL_FAULT,1
69.21,63.36,27.32,399.49,44.94,1.65,74.23,0.939,50.2,5.85,0.898,-0.0171,0.041,0.82,0.859,0,NORMAL,0
66.95,57.11,23.73,400.09,47.1,1.48,72.53,0.978,49.98,9.84,0.942,-0.0342,0.038,1.042,0.624,0,NORMAL,0
122.97,119.37,63.69,336.72,91.33,13.39,120.82,0.734,48.91,3.6,1.538,1.6304,1.0499,7.379,7.99,4,CRITICAL_FAILURE,1
65.54,56.66,27.28,404.14,36.66,1.03,63.67,0.942,50.0,8.88,0.741,0.0092,-0.0075,0.429,0.733,0,NORMAL,0
63.59,54.36,24.74,399.5,44.75,0.99,72.0,0.95,49.92,9.23,0.894,-0.0139,-0.022,0.573,1.99,0,NORMAL,0
66.58,59.49,23.73,397.68,47.21,1.6,77.83,0.941,49.96,7.09,0.939,0.0322,0.0045,0.636,1.685,0,NORMAL,0
72.47,65.36,21.42,391.67,48.12,7.66,83.12,0.953,50.11,7.11,0.942,0.0715,0.292,0.919,1.212,2,MECHANICAL_FAULT,1
58.72,49.55,22.15,402.61,28.59,1.86,46.57,0.945,49.93,9.17,0.576,-0.0101,-0.0106,0.587,0.578,0,NORMAL,0
65.71,60.81,27.21,398.28,34.88,0.83,60.45,0.97,50.07,4.89,0.695,-0.0007,0.0101,0.447,1.58,0,NORMAL,0
63.65,58.49,23.07,403.44,43.72,1.19,69.54,0.971,50.05,5.16,0.882,0.0173,0.0189,1.124,0.734,0,NORMAL,0
64.54,54.64,26.45,404.17,40.92,1.71,68.8,0.961,49.99,9.9,0.827,0.0403,-0.0175,0.531,1.426,0,NORMAL,0
58.65,53.54,25.65,400.73,31.64,1.3,50.71,0.975,50.06,5.11,0.634,-0.0353,0.0087,0.879,1.645,0,NORMAL,0
113.22,98.41,28.78,395.12,80.43,3.72,123.92,0.892,49.85,14.81,1.589,0.5163,-0.0671,3.509,4.525,1,THERMAL_OVERLOAD,1
90.77,86.58,53.08,368.6,35.27,2.87,67.53,0.687,49.96,4.19,0.65,0.2376,0.0384,2.496,2.119,3,DIELECTRIC_FAULT,1
95.33,103.04,33.3,398.05,72.5,3.22,106.81,0.92,49.91,-7.71,1.443,0.4585,0.063,5.033,5.216,1,THERMAL_OVERLOAD,1
115.46,88.56,32.01,400.28,88.5,2.16,134.35,0.927,49.83,26.9,1.771,0.4108,-0.0124,3.573,5.07,1,THERMAL_OVERLOAD,1
93.07,93.87,36.94,392.03,88.59,3.34,134.05,0.899,50.03,-0.8,1.736,0.8316,0.0481,4.329,4.798,1,THERMAL_OVERLOAD,1
66.74,59.66,27.19,391.61,44.45,1.97,75.57,0.967,50.06,7.09,0.87,-0.0019,0.0042,0.645,1.662,0,NORMAL,0
59.58,52.66,28.69,402.54,34.98,8.99,67.96,0.96,50.12,6.92,0.704,-0.0001,0.5221,1.483,1.141,2,MECHANICAL_FAULT,1
62.96,53.13,23.46,395.74,44.77,1.71,74.0,0.957,50.06,9.83,0.886,0.0158,0.0122,0.759,0.831,0,NORMAL,0
76.71,94.15,7.65,384.32,44.88,2.69,78.97,0.78,49.83,-17.43,0.862,0.2932,-0.0109,1.765,4.047,3,DIELECTRIC_FAULT,1
66.11,56.29,23.41,396.82,37.08,1.15,58.79,0.97,50.03,9.82,0.736,0.0035,0.0082,0.237,0.87,0,NORMAL,0
91.59,83.06,11.6,382.22,41.9,2.88,85.05,0.706,50.08,8.53,0.801,0.278,0.1239,3.731,4.149,3,DIELECTRIC_FAULT,1
63.55,58.68,21.53,400.52,35.66,2.18,60.35,0.951,49.97,4.87,0.714,-0.0043,-0.0139,0.521,1.399,0,NORMAL,0
60.95,52.21,26.42,400.85,32.77,1.17,52.78,0.972,50.05,8.74,0.657,-0.0117,-0.0186,0.546,1.34,0,NORMAL,0
66.07,58.97,25.11,402.89,43.64,1.58,71.58,0.948,50.05,7.11,0.879,0.0201,-0.0031,0.423,0.682,0,NORMAL,0
73.58,65.24,27.35,397.51,33.36,7.24,62.24,0.935,50.1,8.34,0.663,0.0824,0.3599,1.388,1.913,2,MECHANICAL_FAULT,1
68.14,63.11,21.94,405.22,42.53,1.38,73.81,0.954,50.02,5.04,0.862,-0.0011,0.0269,0.63,1.181,0,NORMAL,0
70.0,63.42,21.33,397.57,34.44,5.64,64.86,0.941,49.88,6.58,0.685,-0.0087,0.6107,1.658,1.128,2,MECHANICAL_FAULT,1
69.0,59.52,25.1,396.66,44.98,2.12,74.95,0.958,49.97,9.48,0.892,0.0079,0.0191,0.656,0.604,0,NORMAL,0
59.7,50.14,24.08,403.46,30.58,0.85,49.89,0.953,50.06,9.56,0.617,-0.0375,-0.0084,0.627,1.973,0,NORMAL,0
130.04,113.34,51.19,347.58,113.34,9.09,146.46,0.735,48.94,16.7,1.97,1.8755,0.5619,6.562,11.19,4,CRITICAL_FAILURE,1
62.33,54.35,25.89,392.94,46.7,10.23,81.25,0.913,50.03,7.98,0.918,0.0611,0.6336,1.87,2.207,2,MECHANICAL_FAULT,1
64.04,57.39,25.5,403.16,38.81,1.48,61.94,0.96,50.02,6.64,0.782,-0.0095,0.0023,0.527,1.435,0,NORMAL,0
107.22,107.91,64.18,333.64,100.18,9.42,130.03,0.762,49.0,-0.69,1.671,1.8096,0.968,9.143,7.092,4,CRITICAL_FAILURE,1
64.28,55.84,23.35,401.63,38.34,1.08,66.5,0.979,49.93,8.44,0.77,0.0289,0.0008,0.546,1.791,0,NORMAL,0
59.76,50.59,20.4,404.03,26.88,1.78,45.81,0.955,49.99,9.17,0.543,0.0008,0.0187,0.998,1.103,0,NORMAL,0
67.37,61.28,24.32,394.22,45.9,1.26,73.66,0.957,49.93,6.08,0.905,-0.0136,-0.0057,0.596,0.715,0,NORMAL,0
60.03,53.95,26.94,400.15,29.82,2.11,51.2,0.931,50.09,6.09,0.597,0.0448,-0.017,0.871,1.951,0,NORMAL,0
58.81,52.86,22.4,403.85,28.63,1.08,50.21,0.952,49.9,5.94,0.578,-0.0448,-0.0049,0.23,0.768,0,NORMAL,0
100.3,104.58,30.26,391.0,81.89,2.02,127.67,0.91,50.0,-4.28,1.601,0.6723,0.0488,2.798,4.847,1,THERMAL_OVERLOAD,1
76.17,81.33,6.62,391.29,30.35,3.05,52.0,0.814,49.78,-5.17,0.594,0.3326,-0.0354,1.9,3.12,3,DIELECTRIC_FAULT,1
63.11,57.49,25.45,409.72,34.38,1.38,61.33,0.942,50.06,5.62,0.704,0.0053,-0.0106,0.748,0.625,0,NORMAL,0
63.54,56.24,24.98,402.67,41.47,1.42,67.19,0.974,49.96,7.3,0.835,-0.0096,0.0083,0.818,0.652,0,NORMAL,0
67.34,62.83,25.9,403.54,41.67,2.04,74.4,0.962,49.94,4.51,0.841,-0.0217,0.006,0.865,1.182,0,NORMAL,0
61.24,54.94,28.62,395.41,38.41,1.14,63.35,0.947,49.92,6.3,0.759,-0.0003,0.0141,0.469,0.646,0,NORMAL,0
63.04,58.24,25.84,404.05,30.06,0.95,50.85,0.976,50.03,4.8,0.607,0.0448,-0.0078,0.958,1.058,0,NORMAL,0
64.08,55.21,23.88,396.7,40.52,1.02,72.1,0.949,50.07,8.87,0.804,-0.0062,0.027,0.316,0.558,0,NORMAL,0
65.21,57.37,27.73,405.15,45.3,1.45,74.63,0.939,50.03,7.85,0.918,0.0539,0.0141,0.221,0.974,0,NORMAL,0
67.19,60.36,27.32,395.59,44.99,1.34,70.17,0.949,50.0,6.82,0.89,0.0676,-0.004,0.83,0.952,0,NORMAL,0
59.99,50.2,26.94,408.04,29.58,1.86,50.94,0.973,50.04,9.79,0.604,-0.0022,0.0122,0.617,1.191,0,NORMAL,0
66.66,59.74,24.79,402.91,41.75,11.5,73.22,0.928,50.11,6.92,0.841,-0.0713,0.6379,1.957,2.551,2,MECHANICAL_FAULT,1
69.14,64.1,24.05,396.91,43.38,1.57,72.59,0.966,49.97,5.04,0.861,-0.0378,0.0184,1.155,1.607,0,NORMAL,0
60.79,53.15,23.44,401.45,32.14,1.75,51.87,0.98,50.05,7.64,0.645,0.0456,0.0022,0.559,0.645,0,NORMAL,0
64.06,58.95,25.01,391.35,39.63,1.58,63.44,0.971,49.99,5.12,0.775,0.0256,0.0002,0.828,1.761,0,NORMAL,0
62.7,53.6,25.09,401.55,36.63,1.91,59.95,0.939,50.06,9.1,0.736,0.0087,0.0009,0.491,1.692,0,NORMAL,0
62.28,54.7,29.19,402.13,31.79,1.38,53.7,0.945,50.04,7.58,0.639,0.0353,-0.0254,0.222,1.713,0,NORMAL,0
60.91,53.44,23.5,393.39,32.44,1.13,55.4,0.97,50.03,7.48,0.638,-0.004,-0.0175,0.223,1.02,0,NORMAL,0
73.59,65.51,28.27,403.93,43.4,10.73,76.55,0.928,50.01,8.08,0.876,-0.0079,0.2314,1.831,2.443,2,MECHANICAL_FAULT,1
65.28,57.22,25.74,400.45,39.72,1.21,68.03,0.93,50.01,8.06,0.795,-0.0264,-0.0142,0.862,1.451,0,NORMAL,0
65.44,61.19,26.26,388.65,43.33,1.87,71.03,0.959,49.93,4.25,0.842,0.0198,0.0225,0.332,1.156,0,NORMAL,0
66.25,60.01,26.66,396.65,41.06,1.71,70.75,0.955,50.04,6.24,0.814,-0.0131,-0.018,0.337,1.587,0,NORMAL,0
64.43,57.54,26.6,397.91,37.35,2.19,65.51,0.949,49.99,6.89,0.743,-0.0057,-0.0012,0.202,1.249,0,NORMAL,0
57.95,52.93,25.77,398.21,27.3,0.92,52.26,0.963,50.04,5.03,0.544,0.0111,0.0025,0.203,0.872,0,NORMAL,0
66.53,60.45,24.41,400.87,42.61,1.83,73.28,0.967,50.03,6.08,0.854,0.0035,-0.0208,0.991,0.802,0,NORMAL,0
100.59,91.86,28.93,391.04,72.39,3.57,110.65,0.909,49.82,8.73,1.415,0.2265,0.1395,3.075,4.735,1,THERMAL_OVERLOAD,1
58.22,49.46,25.56,397.37,31.95,0.88,50.2,0.931,50.01,8.76,0.635,-0.0321,0.0193,0.534,1.32,0,NORMAL,0
67.53,62.47,24.6,398.49,36.86,1.71,63.64,0.971,50.02,5.06,0.734,-0.0243,0.0019,1.173,1.657,0,NORMAL,0
62.17,53.68,22.09,402.24,32.6,0.82,54.67,0.944,50.0,8.49,0.656,0.0394,0.0139,0.29,1.423,0,NORMAL,0
62.16,53.5,28.35,404.38,36.49,1.0,56.72,0.964,49.99,8.66,0.738,-0.0107,-0.0305,0.217,0.727,0,NORMAL,0
57.03,50.46,23.45,402.31,38.35,11.02,76.97,0.904,50.02,6.57,0.771,-0.0411,0.1686,1.226,2.334,2,MECHANICAL_FAULT,1
66.14,61.79,24.93,407.85,44.97,1.68,70.32,0.94,50.08,4.36,0.917,0.0044,-0.012,1.151,1.642,0,NORMAL,0
116.36,118.75,50.57,346.15,113.3,9.82,148.3,0.603,48.94,-2.39,1.961,1.941,0.5488,5.241,8.197,4,CRITICAL_FAILURE,1
65.28,60.59,28.31,407.04,44.03,1.81,75.64,0.971,49.96,4.69,0.896,0.0227,-0.024,0.248,1.109,0,NORMAL,0
70.91,81.35,7.26,400.64,28.35,3.43,57.81,0.799,50.22,-10.44,0.568,0.1746,0.0122,3.97,2.505,3,DIELECTRIC_FAULT,1
63.64,56.67,23.29,404.52,40.0,2.05,70.1,0.948,49.91,6.97,0.809,-0.0278,-0.0266,0.415,1.317,0,NORMAL,0
59.63,53.24,24.73,397.81,29.46,1.52,50.39,0.954,50.05,6.39,0.586,-0.0113,0.0004,0.262,0.607,0,NORMAL,0
63.69,59.17,22.78,404.71,47.89,1.97,76.32,0.956,49.91,4.52,0.969,0.0278,-0.0016,0.424,0.547,0,NORMAL,0
61.25,51.54,26.21,403.21,32.26,2.1,54.07,0.963,49.98,9.71,0.65,-0.037,0.0055,1.047,1.74,0,NORMAL,0
66.92,61.18,26.24,400.02,40.59,1.73,69.55,0.951,50.1,5.74,0.812,0.0077,-0.0002,0.513,1.63,0,NORMAL,0
66.58,62.42,25.75,404.99,42.33,1.05,67.02,0.956,50.01,4.16,0.857,-0.0308,0.015,0.952,1.802,0,NORMAL,0
61.91,55.77,21.17,400.59,33.81,1.69,60.38,0.959,49.92,6.14,0.677,-0.0087,-0.0009,0.821,1.819,0,NORMAL,0
62.05,52.32,25.34,401.0,42.78,1.0,73.76,0.973,50.0,9.72,0.858,-0.0129,-0.0001,1.172,1.948,0,NORMAL,0
97.23,104.67,31.11,403.18,61.5,3.71,96.65,0.905,49.86,-7.44,1.24,0.559,0.0027,3.127,4.99,1,THERMAL_OVERLOAD,1
82.56,84.86,43.17,398.39,32.9,3.51,51.96,0.746,50.22,-2.3,0.655,0.236,-0.0213,2.342,2.728,3,DIELECTRIC_FAULT,1
60.13,51.44,24.16,402.45,33.5,1.53,56.52,0.963,50.04,8.7,0.674,0.0426,0.017,0.97,0.646,0,NORMAL,0
65.58,58.35,22.94,403.0,44.67,0.97,72.38,0.948,50.03,7.22,0.9,0.0413,-0.0122,0.344,1.304,0,NORMAL,0
61.67,57.24,24.81,409.05,32.51,1.32,55.72,0.975,50.03,4.43,0.665,-0.0289,0.031,0.964,0.603,0,NORMAL,0
73.68,81.79,8.86,403.41,48.48,2.75,86.59,0.765,49.59,-8.11,0.978,0.3089,-0.0257,2.427,3.542,3,DIELECTRIC_FAULT,1
86.12,80.87,9.83,380.34,29.47,3.39,53.5,0.757,49.85,5.25,0.56,0.1073,0.0827,3.949,2.676,3,DIELECTRIC_FAULT,1
58.75,49.59,28.57,400.7,32.48,1.15,52.13,0.979,50.06,9.16,0.651,0.0147,-0.0245,0.811,1.544,0,NORMAL,0
62.64,56.61,26.6,396.87,32.04,1.18,54.37,0.936,50.06,6.03,0.636,-0.0096,-0.0309,0.99,0.871,0,NORMAL,0
61.41,56.75,24.8,398.82,32.76,1.18,55.06,0.964,50.0,4.66,0.653,-0.0405,0.0254,0.809,1.875,0,NORMAL,0
99.3,84.18,34.14,392.45,75.91,3.08,119.35,0.887,49.71,15.11,1.489,0.1558,-0.0618,3.466,3.862,1,THERMAL_OVERLOAD,1
72.89,66.88,23.79,391.17,35.94,9.3,67.83,0.958,50.06,6.01,0.703,0.0157,0.1558,1.883,1.254,2,MECHANICAL_FAULT,1
61.34,53.24,23.22,405.77,28.84,1.75,52.05,0.962,50.18,8.1,0.585,0.0012,0.0284,0.855,1.38,0,NORMAL,0
63.13,53.63,24.75,400.04,38.69,1.1,62.42,0.949,50.02,9.5,0.774,0.0008,-0.0477,0.784,1.956,0,NORMAL,0
77.28,70.94,23.35,404.79,43.33,7.17,83.39,0.946,49.83,6.35,0.877,-0.0374,0.4092,1.923,1.168,2,MECHANICAL_FAULT,1
61.35,56.03,26.22,405.1,40.61,1.45,67.26,0.963,50.06,5.32,0.823,-0.0141,0.0178,1.185,0.943,0,NORMAL,0
59.11,54.01,25.63,402.11,26.37,1.53,48.37,0.939,50.0,5.1,0.53,0.0288,-0.0106,0.552,1.585,0,NORMAL,0
63.83,56.34,24.74,395.02,37.16,1.38,65.75,0.945,49.99,7.49,0.734,-0.0008,0.0253,0.446,1.925,0,NORMAL,0
63.34,54.54,26.58,397.42,39.84,0.86,65.44,0.97,49.99,8.8,0.792,-0.0067,-0.005,0.677,1.093,0,NORMAL,0
103.29,85.62,27.52,391.53,79.61,2.04,122.02,0.9,49.91,17.67,1.558,0.3641,0.0136,6.253,4.521,1,THERMAL_OVERLOAD,1
61.31,51.89,24.48,402.69,29.31,1.06,47.27,0.949,49.92,9.41,0.59,-0.02,0.0007,0.915,1.315,0,NORMAL,0
76.58,69.45,30.74,399.69,41.85,11.04,75.1,0.96,49.94,7.12,0.836,-0.0237,0.3966,1.019,2.128,2,MECHANICAL_FAULT,1
71.62,77.27,48.32,380.92,39.95,2.52,74.8,0.73,49.53,-5.65,0.761,0.3197,0.0063,2.771,4.254,3,DIELECTRIC_FAULT,1
109.83,104.47,30.99,391.69,74.29,2.29,115.9,0.907,49.91,5.35,1.455,0.6628,0.0455,4.723,6.098,1,THERMAL_OVERLOAD,1
106.39,102.19,29.39,395.34,68.65,3.01,107.98,0.88,49.89,4.2,1.357,0.2474,0.0083,5.582,3.431,1,THERMAL_OVERLOAD,1
63.89,59.3,22.83,397.1,41.51,1.16,70.85,0.974,50.02,4.59,0.824,0.0214,-0.0372,0.598,0.611,0,NORMAL,0
89.17,85.17,7.01,379.69,46.68,2.35,86.2,0.795,49.68,4.0,0.886,0.283,0.0006,3.213,2.554,3,DIELECTRIC_FAULT,1
60.4,52.21,26.17,402.07,33.56,2.0,54.21,0.978,50.02,8.19,0.675,-0.0008,-0.0277,0.714,1.475,0,NORMAL,0
57.29,49.69,23.33,398.62,27.34,1.31,48.32,0.965,50.04,7.59,0.545,0.0007,0.0054,0.872,1.926,0,NORMAL,0
63.96,59.63,24.26,399.09,35.84,1.11,59.36,0.93,49.93,4.33,0.715,-0.0214,0.0104,0.32,0.601,0,NORMAL,0
83.16,89.75,6.25,382.96,28.63,2.9,54.26,0.691,50.02,-6.59,0.548,0.3963,0.0651,3.423,4.922,3,DIELECTRIC_FAULT,1
65.6,57.25,26.26,398.18,41.99,2.16,69.2,0.952,49.99,8.35,0.836,-0.0154,0.0044,0.345,1.797,0,NORMAL,0
116.3,92.78,27.36,393.94,83.66,2.54,134.46,0.939,49.84,23.52,1.648,0.3628,-0.0129,4.147,3.947,1,THERMAL_OVERLOAD,1
66.12,62.03,24.21,401.18,42.94,0.91,71.14,0.931,50.02,4.09,0.861,0.0427,0.0283,1.187,1.097,0,NORMAL,0
63.51,58.72,23.48,408.79,34.26,1.12,56.38,0.964,50.03,4.79,0.7,-0.0307,0.0015,0.622,1.988,0,NORMAL,0
62.82,57.75,21.54,402.76,33.68,1.86,53.36,0.972,49.91,5.07,0.678,0.0041,-0.0176,0.962,1.679,0,NORMAL,0
59.17,51.31,23.1,404.13,29.74,0.83,46.17,0.971,50.06,7.86,0.601,-0.0136,-0.0107,0.54,1.683,0,NORMAL,0
64.79,56.15,29.09,398.78,38.0,1.53,65.4,0.973,50.1,8.63,0.758,0.0527,-0.005,0.334,0.543,0,NORMAL,0
58.45,52.66,25.65,399.92,27.24,1.44,45.59,0.95,50.05,5.79,0.545,-0.0174,-0.0001,1.093,1.997,0,NORMAL,0
93.13,99.08,39.85,389.2,72.96,2.48,107.92,0.931,49.77,-5.94,1.42,0.2713,0.0457,5.934,5.308,1,THERMAL_OVERLOAD,1
102.24,86.83,30.41,393.8,70.02,2.16,111.83,0.906,49.98,15.42,1.379,0.2395,0.0148,4.96,4.279,1,THERMAL_OVERLOAD,1
64.86,59.97,27.54,397.13,41.21,2.18,68.81,0.974,49.98,4.89,0.818,0.0427,0.0234,0.542,1.003,0,NORMAL,0
66.35,61.21,26.11,404.39,46.6,1.07,76.49,0.945,50.05,5.14,0.942,-0.0092,-0.0194,0.404,1.466,0,NORMAL,0
59.79,54.48,25.71,397.48,46.4,6.66,81.88,0.908,50.15,5.3,0.922,0.0242,0.6411,0.987,2.396,2,MECHANICAL_FAULT,1
60.38,54.43,23.05,398.87,28.53,1.44,47.15,0.941,50.01,5.95,0.569,0.0312,0.0021,0.324,0.756,0,NORMAL,0
62.49,57.31,24.07,397.04,37.0,1.57,60.24,0.974,49.96,5.18,0.734,0.0005,0.0276,0.332,0.609,0,NORMAL,0
106.41,104.15,28.35,395.59,66.94,3.35,105.58,0.907,49.94,2.26,1.324,0.3364,-0.0347,6.189,4.711,1,THERMAL_OVERLOAD,1
113.11,103.91,31.65,390.44,78.79,2.6,128.43,0.912,49.81,9.2,1.538,0.4836,-0.0544,5.663,3.588,1,THERMAL_OVERLOAD,1
63.04,58.75,23.55,397.69,39.87,1.97,64.74,0.948,49.94,4.28,0.793,-0.0112,0.0313,0.985,1.964,0,NORMAL,0
90.66,92.37,52.58,385.3,36.46,3.72,71.99,0.824,50.01,-1.71,0.702,0.3976,0.1356,2.788,2.536,3,DIELECTRIC_FAULT,1
58.72,51.5,27.99,400.5,29.1,1.52,53.06,0.96,49.98,7.22,0.583,0.0293,0.0036,0.217,1.108,0,NORMAL,0
58.14,52.02,25.65,401.62,28.47,1.82,45.16,0.947,49.96,6.12,0.572,-0.0104,0.0209,0.768,1.596,0,NORMAL,0
61.74,55.06,22.42,402.65,31.36,1.02,51.25,0.957,49.97,6.69,0.631,-0.0083,0.0482,0.247,1.103,0,NORMAL,0
63.28,56.51,23.26,401.87,45.85,1.01,73.3,0.948,49.99,6.78,0.921,-0.0078,0.0239,0.695,1.987,0,NORMAL,0
61.6,57.3,23.14,399.82,39.11,1.91,66.51,0.933,50.0,4.3,0.782,0.0288,-0.0176,0.74,1.924,0,NORMAL,0
67.5,59.46,26.02,400.54,42.02,1.5,68.5,0.966,49.97,8.04,0.842,0.0184,-0.0229,0.652,1.828,0,NORMAL,0
62.83,57.53,25.13,405.65,34.7,1.27,60.93,0.939,50.0,5.3,0.704,-0.0279,-0.0245,0.757,0.57,0,NORMAL,0
61.53,55.23,22.05,400.53,37.59,8.76,64.49,0.945,50.08,6.3,0.753,0.0198,0.1765,1.705,2.087,2,MECHANICAL_FAULT,1
61.3,52.37,23.95,398.6,35.58,1.37,54.67,0.961,50.01,8.93,0.709,-0.0072,0.0269,1.047,0.515,0,NORMAL,0
65.58,56.94,25.61,405.45,39.94,2.07,66.33,0.952,50.01,8.64,0.81,0.0236,0.0189,0.374,1.493,0,NORMAL,0
61.99,56.71,23.19,405.2,32.12,1.55,55.69,0.972,50.08,5.28,0.651,0.04,0.0156,1.132,1.269,0,NORMAL,0
111.61,87.02,27.19,380.76,76.23,3.18,120.58,0.91,49.79,24.59,1.451,0.637,0.0461,5.008,3.721,1,THERMAL_OVERLOAD,1
93.81,82.24,27.3,393.89,81.17,2.78,124.2,0.919,49.83,11.57,1.599,0.5144,-0.038,3.265,6.332,1,THERMAL_OVERLOAD,1
64.79,58.15,23.73,403.79,38.13,0.97,65.05,0.955,50.04,6.64,0.77,-0.0366,0.0042,0.747,0.777,0,NORMAL,0
67.95,62.37,27.37,396.95,45.37,1.06,77.44,0.935,50.0,5.58,0.901,0.0004,-0.0161,1.085,0.564,0,NORMAL,0
60.98,54.25,23.04,397.73,34.06,1.83,58.02,0.93,49.96,6.73,0.677,0.043,0.0038,0.466,1.405,0,NORMAL,0
58.11,51.8,25.14,400.11,30.09,1.9,52.48,0.959,49.96,6.32,0.602,0.0007,0.0266,0.722,1.279,0,NORMAL,0
67.65,57.72,26.08,399.04,46.22,1.85,74.27,0.932,49.98,9.94,0.922,0.0,0.0189,0.949,1.916,0,NORMAL,0
62.05,55.24,24.3,396.94,40.54,1.6,65.08,0.953,49.99,6.8,0.805,0.013,-0.0154,0.592,1.611,0,NORMAL,0
59.06,50.13,26.23,394.08,27.39,1.26,50.44,0.952,50.03,8.93,0.54,0.039,-0.0183,0.506,1.392,0,NORMAL,0
64.11,54.27,28.52,398.51,42.47,1.78,74.65,0.968,50.0,9.83,0.846,-0.0388,-0.0034,0.665,1.472,0,NORMAL,0
71.52,77.38,53.97,365.19,39.76,3.0,70.46,0.724,49.3,-5.86,0.726,0.3393,-0.1304,3.69,4.931,3,DIELECTRIC_FAULT,1
64.34,54.4,25.88,403.14,45.36,1.19,75.78,0.969,49.94,9.94,0.914,-0.0339,0.0028,0.445,0.723,0,NORMAL,0
64.45,56.87,23.82,397.98,33.57,1.7,56.59,0.968,50.03,7.58,0.668,0.0509,0.0066,0.402,1.145,0,NORMAL,0
59.88,50.19,25.56,396.44,36.68,1.51,64.25,0.961,49.94,9.68,0.727,0.0033,0.0145,0.897,1.884,0,NORMAL,0
64.87,56.99,27.44,392.6,42.06,2.16,64.27,0.961,50.08,7.88,0.826,-0.0284,0.0335,0.699,1.669,0,NORMAL,0
65.03,55.28,26.41,395.47,43.97,1.11,72.42,0.951,50.03,9.75,0.869,-0.0214,-0.0202,1.197,1.133,0,NORMAL,0
62.29,53.59,26.32,404.67,34.74,1.78,61.79,0.962,50.02,8.7,0.703,-0.0563,-0.0468,0.606,1.43,0,NORMAL,0
60.61,52.23,24.17,396.1,30.29,2.04,53.26,0.95,50.01,8.38,0.6,-0.0315,-0.0005,0.494,1.655,0,NORMAL,0
66.31,60.32,22.47,400.9,42.4,0.81,70.26,0.94,49.96,5.99,0.85,-0.0295,-0.0023,0.21,0.926,0,NORMAL,0
55.88,50.06,25.91,396.9,46.99,10.35,80.08,0.952,49.92,5.81,0.932,-0.001,0.575,1.058,1.484,2,MECHANICAL_FAULT,1
60.22,53.4,24.94,399.13,28.56,1.16,47.69,0.975,50.13,6.82,0.57,-0.0068,-0.0046,1.144,1.384,0,NORMAL,0
93.36,99.74,31.56,403.98,63.28,2.37,97.32,0.939,49.94,-6.39,1.278,0.5642,0.0533,3.47,3.477,1,THERMAL_OVERLOAD,1
65.26,56.12,26.8,407.91,46.4,1.51,76.84,0.957,49.99,9.14,0.946,0.0205,0.0352,0.254,1.341,0,NORMAL,0
62.91,54.45,24.56,396.3,35.73,1.93,59.38,0.953,49.95,8.46,0.708,-0.0134,0.0193,1.158,0.814,0,NORMAL,0
62.31,56.82,20.85,394.4,30.9,1.52,54.12,0.976,49.93,5.49,0.609,-0.0141,0.0168,1.142,1.83,0,NORMAL,0
63.88,59.6,24.87,397.3,39.46,0.96,70.0,0.939,50.06,4.28,0.784,0.0004,-0.0084,0.273,1.353,0,NORMAL,0
62.89,53.77,25.73,402.23,42.08,1.68,67.31,0.97,49.96,9.12,0.846,0.0299,-0.0042,0.66,1.86,0,NORMAL,0
60.7,51.69,25.15,405.57,36.39,1.25,57.14,0.939,50.0,9.01,0.738,-0.0151,-0.031,0.845,0.762,0,NORMAL,0
69.57,60.32,24.06,404.66,45.48,1.79,77.29,0.933,50.05,9.26,0.92,0.0215,-0.0012,0.474,0.575,0,NORMAL,0
63.07,56.14,27.42,393.21,40.76,1.45,70.67,0.945,49.98,6.93,0.801,0.0156,0.0081,0.62,1.502,0,NORMAL,0
65.1,57.84,23.5,392.15,35.91,2.03,59.78,0.957,50.03,7.26,0.704,-0.0131,-0.0282,0.824,1.037,0,NORMAL,0
60.52,53.55,26.4,403.4,41.44,6.79,70.67,0.957,50.11,6.97,0.836,0.0761,0.4015,1.138,1.401,2,MECHANICAL_FAULT,1
103.86,92.3,35.05,395.12,68.09,2.55,106.54,0.918,49.92,11.56,1.345,0.4509,0.1174,6.305,6.452,1,THERMAL_OVERLOAD,1
64.4,58.6,26.33,404.38,42.54,1.84,68.17,0.941,50.0,5.8,0.86,0.0261,0.0201,0.512,1.945,0,NORMAL,0
61.73,54.61,23.96,386.04,41.91,11.78,72.54,0.91,50.01,7.13,0.809,-0.003,0.1417,1.458,2.74,2,MECHANICAL_FAULT,1
116.67,106.66,51.19,339.57,90.62,13.02,154.27,0.682,48.77,10.01,1.539,1.5224,0.5531,11.442,13.471,4,CRITICAL_FAILURE,1
69.4,61.19,25.94,402.42,43.6,1.91,71.88,0.976,49.98,8.22,0.877,-0.0037,0.0283,0.413,1.715,0,NORMAL,0
66.7,57.96,24.04,397.24,44.26,0.86,75.58,0.961,50.0,8.73,0.879,-0.0082,0.0269,0.755,1.7,0,NORMAL,0
115.84,99.37,33.81,388.96,69.74,2.7,113.99,0.918,49.92,16.47,1.356,0.6302,-0.0185,2.894,5.047,1,THERMAL_OVERLOAD,1
64.53,59.03,24.33,404.9,32.13,0.87,57.67,0.955,50.01,5.5,0.65,-0.0209,-0.0108,1.031,0.798,0,NORMAL,0
66.45,61.66,25.79,403.47,46.72,1.8,71.35,0.952,49.99,4.79,0.942,-0.0026,-0.0443,0.452,1.542,0,NORMAL,0
66.74,58.29,26.0,403.67,39.69,0.92,60.17,0.951,49.92,8.46,0.801,0.0248,0.0214,1.191,0.917,0,NORMAL,0
106.8,95.25,25.24,394.63,79.38,3.06,121.73,0.902,49.84,11.55,1.566,0.7478,0.0215,5.846,3.11,1,THERMAL_OVERLOAD,1
65.86,56.83,26.74,398.39,41.08,1.77,67.65,0.956,49.93,9.02,0.818,-0.03,-0.0136,0.233,0.956,0,NORMAL,0
64.11,54.35,24.37,403.51,42.2,1.01,67.06,0.962,50.03,9.76,0.851,-0.0281,-0.0006,0.878,1.344,0,NORMAL,0
72.5,63.57,28.1,398.77,41.48,11.86,76.25,0.923,50.06,8.93,0.827,0.0016,0.3457,1.59,1.513,2,MECHANICAL_FAULT,1
63.47,56.59,26.89,398.01,30.74,1.11,53.87,0.955,50.04,6.88,0.612,0.0363,-0.0133,0.822,1.214,0,NORMAL,0
62.89,58.34,27.09,405.19,30.16,1.98,54.17,0.939,50.03,4.54,0.611,-0.0229,-0.0037,0.536,1.758,0,NORMAL,0
56.78,50.1,26.52,394.06,28.84,1.1,45.67,0.933,49.89,6.67,0.568,0.0072,0.0131,0.343,0.503,0,NORMAL,0
65.81,57.45,26.23,402.04,38.89,0.97,67.06,0.979,49.99,8.35,0.782,0.0163,0.0189,0.695,1.399,0,NORMAL,0
62.65,58.5,28.74,400.87,39.18,1.82,64.12,0.978,49.9,4.15,0.785,-0.0116,0.0352,0.201,1.831,0,NORMAL,0
106.06,83.62,32.04,394.37,78.36,2.01,126.99,0.899,50.08,22.44,1.545,0.6751,0.0302,2.814,4.415,1,THERMAL_OVERLOAD,1
110.99,91.43,28.01,393.98,74.39,2.97,113.88,0.938,49.92,19.56,1.466,0.3064,-0.0148,4.117,5.719,1,THERMAL_OVERLOAD,1
63.57,57.49,29.86,389.93,39.36,10.54,69.98,0.938,50.02,6.08,0.767,0.0962,0.3943,1.969,2.053,2,MECHANICAL_FAULT,1
67.33,59.28,25.91,399.17,36.12,5.63,63.8,0.902,49.92,8.05,0.721,0.072,0.2945,1.416,2.369,2,MECHANICAL_FAULT,1
106.91,94.8,33.34,405.61,63.1,2.88,98.77,0.918,49.92,12.1,1.28,0.1926,0.0594,4.782,5.097,1,THERMAL_OVERLOAD,1
63.92,59.29,25.59,400.68,34.64,1.15,57.12,0.946,49.96,4.62,0.694,-0.016,-0.0046,1.163,1.375,0,NORMAL,0
62.73,58.1,24.13,398.53,36.43,2.14,61.25,0.944,50.05,4.64,0.726,-0.0039,0.0205,0.906,1.743,0,NORMAL,0
65.24,60.15,27.76,397.31,45.32,1.35,74.8,0.962,50.1,5.08,0.9,-0.0426,-0.0238,0.631,1.255,0,NORMAL,0
60.7,56.28,26.01,396.25,32.37,2.16,51.65,0.944,50.01,4.42,0.641,0.0084,-0.0276,0.401,0.944,0,NORMAL,0
64.42,54.46,26.79,398.49,39.79,2.01,67.15,0.944,50.09,9.96,0.793,0.0684,-0.0124,0.611,1.141,0,NORMAL,0
61.53,54.73,26.78,397.07,31.79,1.86,54.62,0.938,49.86,6.8,0.631,-0.015,-0.0105,1.028,0.756,0,NORMAL,0
116.14,104.52,58.36,357.55,88.73,12.45,138.93,0.672,49.12,11.62,1.586,1.1445,1.1987,10.524,14.13,4,CRITICAL_FAILURE,1
103.57,83.67,36.58,392.38,78.31,3.75,121.32,0.91,50.03,19.9,1.536,0.6345,-0.0346,5.078,3.563,1,THERMAL_OVERLOAD,1
67.14,58.89,24.11,396.9,42.09,2.02,70.21,0.932,50.02,8.25,0.835,0.0528,0.0006,0.74,0.578,0,NORMAL,0
65.99,59.69,23.93,397.45,35.22,8.48,71.47,0.926,49.86,6.3,0.7,0.0934,0.1504,1.774,1.457,2,MECHANICAL_FAULT,1
63.46,57.82,23.85,409.12,39.93,0.96,67.12,0.947,49.98,5.64,0.817,0.0171,0.0278,0.303,1.778,0,NORMAL,0
62.47,55.45,23.74,400.5,39.01,1.99,65.07,0.977,50.0,7.02,0.781,0.0141,0.0282,0.666,0.728,0,NORMAL,0
67.74,62.16,25.57,395.16,34.71,7.07,66.13,0.935,49.86,5.58,0.686,0.0215,0.608,1.844,1.733,2,MECHANICAL_FAULT,1
59.33,55.33,26.03,402.89,35.21,1.92,55.77,0.971,49.98,4.0,0.709,0.0066,0.0247,0.59,0.797,0,NORMAL,0
116.06,100.52,42.34,391.99,87.4,3.64,131.46,0.883,50.01,15.54,1.713,0.6652,-0.0996,5.568,4.065,1,THERMAL_OVERLOAD,1
60.13,50.78,25.38,398.87,28.15,1.45,48.22,0.943,50.02,9.35,0.561,0.0047,0.0018,0.359,1.199,0,NORMAL,0
65.14,56.76,24.66,401.58,39.88,1.62,67.54,0.979,50.05,8.38,0.801,0.0272,0.0014,0.283,0.787,0,NORMAL,0
65.83,58.38,24.36,397.86,44.56,1.95,74.12,0.956,49.9,7.46,0.886,-0.0539,0.0026,0.993,1.61,0,NORMAL,0
63.62,56.74,25.69,405.09,34.66,2.02,54.9,0.948,50.01,6.88,0.702,0.0134,0.0085,0.733,0.707,0,NORMAL,0
66.92,58.82,25.28,401.69,43.13,1.26,73.29,0.955,50.01,8.1,0.866,0.0664,-0.0072,1.002,1.792,0,NORMAL,0
64.44,59.63,24.61,400.77,39.96,0.91,68.66,0.971,49.96,4.81,0.801,0.0713,-0.0201,0.777,1.967,0,NORMAL,0
66.89,59.17,24.72,400.28,41.63,1.12,67.12,0.943,49.96,7.73,0.833,0.0411,0.0004,0.944,1.386,0,NORMAL,0
131.89,98.74,62.87,352.91,116.63,14.44,133.56,0.695,48.36,33.15,2.058,1.4175,0.5552,11.755,12.379,4,CRITICAL_FAILURE,1
98.88,101.29,27.56,390.35,89.79,2.42,131.69,0.937,50.04,-2.41,1.752,0.8482,-0.1111,5.98,6.616,1,THERMAL_OVERLOAD,1
65.12,60.29,26.38,398.6,46.53,1.36,76.31,0.972,49.94,4.83,0.927,0.0651,0.0014,0.797,1.457,0,NORMAL,0
62.15,56.88,26.02,402.88,34.98,1.28,60.33,0.946,49.96,5.27,0.705,0.0177,-0.0076,0.857,1.481,0,NORMAL,0
65.71,57.86,28.21,392.73,45.07,1.34,76.26,0.939,50.01,7.84,0.885,-0.0563,-0.0324,0.621,1.543,0,NORMAL,0
95.68,99.88,29.24,396.01,72.77,2.72,109.63,0.92,50.03,-4.2,1.441,0.7326,0.0309,2.773,4.18,1,THERMAL_OVERLOAD,1
62.49,56.95,26.59,401.32,36.32,1.44,58.09,0.979,49.9,5.55,0.729,-0.0027,-0.0261,0.276,0.693,0,NORMAL,0
91.05,97.75,30.46,396.53,82.64,2.22,131.25,0.911,49.93,-6.7,1.639,0.431,0.0074,2.562,5.513,1,THERMAL_OVERLOAD,1
113.04,101.61,30.75,392.91,69.98,3.47,111.58,0.932,49.85,11.43,1.375,0.2002,0.0117,6.213,4.415,1,THERMAL_OVERLOAD,1
66.81,56.94,25.04,405.92,41.7,1.85,70.24,0.952,49.93,9.87,0.846,-0.0467,0.0148,0.338,1.01,0,NORMAL,0
134.84,99.1,62.12,358.19,102.71,12.1,123.21,0.712,48.71,35.74,1.839,1.9868,0.7828,6.176,13.019,4,CRITICAL_FAILURE,1
61.7,56.54,24.78,401.79,35.06,1.02,57.83,0.962,50.0,5.16,0.704,0.0429,-0.005,0.532,1.953,0,NORMAL,0
64.44,56.26,23.47,398.26,44.0,2.05,69.69,0.938,49.97,8.18,0.876,-0.0259,-0.0376,0.676,1.042,0,NORMAL,0
66.94,57.7,26.7,398.1,39.82,1.84,60.98,0.955,50.11,9.24,0.793,-0.0176,-0.04,0.216,0.761,0,NORMAL,0
60.48,52.19,27.12,392.43,34.5,0.99,54.53,0.945,50.02,8.3,0.677,-0.0108,0.0146,1.143,1.292,0,NORMAL,0
124.79,107.17,51.55,335.36,124.99,10.31,154.5,0.644,48.93,17.62,2.096,1.1325,0.6046,11.202,6.309,4,CRITICAL_FAILURE,1
63.31,55.91,22.65,397.79,36.64,2.09,60.47,0.961,49.99,7.41,0.729,-0.0338,0.0261,1.063,0.771,0,NORMAL,0
111.77,87.54,33.71,398.19,62.35,3.76,95.32,0.884,49.85,24.22,1.241,0.1974,-0.0833,4.819,5.238,1,THERMAL_OVERLOAD,1
65.85,58.35,24.85,398.94,38.24,1.06,65.69,0.962,50.04,7.5,0.763,-0.0018,0.01,0.882,1.975,0,NORMAL,0
61.59,52.08,23.52,398.94,34.77,0.91,59.17,0.951,50.05,9.51,0.694,0.0023,-0.0035,0.847,1.026,0,NORMAL,0
65.09,56.1,23.19,393.94,41.09,1.85,66.25,0.942,50.05,8.99,0.809,-0.0228,0.007,0.892,0.858,0,NORMAL,0
84.08,86.26,8.6,357.0,48.01,3.32,82.27,0.767,50.11,-2.18,0.857,0.2372,0.1564,3.514,3.456,3,DIELECTRIC_FAULT,1
65.99,59.04,23.38,400.49,32.89,7.24,61.43,0.94,50.05,6.95,0.659,-0.0633,0.4494,0.904,2.58,2,MECHANICAL_FAULT,1
64.78,54.96,25.9,394.42,39.96,1.0,67.58,0.959,50.03,9.82,0.788,-0.0184,-0.0065,1.112,0.792,0,NORMAL,0
61.57,55.37,23.76,404.06,41.3,1.11,69.28,0.957,49.96,6.2,0.834,-0.0245,-0.017,0.295,1.083,0,NORMAL,0
63.53,57.44,25.68,410.38,28.5,1.22,48.09,0.947,49.99,6.08,0.585,-0.0384,0.0312,0.702,1.195,0,NORMAL,0
106.03,93.44,40.45,394.49,66.1,3.36,95.44,0.901,49.99,12.6,1.304,0.5122,0.0011,3.575,6.68,1,THERMAL_OVERLOAD,1
64.45,59.62,25.07,399.93,34.07,1.15,53.75,0.967,49.98,4.83,0.681,-0.0305,-0.0164,0.908,1.052,0,NORMAL,0
105.71,90.59,23.81,390.67,62.2,3.42,96.77,0.902,49.89,15.12,1.215,0.4509,0.0422,5.067,3.388,1,THERMAL_OVERLOAD,1
65.35,58.13,23.61,407.01,38.67,1.73,65.01,0.94,50.01,7.23,0.787,0.0085,-0.0491,0.887,1.614,0,NORMAL,0
62.42,55.92,25.21,397.35,34.11,1.03,57.48,0.979,49.97,6.5,0.678,0.0249,0.0042,1.129,1.245,0,NORMAL,0
88.72,104.44,22.97,392.0,83.17,3.63,124.26,0.907,49.74,-15.72,1.63,0.491,0.0297,3.799,4.792,1,THERMAL_OVERLOAD,1
117.42,109.52,64.62,346.91,118.02,15.21,127.77,0.691,48.75,7.9,2.047,1.5213,1.0327,11.117,7.319,4,CRITICAL_FAILURE,1
99.48,94.63,30.79,399.94,70.04,2.67,100.59,0.929,50.08,4.85,1.401,0.8422,0.0357,4.682,4.792,1,THERMAL_OVERLOAD,1
58.88,53.92,25.54,395.01,25.48,1.91,45.65,0.961,50.01,4.96,0.503,-0.0141,-0.0199,0.97,1.716,0,NORMAL,0
67.35,62.38,25.15,396.9,45.72,2.06,76.26,0.936,50.07,4.97,0.907,-0.005,0.0099,1.061,1.503,0,NORMAL,0
61.09,53.43,24.39,389.04,33.83,1.2,55.68,0.959,50.0,7.66,0.658,-0.0363,-0.013,0.537,0.702,0,NORMAL,0
112.37,108.63,56.27,340.89,105.89,8.92,141.29,0.753,49.02,3.74,1.805,1.2717,0.6694,8.493,7.993,4,CRITICAL_FAILURE,1
117.71,109.43,48.91,338.0,116.52,9.64,142.01,0.611,48.95,8.28,1.969,1.0499,0.7381,9.706,14.698,4,CRITICAL_FAILURE,1
61.89,54.54,22.0,398.38,33.09,1.95,52.08,0.95,50.02,7.35,0.659,-0.0071,0.008,0.293,0.524,0,NORMAL,0
69.22,60.26,24.5,398.45,45.51,1.22,74.05,0.962,49.97,8.95,0.907,0.072,-0.0381,0.51,1.322,0,NORMAL,0
129.1,117.08,50.89,334.04,119.53,12.09,132.58,0.76,49.16,12.02,1.996,1.817,1.1527,11.559,14.817,4,CRITICAL_FAILURE,1
66.59,57.37,24.55,399.81,42.37,0.86,73.12,0.932,49.93,9.22,0.847,0.0621,0.0485,0.949,1.013,0,NORMAL,0
64.16,55.23,23.24,404.24,39.23,1.07,65.2,0.935,49.95,8.93,0.793,-0.0477,-0.0154,0.451,1.523,0,NORMAL,0
109.02,114.23,56.24,351.37,118.07,14.9,123.91,0.747,49.14,-5.21,2.074,0.7129,0.9682,7.64,12.984,4,CRITICAL_FAILURE,1
64.65,57.55,23.84,400.66,30.66,8.39,65.75,0.951,50.17,7.1,0.614,0.0198,0.1303,1.583,1.482,2,MECHANICAL_FAULT,1
108.17,104.93,34.01,385.97,60.45,2.73,95.21,0.922,49.89,3.24,1.167,0.2658,0.0737,3.78,3.421,1,THERMAL_OVERLOAD,1
62.05,54.05,25.76,400.5,39.34,1.67,65.37,0.96,50.16,8.0,0.788,-0.0337,0.0049,0.398,1.708,0,NORMAL,0
65.13,56.64,29.11,400.7,44.88,1.02,67.34,0.964,49.94,8.49,0.899,0.0167,-0.0184,0.43,0.676,0,NORMAL,0
59.54,54.64,24.27,398.47,34.29,1.33,62.01,0.974,49.95,4.9,0.683,0.0016,0.0117,0.919,1.903,0,NORMAL,0
62.07,56.69,24.11,401.41,37.42,0.99,60.91,0.946,50.0,5.38,0.751,0.0217,-0.0057,0.942,1.958,0,NORMAL,0
75.7,91.66,8.36,366.05,42.12,3.38,81.77,0.722,49.73,-15.96,0.771,0.3844,0.0702,3.101,2.591,3,DIELECTRIC_FAULT,1
60.17,51.86,21.17,402.38,34.82,1.13,59.05,0.965,50.03,8.31,0.7,0.0051,0.0005,0.474,1.872,0,NORMAL,0
64.84,60.46,27.0,405.24,41.55,1.04,72.32,0.93,50.02,4.38,0.842,0.0327,0.0374,0.854,1.348,0,NORMAL,0
65.77,58.49,25.28,402.65,45.03,1.55,76.87,0.94,50.05,7.28,0.907,-0.0329,-0.0295,0.96,1.008,0,NORMAL,0
61.5,56.39,26.76,406.2,31.27,1.79,52.33,0.971,50.03,5.11,0.635,-0.0577,-0.0092,0.6,1.627,0,NORMAL,0
122.26,102.4,56.44,342.01,105.57,15.23,156.97,0.666,48.94,19.85,1.805,1.5347,0.6091,8.722,13.673,4,CRITICAL_FAILURE,1
59.01,54.97,27.46,398.12,24.55,2.14,46.8,0.952,50.03,4.04,0.489,0.0206,-0.0083,1.044,1.437,0,NORMAL,0
131.27,109.93,56.31,351.64,107.63,12.82,137.42,0.76,48.85,21.34,1.892,1.7811,0.9756,11.465,13.352,4,CRITICAL_FAILURE,1
64.32,56.89,23.7,400.71,44.17,1.77,73.28,0.949,49.93,7.43,0.885,0.0684,-0.0114,1.089,1.027,0,NORMAL,0
104.28,97.3,32.44,401.55,71.89,3.36,109.77,0.933,49.96,6.98,1.443,0.3048,0.0505,5.177,6.881,1,THERMAL_OVERLOAD,1
56.37,48.25,20.75,400.06,24.24,1.77,45.72,0.944,50.03,8.12,0.485,0.0185,0.0295,0.99,1.977,0,NORMAL,0
69.18,59.31,21.57,390.47,46.78,2.2,76.52,0.969,49.99,9.87,0.913,-0.077,-0.0088,0.212,1.281,0,NORMAL,0
67.01,61.22,25.0,400.12,42.79,1.91,71.67,0.965,49.96,5.8,0.856,-0.0482,-0.0153,0.432,0.922,0,NORMAL,0
114.1,104.3,30.11,400.93,74.48,2.03,119.32,0.932,49.91,9.79,1.493,0.4403,-0.0184,6.18,4.621,1,THERMAL_OVERLOAD,1
76.15,67.21,23.0,400.08,35.1,8.89,64.73,0.91,49.93,8.94,0.702,0.0025,0.2235,1.001,2.545,2,MECHANICAL_FAULT,1
64.84,57.28,27.53,398.83,40.67,1.86,64.86,0.98,50.02,7.56,0.811,-0.0258,-0.0068,0.773,1.646,0,NORMAL,0
99.38,104.92,33.48,396.4,79.58,2.04,123.76,0.893,49.89,-5.54,1.577,0.5722,0.0242,4.748,5.826,1,THERMAL_OVERLOAD,1
69.41,62.08,26.75,389.17,41.08,9.65,74.25,0.956,49.92,7.33,0.799,0.0895,0.5498,0.927,2.393,2,MECHANICAL_FAULT,1
71.61,63.39,28.66,395.24,41.85,11.56,77.23,0.956,49.99,8.22,0.827,-0.0447,0.505,1.585,1.785,2,MECHANICAL_FAULT,1
64.27,56.69,26.49,399.74,42.12,1.5,66.52,0.979,50.04,7.58,0.842,-0.0223,-0.0168,1.144,0.529,0,NORMAL,0
60.49,54.11,25.51,396.24,30.19,1.74,48.28,0.94,50.03,6.38,0.598,-0.0093,0.0065,0.621,1.839,0,NORMAL,0
60.11,54.28,24.68,406.54,35.22,1.88,58.1,0.953,50.11,5.83,0.716,0.0038,0.02,1.19,0.674,0,NORMAL,0
66.72,58.38,26.93,398.85,37.06,11.25,67.41,0.942,50.01,8.34,0.739,0.0028,0.5555,1.454,2.87,2,MECHANICAL_FAULT,1
59.33,49.62,25.37,396.02,32.51,2.06,55.33,0.932,50.07,9.72,0.644,0.0091,0.0031,0.606,0.795,0,NORMAL,0
64.43,54.54,26.65,397.16,36.58,0.81,58.14,0.962,50.02,9.9,0.726,0.0058,0.0011,0.207,0.517,0,NORMAL,0
56.68,51.51,21.99,399.12,27.79,1.09,49.62,0.956,50.04,5.18,0.555,-0.0093,-0.015,1.003,1.358,0,NORMAL,0
62.54,54.11,25.66,399.8,40.06,1.74,67.15,0.936,50.05,8.43,0.801,-0.0222,0.0173,1.134,1.58,0,NORMAL,0
100.33,92.44,33.03,401.59,72.81,3.34,112.81,0.923,50.01,7.89,1.462,0.8063,-0.0374,3.314,6.431,1,THERMAL_OVERLOAD,1
103.83,85.9,34.42,399.58,78.41,2.63,117.69,0.927,49.73,17.93,1.567,0.4113,0.0324,5.293,4.013,1,THERMAL_OVERLOAD,1
69.39,60.46,23.11,396.73,44.98,1.05,69.78,0.965,49.99,8.93,0.892,0.0432,-0.0123,0.557,1.004,0,NORMAL,0
63.91,56.58,25.32,400.38,36.91,1.64,61.03,0.979,49.99,7.33,0.739,0.0024,0.0097,0.996,1.376,0,NORMAL,0
64.25,55.85,24.34,403.77,42.52,1.67,67.37,0.974,49.93,8.41,0.858,0.0408,-0.0039,0.983,1.122,0,NORMAL,0
92.43,96.54,30.34,383.05,65.08,3.93,97.9,0.919,50.03,-4.11,1.246,0.2503,-0.0263,4.82,4.878,1,THERMAL_OVERLOAD,1
69.33,60.35,27.03,401.64,47.68,0.94,77.03,0.978,49.89,8.98,0.958,-0.0069,-0.0616,0.635,0.94,0,NORMAL,0
72.95,64.44,25.78,395.04,38.73,7.35,61.17,0.953,50.22,8.51,0.765,-0.0126,0.3378,1.372,2.817,2,MECHANICAL_FAULT,1
95.25,101.19,27.1,392.39,67.2,3.4,107.88,0.924,49.97,-5.93,1.318,0.572,-0.0188,4.654,4.122,1,THERMAL_OVERLOAD,1
64.33,60.24,23.76,399.29,41.97,0.96,64.0,0.967,50.01,4.09,0.838,0.0235,-0.028,1.117,0.975,0,NORMAL,0
85.92,85.09,47.99,397.72,29.36,3.3,63.63,0.752,49.92,0.83,0.584,0.1173,-0.0559,3.404,3.357,3,DIELECTRIC_FAULT,1
59.54,52.28,27.46,400.12,34.55,1.46,59.51,0.932,49.96,7.26,0.691,-0.0113,0.0181,1.196,1.916,0,NORMAL,0
63.4,58.14,22.54,399.67,36.98,0.87,63.04,0.972,49.98,5.26,0.739,0.0177,-0.032,0.637,1.39,0,NORMAL,0
62.91,58.41,24.76,399.64,32.19,1.7,57.05,0.979,50.0,4.5,0.643,0.0124,-0.0086,1.09,1.868,0,NORMAL,0
67.98,63.07,22.42,405.99,48.18,2.04,77.38,0.939,50.08,4.91,0.978,0.0911,-0.0327,1.074,1.166,0,NORMAL,0
68.55,60.1,23.96,408.26,36.83,10.66,70.53,0.914,49.95,8.45,0.752,0.0245,0.1634,0.825,2.526,2,MECHANICAL_FAULT,1
60.59,55.91,24.23,397.89,28.69,1.79,45.59,0.957,49.99,4.68,0.571,-0.0105,-0.0004,0.501,1.398,0,NORMAL,0
106.96,96.98,26.99,390.83,77.41,3.88,127.69,0.893,49.99,9.98,1.513,0.4119,0.0369,5.813,6.245,1,THERMAL_OVERLOAD,1
59.1,49.53,24.73,401.95,33.46,1.37,51.66,0.949,50.08,9.57,0.673,-0.0501,0.024,0.426,1.404,0,NORMAL,0
58.59,51.82,24.24,388.33,32.11,1.77,51.78,0.978,49.97,6.77,0.623,0.0133,-0.0074,0.336,0.876,0,NORMAL,0
60.0,52.9,24.61,397.61,30.37,2.02,48.68,0.942,50.02,7.1,0.604,0.0423,0.0167,0.226,1.295,0,NORMAL,0
69.28,63.02,23.57,400.79,39.32,0.91,69.23,0.95,49.92,6.26,0.788,0.0212,-0.0034,0.567,0.687,0,NORMAL,0
87.31,87.66,56.34,410.79,46.46,2.08,81.85,0.724,49.65,-0.35,0.954,0.375,0.0093,3.925,4.596,3,DIELECTRIC_FAULT,1
58.57,50.48,20.82,390.07,46.49,10.21,81.24,0.906,50.0,8.09,0.907,0.0172,0.3604,1.733,1.175,2,MECHANICAL_FAULT,1
63.53,54.68,25.72,393.6,44.09,0.99,73.02,0.965,50.01,8.85,0.868,0.0343,0.0113,0.225,1.739,0,NORMAL,0
87.68,78.58,6.86,385.52,38.16,2.41,72.84,0.772,49.95,9.1,0.736,0.3815,0.0935,3.71,2.315,3,DIELECTRIC_FAULT,1
61.94,53.32,25.23,394.77,33.17,1.97,55.45,0.963,49.95,8.63,0.655,-0.0137,0.0123,0.896,1.184,0,NORMAL,0
63.89,59.13,24.74,408.83,36.13,1.95,62.42,0.937,50.1,4.76,0.739,0.0068,-0.002,0.753,1.894,0,NORMAL,0
62.58,53.79,20.67,387.27,35.1,5.76,61.91,0.949,49.91,8.79,0.68,-0.0076,0.2645,1.882,2.65,2,MECHANICAL_FAULT,1
65.02,58.7,24.32,400.33,35.07,1.64,59.08,0.94,50.04,6.33,0.702,-0.0043,0.0179,1.102,1.916,0,NORMAL,0
61.95,54.88,22.69,400.74,36.21,0.97,58.78,0.945,49.96,7.07,0.726,-0.0438,-0.0541,0.783,1.044,0,NORMAL,0
65.61,61.07,23.69,394.26,46.25,2.15,72.31,0.97,49.92,4.54,0.912,-0.0066,-0.0039,0.361,1.345,0,NORMAL,0
59.9,55.21,27.63,404.39,36.67,1.31,62.08,0.972,49.95,4.69,0.741,0.0526,-0.0073,0.307,1.769,0,NORMAL,0
105.39,95.63,34.82,384.03,57.64,3.81,97.35,0.933,49.98,9.76,1.107,0.1522,0.0487,2.562,4.834,1,THERMAL_OVERLOAD,1
62.99,56.75,25.99,398.24,41.97,7.52,80.56,0.919,49.94,6.23,0.836,0.0111,0.4557,1.482,1.924,2,MECHANICAL_FAULT,1
63.38,59.38,19.92,397.7,37.88,2.04,63.99,0.93,49.99,4.0,0.753,0.0461,-0.0292,0.807,1.306,0,NORMAL,0
90.19,82.69,27.23,392.67,76.41,3.49,114.58,0.901,49.87,7.5,1.5,0.333,-0.041,3.699,5.272,1,THERMAL_OVERLOAD,1
71.42,63.32,29.69,401.9,40.25,10.56,75.78,0.951,50.09,8.1,0.809,-0.0218,0.6217,1.241,2.555,2,MECHANICAL_FAULT,1
68.37,61.25,29.81,398.47,46.8,1.34,77.92,0.953,50.03,7.11,0.932,0.0056,0.0212,1.063,1.278,0,NORMAL,0
74.46,66.52,27.29,395.54,44.01,8.2,78.67,0.942,50.03,7.94,0.87,0.0951,0.3549,0.922,1.003,2,MECHANICAL_FAULT,1
89.13,80.88,55.34,359.09,40.12,3.09,79.01,0.781,50.0,8.25,0.72,0.3226,0.0714,2.935,4.817,3,DIELECTRIC_FAULT,1
60.35,52.21,20.43,399.23,27.24,0.86,48.98,0.97,49.97,8.14,0.544,0.0064,-0.0022,1.006,1.622,0,NORMAL,0
67.2,59.92,26.1,395.75,45.2,2.15,75.23,0.948,49.97,7.29,0.894,-0.0582,-0.0322,0.485,1.691,0,NORMAL,0
88.0,85.14,29.03,395.36,81.29,3.24,120.49,0.932,49.94,2.86,1.607,0.1742,-0.0228,3.727,6.94,1,THERMAL_OVERLOAD,1
68.64,63.37,25.5,399.5,43.99,1.19,73.07,0.947,50.02,5.27,0.879,-0.007,0.0393,0.281,0.712,0,NORMAL,0
64.83,58.38,25.21,404.33,44.89,1.32,73.45,0.943,50.0,6.45,0.907,0.0538,-0.0104,1.051,1.243,0,NORMAL,0
119.39,106.92,60.36,344.46,107.16,13.11,129.64,0.688,48.92,12.47,1.846,0.9925,1.1135,7.689,8.948,4,CRITICAL_FAILURE,1
123.47,106.0,53.33,357.95,113.26,11.44,133.12,0.718,48.53,17.46,2.027,1.305,1.0072,6.664,12.449,4,CRITICAL_FAILURE,1
67.43,59.15,25.21,402.25,46.43,0.96,75.88,0.941,50.04,8.29,0.934,0.0006,0.0237,1.183,0.676,0,NORMAL,0
66.48,57.7,25.69,400.08,47.05,1.03,77.71,0.957,50.04,8.78,0.941,0.0075,0.0072,1.134,0.634,0,NORMAL,0
63.37,53.58,28.17,399.01,37.67,1.57,61.78,0.946,50.0,9.79,0.752,-0.0271,-0.0314,0.85,1.643,0,NORMAL,0
57.75,48.42,29.55,403.19,28.68,1.06,47.49,0.97,49.96,9.33,0.578,-0.0261,-0.0002,0.759,1.254,0,NORMAL,0
59.29,51.81,20.57,407.33,28.62,1.23,47.54,0.949,50.0,7.48,0.583,-0.0339,0.0076,0.971,1.363,0,NORMAL,0
59.69,52.21,26.36,397.29,34.05,1.75,56.89,0.973,50.07,7.48,0.676,-0.0139,-0.0129,0.702,1.038,0,NORMAL,0
62.59,53.16,26.13,393.35,37.73,2.09,62.64,0.957,49.95,9.42,0.742,-0.0928,-0.0089,0.208,1.165,0,NORMAL,0
65.02,57.01,26.76,397.31,44.2,1.76,72.92,0.965,49.99,8.01,0.878,0.0269,0.0055,0.263,1.001,0,NORMAL,0
63.43,54.79,23.67,399.54,37.9,1.8,63.64,0.961,49.98,8.64,0.757,0.0221,-0.0048,0.601,1.108,0,NORMAL,0
58.08,49.29,24.07,399.08,28.95,1.26,52.57,0.945,49.98,8.79,0.578,-0.0106,-0.0154,0.874,0.594,0,NORMAL,0
71.14,63.48,25.89,398.16,38.85,6.64,69.57,0.951,49.96,7.65,0.773,0.0432,0.205,0.901,1.495,2,MECHANICAL_FAULT,1
63.78,55.63,26.13,401.22,41.72,1.12,70.75,0.942,50.14,8.15,0.837,0.0044,0.0303,1.136,1.996,0,NORMAL,0
115.2,102.69,29.47,386.54,72.42,3.29,107.83,0.937,49.87,12.51,1.4,0.5056,0.0754,4.198,5.724,1,THERMAL_OVERLOAD,1
62.69,57.7,25.15,394.53,30.71,1.17,49.39,0.972,49.97,4.99,0.606,0.039,-0.0186,0.74,1.312,0,NORMAL,0
66.63,61.61,26.68,403.48,38.84,2.14,66.21,0.947,50.05,5.01,0.784,0.0247,-0.0218,0.476,0.851,0,NORMAL,0
61.16,53.27,24.25,406.33,37.25,2.14,63.72,0.961,49.99,7.89,0.757,0.0114,-0.0018,0.853,0.941,0,NORMAL,0
110.33,102.22,33.28,401.35,73.78,3.79,116.35,0.93,50.07,8.11,1.481,0.3648,-0.0253,3.794,4.601,1,THERMAL_OVERLOAD,1
67.08,62.76,23.94,395.88,36.84,2.05,59.27,0.942,50.05,4.32,0.729,0.0182,-0.0406,1.178,0.918,0,NORMAL,0
108.1,93.0,32.91,394.22,79.38,3.26,122.35,0.88,49.87,15.1,1.565,0.7754,0.0007,2.662,5.279,1,THERMAL_OVERLOAD,1
66.57,61.87,23.6,404.44,41.11,1.84,73.2,0.97,49.94,4.7,0.831,0.0044,-0.0135,0.423,1.206,0,NORMAL,0
66.73,57.37,29.94,399.58,46.95,1.71,76.39,0.934,49.98,9.36,0.938,-0.0226,-0.0288,0.882,0.854,0,NORMAL,0
68.0,63.02,22.06,398.05,45.68,2.13,73.67,0.943,49.96,4.98,0.909,-0.0064,-0.0073,0.639,1.393,0,NORMAL,0
57.39,50.51,22.82,395.39,36.05,7.32,62.32,0.934,50.03,6.87,0.713,-0.0164,0.2432,0.931,2.967,2,MECHANICAL_FAULT,1
58.15,50.89,25.36,397.83,35.27,1.51,58.36,0.946,49.91,7.26,0.702,0.0052,0.0252,0.532,1.921,0,NORMAL,0
78.95,86.11,57.85,382.05,52.18,2.54,89.97,0.689,49.84,-7.16,0.997,0.1078,0.0118,2.232,3.914,3,DIELECTRIC_FAULT,1
82.99,77.42,56.6,396.8,27.5,3.74,53.31,0.798,49.69,5.57,0.546,0.2521,0.0726,3.996,2.97,3,DIELECTRIC_FAULT,1
63.11,58.47,28.17,402.18,33.64,1.1,59.16,0.971,50.0,4.65,0.677,0.0062,0.013,0.306,1.843,0,NORMAL,0
114.7,117.07,60.26,334.03,118.71,12.76,120.26,0.656,48.72,-2.37,1.983,0.6844,0.9818,6.661,10.313,4,CRITICAL_FAILURE,1
58.98,53.63,27.62,397.89,31.27,1.66,53.96,0.934,49.96,5.35,0.622,-0.0111,0.0446,1.135,0.934,0,NORMAL,0
87.18,76.89,50.71,394.86,36.11,2.9,64.67,0.804,49.74,10.3,0.713,0.172,0.1172,1.743,3.834,3,DIELECTRIC_FAULT,1
58.46,53.08,26.37,397.15,28.3,0.92,45.99,0.938,50.02,5.38,0.562,0.0463,0.0077,1.011,1.026,0,NORMAL,0
95.66,95.16,29.3,392.6,84.84,3.57,127.5,0.936,50.08,0.5,1.665,0.2804,0.0248,4.909,4.365,1,THERMAL_OVERLOAD,1
63.99,58.7,26.68,391.15,46.37,7.28,80.12,0.925,49.97,5.29,0.907,-0.0132,0.3184,1.615,1.573,2,MECHANICAL_FAULT,1
87.89,85.53,50.64,368.79,26.96,3.46,57.63,0.797,49.39,2.35,0.497,0.3808,-0.1372,3.329,2.271,3,DIELECTRIC_FAULT,1
60.17,53.95,28.34,399.71,32.55,1.96,54.08,0.935,50.03,6.21,0.65,0.019,-0.0293,1.135,1.238,0,NORMAL,0
65.66,57.25,23.18,394.68,46.21,1.67,72.57,0.954,50.02,8.4,0.912,-0.0152,0.0161,0.812,1.059,0,NORMAL,0
62.19,52.82,23.0,401.99,29.95,1.61,51.34,0.975,50.03,9.37,0.602,0.0346,-0.0243,0.388,1.437,0,NORMAL,0
112.78,101.49,36.62,387.97,59.89,3.91,97.56,0.886,50.07,11.29,1.162,0.7912,-0.0697,3.566,3.287,1,THERMAL_OVERLOAD,1
63.83,58.08,27.92,396.89,37.19,2.1,58.65,0.958,49.97,5.75,0.738,0.0194,0.0169,0.25,1.268,0,NORMAL,0
61.57,54.87,26.26,405.01,32.48,1.66,50.99,0.964,49.85,6.7,0.658,0.0474,0.0159,0.844,1.419,0,NORMAL,0
65.31,56.15,25.65,403.0,45.39,1.47,74.56,0.944,50.03,9.16,0.915,0.0225,0.0163,1.061,0.84,0,NORMAL,0
62.95,54.4,23.15,400.3,35.14,1.95,59.72,0.951,49.95,8.55,0.703,0.0158,-0.0031,0.213,1.287,0,NORMAL,0
106.55,89.08,36.66,392.54,69.19,3.01,106.35,0.909,49.8,17.48,1.358,0.2567,0.038,3.862,5.366,1,THERMAL_OVERLOAD,1
60.35,52.36,23.98,393.19,39.58,1.91,60.29,0.954,50.03,7.98,0.778,0.0634,-0.0023,0.21,1.493,0,NORMAL,0
65.06,59.76,27.54,401.07,30.16,1.35,52.22,0.971,49.99,5.3,0.605,-0.0341,0.0001,0.925,1.74,0,NORMAL,0
68.47,60.22,25.35,396.14,37.59,1.97,63.33,0.936,50.0,8.25,0.744,0.0413,-0.0438,0.709,1.918,0,NORMAL,0
96.23,82.03,29.91,393.85,79.81,3.38,120.54,0.894,49.94,14.2,1.572,0.1774,-0.0049,6.101,5.748,1,THERMAL_OVERLOAD,1
62.42,53.61,24.61,394.74,31.97,1.85,55.76,0.944,49.93,8.8,0.631,0.001,-0.0077,1.157,1.087,0,NORMAL,0
63.99,57.76,24.46,398.04,39.74,0.86,62.61,0.948,49.95,6.23,0.791,0.0081,0.0037,0.53,1.086,0,NORMAL,0
92.92,87.18,30.8,396.25,91.35,2.36,129.32,0.894,49.99,5.73,1.81,0.3108,0.0834,3.581,3.397,1,THERMAL_OVERLOAD,1
61.5,55.42,25.99,396.54,30.24,1.61,53.56,0.937,50.1,6.08,0.6,-0.0276,-0.0506,1.194,1.82,0,NORMAL,0
114.09,101.55,32.22,389.31,68.8,2.31,100.53,0.922,49.82,12.54,1.339,0.2571,0.0998,3.028,5.958,1,THERMAL_OVERLOAD,1
97.38,101.81,37.62,386.08,76.25,2.02,123.07,0.923,50.06,-4.43,1.472,0.5053,-0.0111,2.835,6.928,1,THERMAL_OVERLOAD,1
60.49,52.33,26.56,403.45,32.53,1.37,54.46,0.932,50.06,8.16,0.656,-0.0659,-0.0067,0.665,1.014,0,NORMAL,0
133.69,107.23,56.28,336.67,97.14,14.78,134.96,0.773,48.2,26.46,1.635,2.0854,0.4604,10.858,14.553,4,CRITICAL_FAILURE,1
62.68,55.14,25.84,398.36,33.76,1.98,57.15,0.953,50.0,7.55,0.672,-0.0196,0.0117,0.762,0.612,0,NORMAL,0
113.84,103.46,59.05,350.22,92.61,9.3,153.46,0.703,49.12,10.38,1.622,1.8771,1.0809,7.12,12.312,4,CRITICAL_FAILURE,1
65.7,57.57,23.21,395.17,35.14,11.11,70.03,0.911,50.05,8.13,0.694,-0.0067,0.4119,1.285,1.294,2,MECHANICAL_FAULT,1
71.46,82.38,8.26,398.92,43.41,1.89,80.31,0.736,49.7,-10.92,0.866,0.3046,0.015,2.421,2.654,3,DIELECTRIC_FAULT,1
66.45,58.49,27.93,397.72,44.52,1.88,73.68,0.954,49.99,7.97,0.885,0.0263,0.0039,0.626,0.506,0,NORMAL,0
62.83,54.67,29.97,397.39,35.22,1.09,58.28,0.964,49.98,8.16,0.7,-0.0335,0.0095,1.142,1.998,0,NORMAL,0
63.2,56.39,23.95,398.05,32.12,0.95,56.96,0.974,50.02,6.81,0.639,0.0389,-0.0221,0.225,1.535,0,NORMAL,0
63.3,56.62,26.88,394.74,36.45,1.92,59.51,0.967,50.06,6.68,0.719,-0.0492,-0.0182,0.566,0.659,0,NORMAL,0
81.0,78.72,47.53,388.17,37.9,2.56,66.13,0.79,49.78,2.28,0.736,0.2315,0.1708,1.65,4.069,3,DIELECTRIC_FAULT,1
109.22,84.45,31.26,391.95,67.4,2.07,98.94,0.893,50.04,24.77,1.321,0.6996,-0.02,2.652,4.181,1,THERMAL_OVERLOAD,1
64.9,55.07,25.71,403.13,38.02,1.0,69.54,0.935,50.01,9.83,0.766,-0.0287,-0.0118,1.178,1.152,0,NORMAL,0
63.36,54.83,23.22,396.2,39.49,1.33,62.69,0.938,50.08,8.53,0.782,0.0171,0.029,0.286,1.067,0,NORMAL,0
62.17,56.55,19.67,401.53,30.05,1.83,46.83,0.948,49.99,5.62,0.603,-0.0314,-0.0043,0.686,1.279,0,NORMAL,0
85.41,93.12,56.11,399.88,44.73,2.19,81.22,0.809,49.62,-7.71,0.894,0.2149,-0.0219,3.615,4.063,3,DIELECTRIC_FAULT,1
62.67,54.25,28.77,395.44,41.38,2.11,68.34,0.976,49.95,8.42,0.818,-0.0038,0.0011,0.791,1.099,0,NORMAL,0
114.69,97.41,32.23,387.41,64.71,3.3,95.89,0.888,49.73,17.28,1.253,0.5314,-0.0835,4.994,5.545,1,THERMAL_OVERLOAD,1
65.02,57.62,27.09,403.15,31.51,1.03,56.04,0.974,50.08,7.4,0.635,0.0239,-0.0169,0.376,1.491,0,NORMAL,0
62.53,54.19,21.87,403.83,39.26,1.16,64.69,0.949,50.02,8.34,0.793,-0.0124,-0.0181,0.884,1.746,0,NORMAL,0
65.5,59.62,25.78,406.02,37.92,0.92,64.52,0.949,49.97,5.88,0.77,0.0011,-0.0146,0.853,0.757,0,NORMAL,0
110.58,99.62,31.6,398.79,84.94,3.41,133.41,0.938,49.81,10.95,1.694,0.2096,0.0132,4.153,4.823,1,THERMAL_OVERLOAD,1
64.04,58.74,24.3,402.38,38.55,1.34,65.39,0.937,50.01,5.3,0.776,0.0005,-0.0308,0.519,0.818,0,NORMAL,0
65.39,59.71,23.42,404.42,41.72,0.84,67.23,0.951,49.94,5.68,0.844,-0.0743,-0.0208,0.515,0.591,0,NORMAL,0
65.45,60.92,26.4,401.06,45.51,0.82,74.15,0.96,50.07,4.53,0.913,-0.0017,-0.0239,0.316,0.688,0,NORMAL,0
63.67,57.51,24.19,394.28,39.09,1.58,65.39,0.931,49.99,6.17,0.771,-0.0024,0.0046,0.895,1.716,0,NORMAL,0
63.8,58.24,27.4,393.91,34.55,7.54,67.55,0.912,49.93,5.57,0.681,0.0049,0.461,1.104,1.845,2,MECHANICAL_FAULT,1
63.31,57.13,24.76,397.26,38.22,1.58,63.31,0.979,49.98,6.17,0.759,0.0134,0.0088,0.428,0.631,0,NORMAL,0
64.75,57.48,26.94,414.18,40.35,1.11,71.98,0.952,50.06,7.27,0.836,-0.0018,-0.0039,0.218,1.793,0,NORMAL,0
85.31,92.05,44.54,395.6,40.6,2.4,68.33,0.736,49.75,-6.74,0.803,0.1565,0.0717,2.151,2.85,3,DIELECTRIC_FAULT,1
62.53,55.36,25.0,397.08,29.57,1.33,50.25,0.964,49.97,7.16,0.587,0.0035,-0.0086,0.972,0.519,0,NORMAL,0
61.54,55.55,23.07,403.06,27.76,1.86,46.88,0.953,50.08,5.99,0.559,0.0204,-0.0027,0.451,0.681,0,NORMAL,0
107.34,112.34,63.52,338.06,98.01,13.64,141.69,0.702,48.91,-5.01,1.657,2.0497,0.6692,8.015,8.576,4,CRITICAL_FAILURE,1
102.23,104.82,28.88,395.14,72.31,3.36,113.69,0.9,50.0,-2.59,1.429,0.2841,-0.0146,5.935,4.522,1,THERMAL_OVERLOAD,1
84.24,91.55,8.01,397.97,37.18,3.28,65.77,0.727,49.92,-7.31,0.74,0.1597,0.089,2.652,4.418,3,DIELECTRIC_FAULT,1
59.4,51.03,22.57,398.16,33.25,1.64,57.12,0.976,50.0,8.37,0.662,0.0446,-0.0452,0.575,1.147,0,NORMAL,0
68.87,60.19,24.61,400.61,48.04,1.61,77.01,0.954,50.02,8.69,0.962,-0.0176,0.0263,0.909,1.104,0,NORMAL,0
66.84,58.05,23.49,407.31,46.98,2.16,77.93,0.932,49.89,8.79,0.957,-0.0053,-0.0419,0.201,1.849,0,NORMAL,0
59.38,51.84,26.79,402.39,31.58,1.15,47.88,0.95,49.98,7.54,0.635,0.0194,-0.0078,0.928,1.19,0,NORMAL,0
66.41,58.77,24.44,404.33,44.15,1.58,73.95,0.963,50.02,7.64,0.893,-0.0295,0.0114,0.539,1.565,0,NORMAL,0
61.73,54.34,26.99,403.13,28.77,1.87,48.26,0.971,50.0,7.39,0.58,0.0152,0.0222,0.658,1.797,0,NORMAL,0
71.85,92.95,52.41,385.74,36.13,2.22,68.74,0.748,50.06,-21.1,0.697,0.3268,0.0297,3.423,4.037,3,DIELECTRIC_FAULT,1
61.69,52.88,24.15,404.88,28.07,1.28,51.68,0.963,50.05,8.82,0.568,0.0005,-0.0076,0.392,1.554,0,NORMAL,0
65.5,55.94,20.75,396.55,43.13,1.68,69.41,0.964,49.97,9.56,0.855,0.0157,-0.009,0.49,0.78,0,NORMAL,0
62.37,56.34,27.0,399.19,40.4,1.47,68.81,0.966,49.98,6.03,0.806,-0.0064,-0.0126,0.897,1.939,0,NORMAL,0
64.33,58.74,24.59,391.88,40.86,1.41,67.78,0.948,50.02,5.59,0.801,0.0177,-0.019,0.607,1.673,0,NORMAL,0
60.32,51.64,21.7,395.7,41.68,7.5,75.13,0.927,49.98,8.67,0.825,0.0134,0.3917,1.842,1.703,2,MECHANICAL_FAULT,1
110.18,102.31,32.14,393.89,64.02,3.13,100.53,0.906,49.84,7.87,1.261,0.5019,0.0128,6.179,5.163,1,THERMAL_OVERLOAD,1
66.05,56.75,25.19,395.58,39.65,1.74,73.15,0.974,50.0,9.29,0.784,0.0061,-0.0138,1.015,0.945,0,NORMAL,0
58.77,51.74,23.03,397.14,29.37,0.85,47.47,0.933,50.01,7.03,0.583,-0.0024,-0.0116,1.044,0.894,0,NORMAL,0
57.6,50.58,27.6,396.2,33.06,2.17,56.79,0.968,50.05,7.02,0.655,-0.0273,0.0318,0.318,0.588,0,NORMAL,0
106.12,90.56,29.25,394.28,62.98,2.36,97.33,0.924,49.94,15.56,1.242,0.8197,-0.0235,4.382,3.802,1,THERMAL_OVERLOAD,1
60.97,54.98,25.12,397.49,31.08,0.97,50.27,0.959,50.01,5.99,0.618,0.0045,-0.0301,0.742,0.637,0,NORMAL,0
69.26,60.93,26.92,409.3,45.62,1.59,75.73,0.965,49.96,8.33,0.934,0.0091,0.005,0.928,1.014,0,NORMAL,0
62.04,55.06,24.55,404.1,29.18,1.56,49.8,0.978,50.02,6.98,0.59,-0.0008,-0.0286,0.395,0.671,0,NORMAL,0
87.48,95.03,43.83,363.76,41.57,2.24,81.31,0.832,50.14,-7.54,0.756,0.3151,0.0609,1.615,4.066,3,DIELECTRIC_FAULT,1
61.5,56.08,22.24,404.06,35.14,2.08,57.43,0.95,49.99,5.43,0.71,0.0202,-0.0202,0.445,1.915,0,NORMAL,0
64.8,56.72,23.78,402.78,42.07,1.23,67.42,0.979,49.98,8.08,0.847,0.0453,0.0023,0.753,0.505,0,NORMAL,0
77.8,70.68,28.3,398.77,44.25,8.84,82.55,0.91,49.98,7.12,0.882,0.0064,0.4337,1.298,1.772,2,MECHANICAL_FAULT,1
106.48,99.13,49.95,353.26,113.78,9.72,142.2,0.746,48.64,7.35,2.01,0.8779,0.8254,10.343,7.261,4,CRITICAL_FAILURE,1
124.74,115.36,53.2,344.9,89.15,11.68,131.89,0.7,48.27,9.38,1.537,0.8965,0.6954,6.87,10.192,4,CRITICAL_FAILURE,1
61.77,52.36,22.4,394.88,38.37,1.55,61.67,0.947,49.95,9.41,0.758,0.0043,-0.0308,0.584,1.24,0,NORMAL,0
75.0,68.97,26.8,397.26,37.1,8.67,60.85,0.912,50.0,6.02,0.737,0.0984,0.4042,1.831,2.478,2,MECHANICAL_FAULT,1
57.31,48.29,26.99,402.91,29.22,0.9,53.9,0.959,49.91,9.02,0.589,0.037,0.0267,0.481,1.807,0,NORMAL,0
104.36,94.18,34.13,394.31,80.0,2.93,126.07,0.913,49.74,10.17,1.577,0.5222,0.0029,5.511,5.736,1,THERMAL_OVERLOAD,1
68.37,62.32,20.02,388.37,40.99,5.34,76.1,0.939,49.96,6.05,0.796,0.1399,0.5842,1.41,1.607,2,MECHANICAL_FAULT,1
75.76,70.04,20.07,405.22,41.07,5.97,71.59,0.91,49.89,5.72,0.832,0.0813,0.1996,1.118,2.353,2,MECHANICAL_FAULT,1
89.84,86.11,10.25,371.54,35.41,2.49,57.88,0.713,49.8,3.73,0.658,0.0903,-0.0011,2.638,4.708,3,DIELECTRIC_FAULT,1
109.23,108.75,53.74,343.17,117.94,12.26,136.82,0.67,48.85,0.48,2.024,1.8054,1.1092,10.189,9.195,4,CRITICAL_FAILURE,1
65.04,58.76,28.51,400.2,36.26,1.68,59.46,0.931,49.96,6.28,0.726,0.003,0.0066,0.868,1.077,0,NORMAL,0
79.8,94.31,54.35,402.49,40.67,2.07,66.3,0.72,49.87,-14.51,0.818,0.2584,0.0692,2.423,3.253,3,DIELECTRIC_FAULT,1
129.44,107.49,51.66,333.77,91.53,9.2,145.0,0.647,48.5,21.95,1.527,2.0744,1.0676,5.549,12.736,4,CRITICAL_FAILURE,1
75.69,68.9,23.08,397.13,35.7,11.56,66.7,0.917,50.11,6.79,0.709,0.0706,0.2461,1.762,2.585,2,MECHANICAL_FAULT,1
58.61,51.38,27.36,405.39,31.42,1.68,51.51,0.943,50.06,7.22,0.637,-0.0016,-0.011,1.091,1.354,0,NORMAL,0
86.36,83.68,56.99,395.08,48.64,2.88,86.16,0.835,49.74,2.68,0.961,0.1613,-0.028,3.169,2.215,3,DIELECTRIC_FAULT,1
84.94,78.84,10.07,411.33,35.45,3.18,62.86,0.733,49.37,6.11,0.729,0.0938,-0.1081,2.838,2.198,3,DIELECTRIC_FAULT,1
63.72,59.49,25.53,401.43,41.99,2.03,64.9,0.946,50.0,4.23,0.843,-0.0325,-0.0081,0.475,0.549,0,NORMAL,0
89.63,82.3,49.61,398.75,41.46,2.72,82.17,0.796,50.11,7.34,0.827,0.1816,0.0476,3.692,3.647,3,DIELECTRIC_FAULT,1
112.21,101.82,31.38,401.67,85.06,3.44,127.43,0.93,49.91,10.39,1.708,0.28,0.0525,3.876,4.599,1,THERMAL_OVERLOAD,1
66.83,60.74,24.02,400.07,43.71,1.52,74.43,0.956,50.02,6.09,0.874,-0.0038,0.0284,0.747,0.98,0,NORMAL,0
64.8,55.8,24.26,404.45,31.37,1.57,53.27,0.944,50.01,9.0,0.634,-0.0309,-0.0271,0.821,1.001,0,NORMAL,0
61.76,55.56,24.57,398.22,31.62,1.49,56.74,0.933,49.96,6.2,0.63,0.0163,0.0136,1.182,1.622,0,NORMAL,0
66.45,62.21,25.2,401.26,44.43,1.51,73.66,0.942,49.99,4.24,0.891,-0.0628,-0.0207,0.602,0.93,0,NORMAL,0
66.82,60.97,24.06,393.64,47.42,2.04,74.77,0.957,50.03,5.84,0.933,0.0036,-0.0071,0.677,1.472,0,NORMAL,0
67.36,59.26,27.47,400.29,45.54,6.64,80.16,0.951,50.18,8.09,0.911,0.0017,0.4833,1.826,2.503,2,MECHANICAL_FAULT,1
110.06,102.63,30.14,401.58,71.18,2.28,109.17,0.912,49.84,7.43,1.429,0.3773,0.0105,3.648,6.064,1,THERMAL_OVERLOAD,1
58.46,52.73,25.42,394.78,29.08,1.6,46.18,0.946,50.08,5.72,0.574,-0.0191,-0.0023,0.727,1.601,0,NORMAL,0
72.28,84.13,48.95,385.36,30.6,3.28,60.18,0.829,49.86,-11.85,0.59,0.1479,0.0255,2.849,4.398,3,DIELECTRIC_FAULT,1
63.91,55.68,25.98,397.59,43.25,1.79,71.6,0.948,50.06,8.23,0.86,-0.0019,0.0468,0.613,0.724,0,NORMAL,0
61.96,53.79,23.07,406.02,30.76,1.62,51.6,0.979,49.92,8.17,0.624,-0.0514,0.0016,0.554,1.578,0,NORMAL,0
62.71,57.82,25.28,394.48,42.3,0.89,72.8,0.967,49.98,4.89,0.834,-0.042,0.0036,0.74,0.774,0,NORMAL,0
65.27,57.77,27.85,401.38,41.72,1.23,67.04,0.942,49.94,7.5,0.837,-0.0451,-0.0013,0.684,1.935,0,NORMAL,0
65.46,57.26,25.61,399.72,45.52,1.04,73.44,0.974,50.05,8.2,0.91,-0.028,0.0036,0.664,1.548,0,NORMAL,0
65.03,59.42,26.1,402.52,34.91,1.17,59.17,0.963,50.02,5.61,0.702,0.0099,-0.0142,1.009,1.903,0,NORMAL,0
66.8,61.65,28.76,397.38,50.16,1.52,77.55,0.949,49.95,5.15,0.997,0.036,0.0044,1.039,1.589,0,NORMAL,0
65.98,58.11,24.87,407.25,37.49,1.5,64.82,0.936,49.99,7.87,0.763,0.0031,-0.0109,0.296,1.352,0,NORMAL,0
62.74,56.54,24.59,395.88,38.55,0.92,61.58,0.968,49.98,6.2,0.763,0.0134,0.0035,0.58,1.679,0,NORMAL,0
66.63,62.1,25.43,395.11,42.2,1.1,68.31,0.973,49.98,4.53,0.834,0.0147,0.004,1.161,0.831,0,NORMAL,0
62.78,58.64,24.87,404.7,31.53,1.77,54.74,0.943,49.99,4.13,0.638,-0.0028,-0.0027,0.533,0.692,0,NORMAL,0
58.61,49.51,25.12,397.85,32.79,1.08,57.07,0.941,49.95,9.1,0.652,-0.0083,-0.0332,0.694,1.807,0,NORMAL,0
78.83,79.32,6.44,360.64,30.63,3.78,59.08,0.709,49.87,-0.48,0.552,0.3309,0.0695,2.301,3.868,3,DIELECTRIC_FAULT,1
63.6,57.71,28.88,403.9,31.96,1.18,53.11,0.979,50.02,5.89,0.646,0.0171,-0.0066,1.128,1.579,0,NORMAL,0
64.72,55.35,21.86,397.21,38.27,1.45,65.11,0.95,49.95,9.36,0.76,0.023,-0.0083,0.982,1.896,0,NORMAL,0
59.11,51.26,24.36,402.29,29.25,1.24,46.37,0.954,49.99,7.85,0.588,0.0045,0.0114,0.257,0.59,0,NORMAL,0
61.18,55.5,25.35,397.89,37.31,10.39,61.12,0.947,49.95,5.67,0.742,0.0845,0.3713,1.3,1.275,2,MECHANICAL_FAULT,1
61.65,56.42,24.15,396.29,28.43,1.58,45.31,0.967,49.94,5.22,0.563,0.0133,0.0239,0.754,0.508,0,NORMAL,0
59.18,52.22,24.7,396.99,25.62,1.4,45.68,0.956,50.03,6.96,0.509,0.0094,0.0099,0.3,1.574,0,NORMAL,0
59.39,54.94,27.89,399.8,33.94,1.16,52.25,0.978,50.07,4.45,0.679,-0.0226,0.0255,0.95,1.701,0,NORMAL,0
108.92,91.94,30.98,404.59,73.3,3.58,101.45,0.923,49.98,16.98,1.483,0.2494,0.0077,3.934,5.791,1,THERMAL_OVERLOAD,1
65.94,59.41,25.77,407.16,43.77,1.07,69.6,0.975,50.07,6.53,0.891,0.0551,0.0144,1.064,0.579,0,NORMAL,0
60.12,54.15,22.13,397.78,30.76,1.55,51.48,0.966,49.96,5.98,0.612,-0.001,-0.0112,0.528,1.831,0,NORMAL,0
64.94,60.31,25.0,399.51,39.49,1.91,65.23,0.938,49.93,4.63,0.789,-0.0383,0.0231,0.541,1.493,0,NORMAL,0
66.2,60.55,30.68,405.76,42.16,2.12,71.61,0.943,50.02,5.66,0.855,0.0258,0.0139,0.805,0.866,0,NORMAL,0
68.93,61.89,25.29,398.85,46.73,1.56,77.82,0.954,49.97,7.04,0.932,-0.0036,-0.0371,0.734,0.701,0,NORMAL,0
60.53,54.8,27.72,401.31,37.29,0.84,62.12,0.943,50.03,5.73,0.748,0.0016,0.0307,0.322,1.465,0,NORMAL,0
126.77,100.21,54.64,331.87,113.55,14.4,159.95,0.623,48.49,26.56,1.884,0.8929,1.0961,6.035,10.822,4,CRITICAL_FAILURE,1
61.05,51.88,26.62,398.45,35.15,1.62,57.87,0.954,50.0,9.18,0.7,-0.0049,-0.0143,0.66,1.99,0,NORMAL,0
74.62,87.53,6.14,392.1,28.81,2.95,53.5,0.817,50.29,-12.91,0.565,0.0859,-0.0527,3.878,3.7,3,DIELECTRIC_FAULT,1
59.6,54.25,24.22,399.0,29.99,1.71,53.19,0.967,49.99,5.34,0.598,0.016,0.0044,0.346,0.98,0,NORMAL,0
65.05,58.3,24.52,402.49,46.63,1.35,73.64,0.973,50.04,6.75,0.938,-0.0088,-0.0012,0.521,1.289,0,NORMAL,0
63.74,58.77,23.14,402.17,42.32,1.67,66.78,0.953,50.0,4.97,0.851,0.0441,0.0213,0.819,0.941,0,NORMAL,0
66.62,57.34,26.5,398.0,38.81,1.67,64.2,0.937,50.01,9.28,0.772,-0.0298,-0.0127,1.109,1.641,0,NORMAL,0
64.02,56.13,22.39,401.0,39.04,0.84,64.85,0.931,49.98,7.89,0.783,-0.0168,-0.0098,0.338,1.51,0,NORMAL,0
63.86,55.93,27.79,391.65,34.53,7.15,61.1,0.937,49.99,7.94,0.676,0.0619,0.4311,1.914,1.681,2,MECHANICAL_FAULT,1
68.5,63.58,25.1,402.43,48.68,1.0,77.52,0.969,49.99,4.92,0.98,-0.0535,-0.0186,0.274,1.994,0,NORMAL,0
82.81,79.38,53.72,370.9,38.98,1.97,73.21,0.727,50.03,3.44,0.723,0.3089,-0.0437,2.97,4.31,3,DIELECTRIC_FAULT,1
105.75,118.75,50.3,333.03,88.6,15.25,155.35,0.685,48.59,-13.0,1.475,1.2398,0.7349,7.392,13.297,4,CRITICAL_FAILURE,1
58.45,51.62,27.45,399.07,30.88,1.31,48.03,0.965,50.0,6.84,0.616,0.0729,-0.005,0.57,0.622,0,NORMAL,0
108.23,99.99,32.74,382.15,70.0,3.84,110.02,0.938,49.99,8.24,1.337,0.4775,0.0088,3.542,3.295,1,THERMAL_OVERLOAD,1
65.61,60.13,22.78,401.82,36.2,1.42,61.45,0.978,50.03,5.48,0.727,0.0043,0.0192,0.792,0.713,0,NORMAL,0
64.32,54.46,25.71,392.54,40.84,0.9,68.06,0.957,49.97,9.86,0.802,-0.0123,0.0289,0.76,0.782,0,NORMAL,0
63.71,54.1,27.78,396.11,44.1,1.88,71.99,0.976,49.99,9.62,0.874,-0.028,0.0016,0.789,1.668,0,NORMAL,0
107.22,110.43,55.12,346.76,124.08,14.21,144.65,0.655,49.12,-3.22,2.151,1.8001,0.6613,7.464,10.66,4,CRITICAL_FAILURE,1
64.48,56.55,25.81,401.52,42.74,1.0,72.98,0.95,49.97,7.93,0.858,0.0027,-0.0091,0.662,1.788,0,NORMAL,0
59.35,52.26,27.17,401.81,28.03,1.48,46.37,0.963,50.06,7.09,0.563,-0.0312,0.0123,1.17,0.641,0,NORMAL,0
92.05,91.9,27.05,401.06,85.46,3.88,127.16,0.9,49.89,0.15,1.714,0.4256,0.0128,3.401,4.708,1,THERMAL_OVERLOAD,1
64.91,56.35,23.06,393.36,42.13,1.4,71.31,0.952,50.03,8.55,0.829,0.022,-0.0069,1.049,1.185,0,NORMAL,0
60.94,53.55,24.36,395.06,36.23,1.72,58.17,0.969,50.0,7.39,0.716,0.0289,0.006,0.476,0.788,0,NORMAL,0
58.42,48.45,25.11,397.59,30.91,1.88,47.74,0.962,49.87,9.97,0.615,-0.0015,0.0247,1.172,1.695,0,NORMAL,0
62.69,55.07,24.58,402.31,34.93,7.44,66.31,0.94,50.02,7.62,0.703,0.0674,0.6221,1.522,2.95,2,MECHANICAL_FAULT,1
75.52,88.55,51.87,368.28,41.82,3.79,69.85,0.697,49.61,-13.03,0.77,0.146,0.0721,1.547,2.02,3,DIELECTRIC_FAULT,1
58.19,53.33,19.54,397.56,28.1,1.45,47.33,0.93,49.97,4.85,0.559,-0.0394,0.0027,0.401,1.632,0,NORMAL,0
88.17,82.33,11.4,386.21,39.4,2.39,76.84,0.76,49.86,5.84,0.761,0.3341,0.1255,3.137,4.757,3,DIELECTRIC_FAULT,1
64.72,55.27,24.4,405.38,39.75,1.36,68.33,0.947,50.02,9.45,0.806,0.028,0.0334,0.309,1.674,0,NORMAL,0
62.79,55.55,24.91,400.5,37.28,1.98,58.55,0.956,50.01,7.24,0.747,0.0427,-0.0196,0.942,0.697,0,NORMAL,0
64.04,54.53,28.03,405.19,39.27,0.88,66.41,0.958,50.03,9.51,0.796,-0.0006,0.0328,0.794,1.848,0,NORMAL,0
102.65,92.54,38.1,385.62,72.61,2.79,112.56,0.9,50.0,10.12,1.4,0.4079,0.0097,3.3,4.163,1,THERMAL_OVERLOAD,1
61.41,53.56,23.79,398.52,35.46,1.76,57.37,0.971,49.97,7.86,0.707,0.0271,0.0268,1.116,0.588,0,NORMAL,0
58.81,49.91,25.19,405.75,31.55,1.47,49.68,0.972,50.06,8.9,0.64,0.0592,0.0317,0.634,1.059,0,NORMAL,0
58.52,49.63,25.66,392.76,28.71,1.37,47.9,0.959,49.96,8.89,0.564,0.0143,-0.0255,0.874,0.605,0,NORMAL,0
65.99,57.84,24.47,395.64,37.98,0.96,62.3,0.954,49.97,8.14,0.751,0.0076,-0.0128,0.703,1.911,0,NORMAL,0
61.45,54.85,21.1,398.51,30.0,1.44,48.11,0.978,50.05,6.6,0.598,-0.0436,-0.0133,0.689,1.72,0,NORMAL,0
61.06,51.49,24.31,401.98,35.29,1.49,58.23,0.95,49.95,9.58,0.709,0.0055,0.0203,0.3,0.703,0,NORMAL,0
69.9,63.93,24.74,401.35,45.34,1.49,75.39,0.976,49.96,5.97,0.91,-0.023,-0.0104,0.514,1.061,0,NORMAL,0
63.59,58.89,31.32,396.41,34.59,1.75,56.7,0.968,50.03,4.7,0.686,0.0251,0.0095,0.423,1.355,0,NORMAL,0
63.16,58.55,25.81,405.2,32.45,2.09,57.13,0.961,50.02,4.61,0.657,0.0235,0.0093,0.291,1.544,0,NORMAL,0
61.37,52.55,24.22,404.84,34.75,1.32,58.23,0.938,49.95,8.82,0.703,0.0193,0.0186,0.39,1.05,0,NORMAL,0
59.53,49.67,24.94,399.91,30.17,1.91,51.07,0.955,50.01,9.87,0.603,-0.0238,-0.0142,0.768,1.721,0,NORMAL,0
58.52,52.13,27.55,404.58,39.44,2.01,63.17,0.947,50.04,6.39,0.798,-0.026,0.02,0.528,1.553,0,NORMAL,0
62.95,57.85,28.8,400.03,38.78,1.58,65.56,0.967,50.05,5.1,0.776,0.035,-0.0145,0.633,1.226,0,NORMAL,0
66.5,60.19,25.58,393.53,42.75,1.29,73.77,0.972,50.0,6.31,0.841,-0.0078,-0.003,0.232,1.409,0,NORMAL,0
57.54,48.85,27.89,402.7,28.23,1.03,46.81,0.932,50.05,8.69,0.568,-0.0094,0.0022,0.772,0.695,0,NORMAL,0
64.21,59.95,28.33,397.21,31.96,1.42,53.5,0.957,50.03,4.26,0.635,-0.0115,-0.0099,0.357,0.675,0,NORMAL,0
119.76,102.33,51.36,333.42,111.02,12.42,122.76,0.7,48.2,17.43,1.851,1.3512,0.9358,9.75,13.649,4,CRITICAL_FAILURE,1
61.3,53.41,21.92,401.51,33.2,1.59,52.88,0.948,49.99,7.89,0.667,0.0021,0.0112,0.221,1.261,0,NORMAL,0
60.72,53.64,26.27,402.37,31.13,1.67,49.72,0.977,49.93,7.09,0.626,0.0217,0.0174,0.767,1.254,0,NORMAL,0
108.51,102.39,36.94,393.78,87.29,2.82,131.93,0.933,49.87,6.12,1.719,0.3143,-0.0284,5.881,6.297,1,THERMAL_OVERLOAD,1
65.4,59.13,26.1,401.76,39.56,2.19,64.87,0.971,50.05,6.27,0.795,-0.068,0.0066,0.882,1.385,0,NORMAL,0
65.29,60.48,26.79,406.85,44.73,2.05,73.73,0.953,49.99,4.81,0.91,-0.0041,-0.0415,0.293,0.711,0,NORMAL,0
55.59,47.56,24.77,397.87,41.05,6.57,73.63,0.957,49.95,8.03,0.817,0.0053,0.6247,1.666,2.904,2,MECHANICAL_FAULT,1
66.28,61.44,25.65,401.8,46.69,2.11,77.93,0.973,50.06,4.83,0.938,0.0134,0.0495,0.369,0.694,0,NORMAL,0
96.68,89.33,36.11,394.4,78.65,3.39,124.66,0.914,49.76,7.34,1.551,0.7628,0.0167,5.624,3.563,1,THERMAL_OVERLOAD,1
122.51,119.81,61.8,350.56,95.36,14.76,135.45,0.731,48.55,2.7,1.671,2.0038,0.7725,7.796,7.748,4,CRITICAL_FAILURE,1
67.58,60.08,26.18,396.82,40.72,2.04,69.78,0.941,50.04,7.49,0.808,-0.0396,0.003,0.21,1.515,0,NORMAL,0
62.02,56.99,25.85,404.51,26.95,2.1,48.38,0.957,49.92,5.03,0.545,0.0496,0.0105,0.695,1.869,0,NORMAL,0
64.54,58.82,27.14,398.45,40.68,1.87,70.47,0.977,49.95,5.72,0.81,0.0002,0.0038,1.168,1.546,0,NORMAL,0
61.89,56.55,27.04,399.47,38.56,2.19,62.42,0.969,50.0,5.33,0.77,-0.0006,-0.0216,0.421,1.602,0,NORMAL,0
66.1,59.49,23.76,400.34,38.01,1.38,59.92,0.968,49.97,6.61,0.761,-0.0304,-0.0126,0.43,1.369,0,NORMAL,0
58.54,52.51,27.13,402.39,26.21,0.82,45.58,0.979,49.94,6.03,0.527,0.0563,0.0058,0.483,1.982,0,NORMAL,0
67.18,61.35,22.81,397.88,45.45,10.69,82.28,0.938,50.02,5.83,0.904,0.0183,0.4016,1.9,1.865,2,MECHANICAL_FAULT,1
63.55,56.95,22.15,392.66,37.59,1.48,63.73,0.979,50.06,6.6,0.738,0.0022,-0.0148,0.896,1.471,0,NORMAL,0
64.65,60.03,24.01,398.9,38.39,0.86,66.54,0.971,50.06,4.62,0.766,-0.0266,-0.0307,1.174,0.523,0,NORMAL,0
59.92,50.98,25.73,391.95,40.83,8.56,70.8,0.949,50.0,8.94,0.8,0.0375,0.6237,1.239,2.215,2,MECHANICAL_FAULT,1
68.93,61.16,21.71,399.89,44.91,1.47,73.69,0.936,50.01,7.78,0.898,-0.0078,0.0078,0.864,1.397,0,NORMAL,0
59.57,49.99,24.83,401.03,28.68,1.96,48.44,0.955,50.0,9.58,0.575,-0.0332,0.0355,0.546,0.833,0,NORMAL,0
58.18,52.43,25.52,400.99,33.37,2.05,52.38,0.977,50.04,5.75,0.669,0.0064,0.0405,1.082,1.352,0,NORMAL,0
59.94,54.27,24.99,400.24,36.29,1.84,61.61,0.965,50.02,5.67,0.726,-0.0483,-0.0012,0.711,1.521,0,NORMAL,0
65.06,59.99,22.79,402.73,40.35,2.13,65.14,0.964,49.99,5.07,0.813,0.0625,-0.018,0.858,0.765,0,NORMAL,0
59.87,50.52,22.76,406.53,31.65,1.17,54.14,0.941,49.96,9.34,0.643,-0.0097,-0.0053,1.134,0.716,0,NORMAL,0
125.16,113.7,51.82,350.64,122.12,8.72,121.12,0.642,48.99,11.46,2.141,1.496,0.689,6.691,13.198,4,CRITICAL_FAILURE,1
94.67,94.59,31.99,410.18,63.59,3.42,100.27,0.939,50.0,0.08,1.304,0.7336,0.0339,6.261,5.892,1,THERMAL_OVERLOAD,1
66.49,57.31,24.93,396.6,44.66,1.4,75.69,0.957,50.04,9.18,0.886,-0.0221,-0.02,0.301,1.17,0,NORMAL,0
66.12,60.4,25.38,399.1,42.25,1.68,72.46,0.943,50.0,5.72,0.843,0.0194,0.0433,0.98,0.66,0,NORMAL,0
66.95,61.01,26.91,401.81,43.6,1.79,72.17,0.955,49.98,5.94,0.876,-0.0133,0.0201,0.731,1.252,0,NORMAL,0
74.65,69.17,23.2,400.38,39.41,5.28,69.08,0.917,50.05,5.48,0.789,0.0651,0.5135,0.902,1.652,2,MECHANICAL_FAULT,1
65.6,61.13,25.26,396.2,47.03,0.83,74.58,0.949,49.96,4.47,0.932,0.0161,-0.031,0.997,1.698,0,NORMAL,0
74.08,84.51,11.73,382.61,34.06,3.35,65.68,0.758,49.97,-10.43,0.652,0.2314,-0.0187,3.75,4.132,3,DIELECTRIC_FAULT,1
60.16,50.95,25.73,396.52,28.09,1.31,47.47,0.932,49.99,9.21,0.557,0.0152,-0.0073,0.766,1.456,0,NORMAL,0
65.52,57.31,24.15,395.39,42.15,1.13,70.52,0.971,49.95,8.2,0.833,-0.0024,0.0537,1.127,1.655,0,NORMAL,0
110.58,104.51,63.11,331.86,100.91,15.45,133.76,0.651,48.89,6.07,1.674,1.8759,0.8049,10.289,14.783,4,CRITICAL_FAILURE,1
62.79,57.41,21.77,404.53,39.05,1.01,65.47,0.951,50.08,5.38,0.79,-0.0207,-0.0067,1.024,1.248,0,NORMAL,0
68.35,58.47,26.11,400.63,44.04,1.16,77.28,0.975,49.88,9.88,0.882,0.0122,-0.0236,0.999,1.393,0,NORMAL,0
61.52,53.73,24.62,399.48,30.77,2.14,46.71,0.944,50.01,7.79,0.615,0.0186,0.0083,0.751,1.793,0,NORMAL,0
133.08,115.49,63.87,350.36,106.47,8.91,144.51,0.778,48.52,17.58,1.865,1.0151,0.7228,10.483,14.589,4,CRITICAL_FAILURE,1
61.61,55.5,22.54,402.48,26.8,1.17,47.4,0.946,50.03,6.12,0.539,-0.0181,0.0124,0.763,0.801,0,NORMAL,0
64.25,58.41,26.14,397.75,37.22,2.03,63.0,0.943,49.91,5.84,0.74,0.036,-0.0137,0.449,1.412,0,NORMAL,0
66.64,60.47,26.08,397.83,45.58,1.44,75.09,0.933,50.04,6.17,0.907,-0.0318,-0.05,1.129,1.462,0,NORMAL,0
61.48,51.52,23.31,398.99,31.09,1.0,53.08,0.935,50.09,9.96,0.62,-0.0551,-0.0208,0.624,0.971,0,NORMAL,0
105.3,94.28,35.16,394.08,64.28,3.45,100.9,0.9,49.89,11.02,1.267,0.5312,-0.0157,4.72,6.17,1,THERMAL_OVERLOAD,1
59.09,51.66,21.05,405.13,45.95,9.39,84.15,0.907,50.08,7.43,0.931,0.0599,0.3702,1.717,2.271,2,MECHANICAL_FAULT,1
86.2,79.57,9.02,377.24,29.33,3.7,52.86,0.741,49.49,6.63,0.553,0.2649,0.0084,3.849,3.037,3,DIELECTRIC_FAULT,1
107.84,83.77,26.72,402.79,78.14,3.19,114.42,0.923,49.92,24.07,1.574,0.7128,-0.0094,5.828,3.167,1,THERMAL_OVERLOAD,1
66.58,58.11,26.34,395.51,33.28,2.16,55.26,0.974,49.98,8.47,0.658,-0.0239,-0.0146,0.745,1.33,0,NORMAL,0
58.2,48.89,25.43,399.34,28.58,1.18,45.95,0.942,50.03,9.31,0.571,-0.0512,-0.0117,0.918,0.975,0,NORMAL,0
69.08,59.44,26.57,399.89,43.07,1.14,75.32,0.961,50.0,9.64,0.861,-0.0008,0.023,0.737,1.699,0,NORMAL,0
60.08,55.24,26.3,402.38,33.76,0.91,56.13,0.951,50.08,4.84,0.679,0.0037,-0.0234,0.833,1.522,0,NORMAL,0
111.52,114.61,59.8,355.17,108.27,13.26,137.72,0.661,48.52,-3.09,1.923,1.7384,0.6196,7.308,14.687,4,CRITICAL_FAILURE,1
62.63,56.27,26.35,398.49,30.29,1.76,52.13,0.949,49.98,6.37,0.603,-0.0341,-0.0111,0.854,1.614,0,NORMAL,0
66.53,57.55,25.62,397.55,47.06,1.18,75.38,0.947,50.0,8.98,0.935,-0.0427,0.002,0.323,0.878,0,NORMAL,0
116.29,116.38,50.05,342.49,94.42,11.72,142.46,0.728,48.57,-0.09,1.617,1.1364,0.6724,10.334,7.074,4,CRITICAL_FAILURE,1
72.85,67.74,25.49,389.84,44.22,8.18,77.65,0.943,50.01,5.1,0.862,-0.0798,0.3972,0.937,1.735,2,MECHANICAL_FAULT,1
58.27,53.84,26.23,401.07,30.81,0.87,48.54,0.961,49.98,4.44,0.618,0.0066,0.001,1.104,1.852,0,NORMAL,0
62.11,54.08,22.6,395.41,37.71,1.54,64.77,0.949,49.98,8.04,0.746,-0.0065,-0.0063,0.924,1.078,0,NORMAL,0
63.77,54.85,23.97,397.75,44.41,1.27,73.3,0.971,49.96,8.91,0.883,-0.0228,-0.0354,0.617,1.065,0,NORMAL,0
64.41,56.83,25.82,405.32,30.87,1.4,55.01,0.931,49.95,7.58,0.626,0.0081,0.0004,0.55,1.948,0,NORMAL,0
64.19,55.28,24.34,401.82,36.3,2.12,62.0,0.951,49.99,8.91,0.729,-0.0274,-0.0101,0.356,1.421,0,NORMAL,0
63.57,56.98,23.59,404.78,42.74,0.93,67.21,0.934,50.01,6.58,0.865,-0.025,-0.0316,0.516,0.811,0,NORMAL,0
67.77,60.62,23.85,405.63,39.58,1.53,66.2,0.969,49.96,7.15,0.803,-0.0413,-0.0063,0.288,1.495,0,NORMAL,0
63.59,58.17,23.24,399.67,45.96,0.98,74.46,0.934,50.01,5.42,0.918,-0.0018,0.0389,0.818,1.819,0,NORMAL,0
60.66,52.27,21.85,404.07,30.56,2.14,50.55,0.941,50.01,8.39,0.617,0.0208,-0.0254,0.952,1.297,0,NORMAL,0
71.47,78.36,43.07,357.46,38.64,1.94,72.17,0.821,49.38,-6.89,0.691,0.3294,0.0359,1.78,3.421,3,DIELECTRIC_FAULT,1
58.02,52.06,24.27,396.22,29.71,1.7,50.15,0.946,49.92,5.96,0.589,0.0067,-0.009,0.659,1.335,0,NORMAL,0
72.55,67.41,24.82,384.72,41.76,10.4,81.42,0.925,50.13,5.13,0.803,0.0363,0.4098,0.874,2.457,2,MECHANICAL_FAULT,1
62.72,56.11,27.77,402.01,30.85,2.08,56.06,0.968,49.97,6.61,0.62,0.0112,-0.0053,0.588,1.364,0,NORMAL,0
64.7,55.69,24.35,396.46,32.4,1.1,57.6,0.951,50.0,9.01,0.642,0.0542,0.0045,0.83,1.681,0,NORMAL,0
63.8,59.36,23.36,397.58,35.88,1.53,55.71,0.936,49.95,4.44,0.713,-0.0263,-0.008,1.008,1.691,0,NORMAL,0
105.95,94.99,30.42,397.24,64.29,2.38,99.7,0.917,49.89,10.97,1.277,0.4625,-0.0232,3.889,5.106,1,THERMAL_OVERLOAD,1
64.71,57.46,20.95,398.85,38.27,1.86,68.44,0.946,50.02,7.25,0.763,0.0004,-0.014,0.763,1.543,0,NORMAL,0
63.91,57.91,26.98,401.74,35.43,1.52,60.32,0.978,50.0,5.99,0.712,-0.0452,-0.0195,0.244,0.52,0,NORMAL,0
62.36,56.86,23.46,402.7,33.65,2.04,53.1,0.943,50.07,5.5,0.678,0.063,-0.0141,1.077,1.287,0,NORMAL,0
88.71,104.37,33.9,398.27,82.41,3.23,126.18,0.928,49.71,-15.66,1.641,0.3573,0.0595,2.78,5.17,1,THERMAL_OVERLOAD,1
69.06,61.35,23.46,396.7,40.89,11.22,79.52,0.935,50.03,7.71,0.811,-0.0706,0.4971,1.741,2.889,2,MECHANICAL_FAULT,1
83.85,81.22,6.32,371.19,46.65,3.04,78.32,0.812,49.99,2.63,0.866,0.2713,0.0742,2.228,2.263,3,DIELECTRIC_FAULT,1
69.81,61.28,23.7,394.86,40.6,10.97,75.03,0.925,49.97,8.53,0.802,0.0421,0.2132,1.641,1.842,2,MECHANICAL_FAULT,1
114.88,101.28,34.69,401.0,80.21,3.24,115.42,0.935,50.01,13.6,1.608,0.2849,-0.0242,5.902,6.399,1,THERMAL_OVERLOAD,1
68.14,61.8,28.5,399.05,34.79,11.53,61.24,0.943,50.15,6.35,0.694,0.0754,0.1868,1.216,1.43,2,MECHANICAL_FAULT,1
67.57,59.65,27.88,400.87,45.16,2.04,74.38,0.959,49.95,7.92,0.905,0.0119,0.0362,0.471,0.803,0,NORMAL,0
58.33,52.96,26.07,406.52,26.86,1.62,46.58,0.948,50.06,5.36,0.546,0.0752,-0.009,0.672,1.547,0,NORMAL,0
77.02,91.85,9.37,383.76,32.01,2.74,53.09,0.772,49.89,-14.83,0.614,0.116,0.0002,2.511,2.496,3,DIELECTRIC_FAULT,1
62.33,53.51,22.47,403.39,37.65,1.52,60.47,0.952,50.06,8.82,0.759,0.028,-0.0086,0.684,1.749,0,NORMAL,0
58.59,49.49,28.01,399.93,31.35,1.38,55.81,0.952,49.95,9.1,0.627,0.0072,0.0084,0.473,1.527,0,NORMAL,0
67.25,59.35,24.49,402.16,43.67,0.91,73.59,0.937,50.02,7.9,0.878,-0.031,0.013,1.141,0.803,0,NORMAL,0
115.31,85.83,29.47,403.67,70.47,2.55,109.4,0.909,49.83,29.47,1.422,0.7139,0.1355,5.572,4.621,1,THERMAL_OVERLOAD,1
57.22,49.68,22.22,401.04,37.55,7.13,69.96,0.926,50.17,7.54,0.753,-0.0028,0.3783,0.974,2.583,2,MECHANICAL_FAULT,1
60.98,55.65,26.83,404.23,32.24,1.15,50.26,0.972,49.91,5.33,0.652,0.0338,-0.0368,0.426,0.562,0,NORMAL,0
59.64,54.39,24.03,403.62,27.35,1.13,46.14,0.938,49.96,5.25,0.552,-0.0037,-0.0401,0.228,1.191,0,NORMAL,0
59.99,54.04,24.65,395.23,27.48,1.33,48.24,0.95,50.09,5.95,0.543,0.0441,-0.0042,1.092,1.933,0,NORMAL,0
60.22,52.69,25.68,407.72,31.14,1.33,48.53,0.947,50.1,7.52,0.635,0.0257,0.0053,0.696,1.737,0,NORMAL,0
68.84,59.3,24.77,400.87,43.26,1.34,77.0,0.944,49.98,9.53,0.867,-0.0138,0.0211,0.481,1.314,0,NORMAL,0
102.43,95.78,29.5,392.98,63.64,2.43,95.69,0.94,49.94,6.66,1.25,0.3162,-0.0727,5.906,6.847,1,THERMAL_OVERLOAD,1
66.96,62.4,22.93,394.36,40.99,2.13,68.04,0.954,49.99,4.56,0.808,0.0327,-0.015,0.698,0.965,0,NORMAL,0
65.8,58.97,25.72,403.34,41.17,1.87,69.08,0.958,49.97,6.83,0.83,-0.0011,0.0313,0.723,1.141,0,NORMAL,0
69.71,64.8,24.26,398.44,46.25,1.07,77.25,0.941,50.01,4.91,0.921,0.0431,0.0057,0.514,0.627,0,NORMAL,0
59.43,51.68,25.17,400.38,32.03,1.16,50.71,0.933,50.04,7.75,0.641,-0.0017,0.0204,0.937,0.522,0,NORMAL,0
113.86,102.75,34.01,394.26,85.98,3.62,130.72,0.936,49.91,11.11,1.695,0.3471,0.0749,4.819,6.204,1,THERMAL_OVERLOAD,1
61.22,56.76,24.29,401.68,37.98,1.26,64.41,0.932,50.04,4.46,0.763,0.0146,0.0421,0.659,1.861,0,NORMAL,0
65.27,60.97,26.11,400.65,44.13,1.95,76.31,0.946,50.04,4.3,0.884,0.0328,-0.0005,0.328,0.592,0,NORMAL,0
63.0,58.48,27.39,396.02,37.79,1.58,63.85,0.972,49.97,4.52,0.748,0.0145,-0.022,0.418,1.811,0,NORMAL,0
71.81,65.04,23.07,397.71,42.95,8.66,73.38,0.951,49.93,6.77,0.854,0.0373,0.4078,1.237,1.414,2,MECHANICAL_FAULT,1
65.73,58.45,28.11,404.85,44.91,0.89,73.88,0.934,50.02,7.28,0.909,-0.0155,0.0351,0.977,1.259,0,NORMAL,0
64.71,56.77,25.59,396.55,28.46,1.74,47.5,0.952,49.93,7.94,0.564,0.0302,-0.0417,0.529,0.858,0,NORMAL,0
66.3,60.07,24.47,393.06,41.34,2.15,68.56,0.954,49.97,6.23,0.812,0.068,-0.009,0.684,1.033,0,NORMAL,0
61.36,55.77,27.51,396.41,33.47,1.2,57.26,0.938,50.0,5.59,0.663,-0.0151,-0.0058,1.127,1.809,0,NORMAL,0
63.69,58.72,27.01,404.84,40.64,0.99,69.15,0.963,49.96,4.97,0.823,-0.0052,-0.0092,1.178,0.681,0,NORMAL,0
59.24,50.16,25.03,405.56,29.48,1.09,48.44,0.955,50.07,9.08,0.598,-0.0067,0.0234,1.19,1.425,0,NORMAL,0
64.24,60.19,25.04,401.47,34.68,1.43,56.14,0.95,50.0,4.05,0.696,-0.005,-0.0035,0.998,1.744,0,NORMAL,0
62.77,58.65,26.79,404.02,30.67,1.53,52.5,0.947,49.99,4.13,0.62,-0.0253,-0.0162,0.3,1.726,0,NORMAL,0
129.11,110.02,60.66,333.16,101.02,12.1,143.03,0.699,48.91,19.09,1.683,0.9704,1.0776,7.947,12.376,4,CRITICAL_FAILURE,1
64.34,54.4,23.6,399.85,38.92,1.77,64.46,0.967,49.96,9.94,0.778,-0.0135,-0.0223,0.948,1.799,0,NORMAL,0
59.87,51.2,23.82,398.95,33.25,1.11,51.61,0.964,49.98,8.67,0.663,0.0465,0.0188,0.522,1.851,0,NORMAL,0
88.92,75.62,51.69,373.94,40.37,3.66,71.28,0.732,49.97,13.3,0.755,0.0962,0.0446,3.696,4.295,3,DIELECTRIC_FAULT,1
65.11,58.01,24.87,396.28,35.01,0.92,56.49,0.967,50.08,7.09,0.694,0.0131,-0.0129,0.364,0.606,0,NORMAL,0
62.5,55.36,25.59,404.82,36.47,1.33,63.36,0.957,50.04,7.14,0.738,0.0229,-0.0185,0.867,0.722,0,NORMAL,0
66.71,57.79,24.93,399.24,39.45,0.84,70.01,0.969,50.01,8.92,0.787,-0.0368,0.0054,0.604,0.982,0,NORMAL,0
74.82,81.28,43.09,402.12,28.57,3.5,52.53,0.703,49.93,-6.45,0.574,0.226,-0.047,3.084,2.475,3,DIELECTRIC_FAULT,1
62.92,58.61,28.43,400.43,29.95,1.85,49.1,0.954,50.04,4.31,0.6,0.0183,-0.0343,0.342,0.741,0,NORMAL,0
65.02,55.37,24.46,401.31,38.32,1.27,66.94,0.966,50.15,9.65,0.769,0.0224,0.0013,0.439,0.965,0,NORMAL,0
64.78,60.41,22.0,401.98,36.81,1.9,61.1,0.933,49.98,4.37,0.74,-0.0323,0.0201,1.164,1.827,0,NORMAL,0
64.81,56.42,25.12,400.78,40.37,1.67,66.22,0.96,50.0,8.39,0.809,-0.0042,0.0048,0.44,1.27,0,NORMAL,0
65.58,58.35,26.77,401.42,41.5,2.12,72.15,0.966,50.01,7.23,0.833,-0.0044,-0.0435,0.815,1.743,0,NORMAL,0
90.52,92.25,49.19,384.56,49.64,3.38,85.12,0.818,49.75,-1.73,0.954,0.19,0.0034,1.533,3.253,3,DIELECTRIC_FAULT,1
69.96,64.36,25.2,396.49,46.63,0.9,77.75,0.946,50.05,5.6,0.924,-0.008,-0.0178,0.398,1.793,0,NORMAL,0
116.43,88.5,34.16,393.36,77.94,3.63,120.25,0.897,49.68,27.93,1.533,0.4509,-0.0296,4.946,4.051,1,THERMAL_OVERLOAD,1
66.04,59.53,21.88,398.54,35.91,10.76,67.45,0.953,49.95,6.51,0.716,0.0079,0.2574,0.918,2.345,2,MECHANICAL_FAULT,1
66.86,60.53,22.83,402.86,44.83,0.96,72.2,0.938,50.0,6.32,0.903,0.0251,0.0199,0.404,1.77,0,NORMAL,0
90.64,102.7,32.87,399.46,64.76,2.92,103.09,0.913,49.98,-12.06,1.293,0.4357,0.06,5.776,5.092,1,THERMAL_OVERLOAD,1
68.31,59.87,21.69,392.9,41.8,1.95,72.92,0.951,50.02,8.44,0.821,0.007,0.0045,0.837,1.297,0,NORMAL,0
64.2,56.04,24.28,400.24,34.43,1.0,59.48,0.956,49.99,8.16,0.689,-0.023,-0.0357,1.182,0.735,0,NORMAL,0
81.47,77.96,46.07,404.84,33.07,2.04,68.06,0.837,50.02,3.51,0.669,0.2085,0.0693,2.537,4.961,3,DIELECTRIC_FAULT,1
62.44,57.43,25.95,407.28,29.95,0.83,50.92,0.969,50.08,5.02,0.61,0.0256,0.0083,1.161,1.304,0,NORMAL,0
62.33,55.36,24.33,400.97,33.09,1.76,56.03,0.952,50.04,6.97,0.663,-0.0169,0.0126,0.472,1.385,0,NORMAL,0
63.57,57.24,28.25,395.98,42.25,1.61,67.06,0.979,50.06,6.33,0.837,0.0132,0.0039,0.318,0.592,0,NORMAL,0
66.1,59.79,27.47,401.62,34.69,1.15,61.45,0.935,50.06,6.31,0.697,0.0041,0.028,0.377,0.893,0,NORMAL,0
69.1,62.99,27.43,403.96,40.05,1.74,69.48,0.97,49.96,6.11,0.809,-0.0097,-0.008,0.408,1.902,0,NORMAL,0
58.2,52.47,25.11,390.35,37.15,8.25,64.98,0.955,50.06,5.74,0.725,0.0678,0.2913,1.428,2.617,2,MECHANICAL_FAULT,1
67.23,60.18,26.13,409.2,42.39,1.76,69.18,0.974,49.91,7.05,0.867,0.0387,0.0135,0.36,1.192,0,NORMAL,0
63.98,54.0,26.65,402.26,29.09,0.84,51.3,0.935,49.99,9.98,0.585,-0.0218,0.0071,0.937,1.845,0,NORMAL,0
61.59,54.51,23.55,394.44,29.85,0.89,55.43,0.955,50.07,7.08,0.589,0.0883,-0.0072,0.203,1.024,0,NORMAL,0
76.22,88.94,7.85,376.17,28.81,1.99,58.03,0.742,49.79,-12.72,0.542,0.2546,0.0668,3.356,4.954,3,DIELECTRIC_FAULT,1
90.63,76.21,56.23,380.91,33.03,2.33,56.22,0.757,50.1,14.42,0.629,0.272,0.0016,1.802,4.93,3,DIELECTRIC_FAULT,1
58.67,52.77,23.27,402.76,30.43,1.61,50.42,0.947,49.98,5.9,0.613,0.0347,0.0169,0.785,0.914,0,NORMAL,0
88.44,84.47,28.88,394.34,88.06,2.9,132.15,0.91,49.93,3.97,1.736,0.7522,0.0208,4.541,5.907,1,THERMAL_OVERLOAD,1
68.6,58.95,30.91,408.28,46.76,1.66,77.45,0.966,50.01,9.65,0.955,-0.0138,-0.011,1.05,1.537,0,NORMAL,0
59.77,54.33,23.05,398.03,43.32,10.04,81.75,0.94,49.96,5.44,0.862,0.0118,0.2768,1.205,2.152,2,MECHANICAL_FAULT,1
64.76,60.53,23.18,394.05,34.0,2.09,53.07,0.944,50.05,4.24,0.67,-0.0003,0.0025,0.226,0.614,0,NORMAL,0
132.25,117.25,49.25,350.07,89.3,12.93,139.82,0.619,48.25,15.0,1.563,1.5156,0.858,5.657,9.239,4,CRITICAL_FAILURE,1
62.33,55.29,24.23,402.59,29.56,1.69,50.51,0.974,49.91,7.04,0.595,-0.0513,0.0086,0.243,0.763,0,NORMAL,0
61.54,56.77,23.52,395.68,37.35,2.12,61.19,0.966,50.0,4.77,0.739,0.0512,-0.0198,0.76,0.87,0,NORMAL,0
64.3,60.07,26.32,397.94,45.29,1.01,72.71,0.978,50.06,4.24,0.901,-0.0037,0.0412,0.224,0.875,0,NORMAL,0
57.95,52.4,26.29,402.7,36.43,8.96,61.78,0.943,50.01,5.56,0.734,-0.0258,0.6216,0.886,2.52,2,MECHANICAL_FAULT,1
65.54,57.77,32.27,408.55,38.13,11.34,63.96,0.952,50.06,7.78,0.779,-0.0377,0.6281,1.547,2.615,2,MECHANICAL_FAULT,1
67.93,60.74,21.9,391.66,45.29,9.51,83.55,0.912,50.07,7.19,0.887,-0.1007,0.6121,1.652,2.354,2,MECHANICAL_FAULT,1
62.84,55.11,25.66,396.8,43.26,11.48,79.67,0.94,50.06,7.73,0.858,0.068,0.5241,1.591,1.044,2,MECHANICAL_FAULT,1
67.81,62.36,25.09,391.51,44.32,1.75,77.17,0.966,49.96,5.45,0.868,0.0061,-0.0092,0.796,1.609,0,NORMAL,0
67.34,58.24,26.01,408.1,41.78,2.12,69.02,0.948,49.99,9.1,0.852,0.0026,0.0159,0.673,1.749,0,NORMAL,0
60.67,52.05,22.04,398.89,32.63,1.37,55.01,0.949,49.93,8.63,0.651,-0.0354,0.0277,0.22,1.159,0,NORMAL,0
95.69,102.3,29.5,396.01,75.52,2.24,119.56,0.906,49.95,-6.61,1.495,0.396,-0.0072,3.247,5.904,1,THERMAL_OVERLOAD,1
111.77,101.41,23.86,391.62,89.63,2.84,132.54,0.901,49.86,10.36,1.755,0.4337,0.0772,3.042,5.172,1,THERMAL_OVERLOAD,1
62.05,54.94,24.03,400.11,33.67,2.03,56.03,0.931,50.0,7.11,0.674,-0.0005,0.0137,0.542,1.886,0,NORMAL,0
70.61,61.97,30.74,403.0,35.25,8.06,66.28,0.939,50.01,8.64,0.71,0.0614,0.2834,1.283,2.509,2,MECHANICAL_FAULT,1
58.65,54.62,22.98,404.28,29.73,1.55,46.81,0.976,49.92,4.03,0.601,-0.0387,-0.0259,0.938,1.178,0,NORMAL,0
66.29,58.53,21.2,404.73,44.77,1.0,77.03,0.939,49.98,7.76,0.906,0.0186,0.019,0.863,1.013,0,NORMAL,0
58.08,54.04,25.24,394.1,34.89,1.49,53.62,0.944,50.03,4.04,0.687,0.0037,-0.0023,0.291,1.439,0,NORMAL,0
60.71,50.73,24.0,398.73,31.36,1.36,52.86,0.973,50.1,9.98,0.625,0.0175,-0.0097,0.71,1.822,0,NORMAL,0
62.32,56.32,25.2,401.22,29.62,1.26,51.75,0.95,50.03,6.0,0.594,0.0523,-0.0199,0.38,1.266,0,NORMAL,0
69.45,60.61,23.13,398.47,43.86,8.57,77.95,0.955,49.82,8.84,0.874,0.0261,0.4079,1.062,1.207,2,MECHANICAL_FAULT,1
63.87,59.79,26.18,399.33,39.02,1.38,62.63,0.977,50.04,4.07,0.779,-0.001,0.0156,0.955,1.504,0,NORMAL,0
73.83,67.16,24.72,395.81,43.98,6.49,82.34,0.948,50.18,6.67,0.87,-0.0242,0.5563,1.427,1.221,2,MECHANICAL_FAULT,1
97.89,102.0,37.5,387.92,70.76,3.39,112.16,0.883,49.96,-4.11,1.372,0.4677,0.0716,3.799,5.775,1,THERMAL_OVERLOAD,1
60.23,53.65,24.84,404.37,33.82,1.3,58.92,0.952,49.96,6.57,0.684,-0.0023,-0.0049,0.316,0.879,0,NORMAL,0
93.6,99.94,31.83,397.06,64.01,2.35,104.83,0.931,49.95,-6.34,1.271,0.2691,0.0194,5.252,5.781,1,THERMAL_OVERLOAD,1
64.08,58.44,23.75,401.92,45.49,1.21,70.58,0.967,50.02,5.64,0.914,-0.0147,-0.0471,0.5,1.27,0,NORMAL,0
112.92,91.29,28.08,405.56,65.94,3.74,102.24,0.923,49.83,21.62,1.337,0.2038,0.0379,4.354,6.362,1,THERMAL_OVERLOAD,1
66.41,60.48,26.6,401.42,41.3,1.86,68.39,0.969,50.11,5.93,0.829,0.0613,0.0138,0.537,1.702,0,NORMAL,0
60.62,53.95,21.98,408.72,29.81,2.18,52.65,0.954,49.99,6.67,0.609,-0.0449,0.0035,0.714,0.883,0,NORMAL,0
58.84,53.54,21.02,402.41,28.75,0.94,48.2,0.937,49.98,5.3,0.579,-0.0144,0.0371,0.829,0.5,0,NORMAL,0
66.04,61.85,25.8,405.64,46.44,1.34,77.25,0.931,50.01,4.18,0.942,-0.0166,0.0063,0.255,1.707,0,NORMAL,0
65.75,61.67,24.17,402.89,37.63,1.05,66.33,0.961,49.98,4.08,0.758,0.0331,0.0148,0.265,1.433,0,NORMAL,0
74.58,68.86,29.4,396.52,40.63,9.6,77.34,0.91,50.03,5.73,0.806,-0.0001,0.1585,1.14,2.048,2,MECHANICAL_FAULT,1
65.74,59.66,25.4,401.5,42.74,1.72,74.65,0.964,50.0,6.08,0.858,-0.0221,0.024,0.764,0.905,0,NORMAL,0
62.49,55.81,24.6,401.73,34.33,1.36,58.6,0.95,50.02,6.68,0.69,0.0676,0.0247,0.448,1.69,0,NORMAL,0
62.56,54.43,24.59,396.18,31.7,1.15,54.99,0.967,49.95,8.13,0.628,0.0166,-0.0069,1.092,0.795,0,NORMAL,0
96.65,102.08,32.3,393.53,67.14,3.41,98.07,0.938,50.03,-5.44,1.321,0.4664,0.1099,4.046,6.845,1,THERMAL_OVERLOAD,1
122.92,109.39,50.72,349.68,88.5,14.06,156.15,0.671,48.43,13.53,1.547,1.875,0.6456,6.389,8.808,4,CRITICAL_FAILURE,1
73.38,67.77,24.76,404.04,42.8,8.35,79.76,0.918,50.08,5.6,0.865,-0.0949,0.3847,0.97,1.243,2,MECHANICAL_FAULT,1
77.32,76.6,9.29,396.84,29.56,2.97,60.22,0.691,49.4,0.72,0.587,0.3506,0.0268,2.802,3.347,3,DIELECTRIC_FAULT,1
57.43,53.11,22.94,401.6,27.71,0.87,45.39,0.963,49.98,4.32,0.556,0.0295,-0.0306,0.292,0.547,0,NORMAL,0
110.58,92.45,35.65,397.27,79.64,2.52,127.1,0.902,49.93,18.12,1.582,0.8481,0.1648,3.642,4.664,1,THERMAL_OVERLOAD,1
69.16,65.1,23.14,396.21,46.09,1.33,71.86,0.943,50.01,4.06,0.913,-0.0036,-0.0452,0.559,1.329,0,NORMAL,0
67.48,62.08,28.05,403.05,40.72,1.48,69.48,0.957,50.1,5.4,0.821,0.0847,-0.0071,0.916,0.664,0,NORMAL,0
95.44,87.49,28.28,390.55,60.69,3.77,95.86,0.899,49.81,7.95,1.185,0.3948,0.1351,5.442,4.335,1,THERMAL_OVERLOAD,1
61.87,56.61,25.25,396.66,39.9,1.64,67.87,0.934,49.99,5.26,0.791,-0.0167,0.0086,0.623,1.349,0,NORMAL,0
81.02,89.84,49.1,390.74,29.21,2.49,56.33,0.806,49.61,-8.81,0.571,0.3305,-0.1274,3.67,3.516,3,DIELECTRIC_FAULT,1
66.54,61.29,25.31,398.1,42.67,1.18,72.73,0.941,49.94,5.25,0.849,-0.0569,0.0225,0.341,1.302,0,NORMAL,0
68.95,61.06,21.24,395.11,43.7,1.19,72.36,0.976,49.95,7.89,0.863,0.0358,0.0183,1.071,0.531,0,NORMAL,0
63.75,59.17,23.76,397.62,36.94,1.05,65.04,0.979,50.07,4.58,0.734,-0.0746,0.0255,0.527,0.959,0,NORMAL,0
60.06,55.67,25.69,398.76,30.02,1.7,51.95,0.975,49.96,4.39,0.598,-0.0102,-0.0142,0.291,1.111,0,NORMAL,0
65.06,59.17,25.73,400.47,46.89,1.11,75.63,0.932,50.04,5.89,0.939,0.011,-0.0192,0.945,1.202,0,NORMAL,0
107.76,97.11,25.53,388.45,71.69,2.45,110.9,0.899,49.82,10.65,1.392,0.6321,0.0289,3.216,6.403,1,THERMAL_OVERLOAD,1
64.84,55.8,24.44,399.56,36.52,0.85,66.42,0.937,49.98,9.04,0.73,-0.0024,0.0167,0.278,1.94,0,NORMAL,0
125.02,118.32,62.95,340.72,88.09,13.66,124.31,0.747,48.56,6.7,1.501,0.9677,0.4994,6.271,14.666,4,CRITICAL_FAILURE,1
63.19,58.51,21.29,401.73,36.74,1.97,64.9,0.931,49.99,4.69,0.738,0.0055,0.0067,0.365,1.349,0,NORMAL,0
64.58,57.71,30.07,400.53,39.57,0.89,64.87,0.953,49.95,6.87,0.793,-0.0285,-0.0136,0.553,0.963,0,NORMAL,0
88.56,95.8,35.71,387.44,65.77,3.2,100.0,0.922,49.85,-7.23,1.274,0.2301,-0.0777,5.995,3.132,1,THERMAL_OVERLOAD,1
68.19,60.24,25.51,400.91,43.82,1.12,73.85,0.965,50.04,7.95,0.878,0.0191,0.0254,0.474,1.1,0,NORMAL,0
99.58,104.39,39.18,398.02,82.6,2.18,129.8,0.93,49.92,-4.81,1.644,0.5733,-0.001,2.832,6.108,1,THERMAL_OVERLOAD,1
58.11,52.72,24.43,400.9,23.31,1.09,46.62,0.977,50.04,5.38,0.467,-0.067,-0.0154,0.301,1.715,0,NORMAL,0
95.39,103.69,30.25,412.44,65.64,2.95,101.84,0.911,49.98,-8.3,1.354,0.6793,0.092,4.15,6.051,1,THERMAL_OVERLOAD,1
63.25,53.5,23.8,398.01,43.55,1.07,70.7,0.931,49.95,9.75,0.867,-0.0121,-0.0202,0.221,1.629,0,NORMAL,0
93.58,85.54,29.47,390.38,80.93,2.47,117.35,0.885,49.87,8.05,1.58,0.4314,-0.0307,2.515,5.228,1,THERMAL_OVERLOAD,1
62.46,56.09,24.01,395.6,40.58,1.71,65.45,0.966,49.97,6.37,0.803,-0.0221,0.028,1.073,1.316,0,NORMAL,0
63.72,56.76,24.53,397.58,34.89,1.17,58.58,0.957,49.95,6.96,0.694,0.0294,-0.0174,1.086,0.687,0,NORMAL,0
58.93,52.07,24.23,402.92,25.56,0.87,45.7,0.974,49.91,6.86,0.515,0.0153,0.0198,0.814,0.804,0,NORMAL,0
66.63,58.35,25.55,398.36,42.62,1.88,67.74,0.963,50.0,8.28,0.849,-0.027,-0.0016,0.916,1.132,0,NORMAL,0
59.87,53.11,23.71,405.59,26.72,1.03,47.06,0.947,49.96,6.76,0.542,0.0037,0.0325,0.405,1.817,0,NORMAL,0
74.82,69.08,24.43,401.26,42.88,7.13,78.41,0.927,50.0,5.74,0.86,0.0065,0.4764,1.801,1.653,2,MECHANICAL_FAULT,1
63.76,53.85,23.37,402.85,35.25,1.64,60.82,0.965,50.07,9.9,0.71,0.0094,0.0008,0.617,1.791,0,NORMAL,0
68.0,61.31,27.74,395.81,44.52,0.82,74.04,0.933,49.98,6.69,0.881,-0.0244,-0.0038,0.379,1.669,0,NORMAL,0
60.59,52.59,24.29,401.59,28.77,1.94,46.38,0.959,50.02,8.0,0.578,0.0235,0.0261,0.617,0.938,0,NORMAL,0
64.57,57.16,22.27,400.63,37.04,10.69,71.85,0.95,49.9,7.41,0.742,0.0677,0.5104,0.866,2.119,2,MECHANICAL_FAULT,1
64.14,56.48,30.64,400.97,39.38,10.41,72.46,0.922,49.94,7.66,0.79,0.0284,0.4102,1.697,2.17,2,MECHANICAL_FAULT,1
73.47,66.69,24.87,396.14,48.2,10.63,83.95,0.903,50.03,6.78,0.955,0.0233,0.3977,1.225,2.878,2,MECHANICAL_FAULT,1
77.98,86.39,9.36,424.47,27.24,2.13,52.22,0.797,49.53,-8.41,0.578,0.2564,0.0942,3.573,4.517,3,DIELECTRIC_FAULT,1
104.48,93.02,33.24,398.66,78.85,3.06,126.63,0.891,50.2,11.46,1.572,0.6852,0.0641,3.892,3.369,1,THERMAL_OVERLOAD,1
110.47,85.53,31.19,408.07,84.4,2.53,127.65,0.929,49.94,24.93,1.722,0.3838,-0.005,4.703,3.923,1,THERMAL_OVERLOAD,1
60.96,51.36,26.49,403.95,26.06,1.31,45.27,0.957,50.05,9.6,0.526,0.0358,0.0305,0.905,0.624,0,NORMAL,0
65.08,58.64,22.73,403.53,41.85,1.41,64.4,0.975,50.05,6.44,0.844,0.0342,-0.0089,0.226,0.654,0,NORMAL,0
107.76,98.07,37.35,386.36,68.54,2.86,101.17,0.914,49.78,9.69,1.324,0.5331,0.0346,5.969,3.815,1,THERMAL_OVERLOAD,1
65.79,56.93,24.39,405.43,41.32,1.02,67.76,0.971,50.0,8.87,0.838,0.0072,0.0149,0.543,1.514,0,NORMAL,0
64.86,55.17,25.35,392.33,42.29,1.6,72.2,0.955,50.0,9.69,0.829,0.0019,0.0158,0.265,0.67,0,NORMAL,0
61.05,52.98,23.91,401.96,33.26,1.56,53.62,0.979,50.04,8.07,0.668,-0.0271,-0.0096,0.711,1.082,0,NORMAL,0
123.25,115.59,58.24,357.91,97.97,13.09,136.4,0.669,48.44,7.66,1.753,1.1226,0.6359,9.839,9.803,4,CRITICAL_FAILURE,1
68.56,59.28,24.69,399.15,44.33,2.05,69.87,0.953,50.01,9.28,0.885,-0.028,-0.0193,0.672,0.642,0,NORMAL,0
98.73,82.06,35.7,394.45,65.14,3.45,99.69,0.919,49.75,16.66,1.285,0.4143,0.0796,5.151,3.094,1,THERMAL_OVERLOAD,1
61.56,57.27,24.43,399.12,39.77,0.92,66.53,0.97,50.04,4.29,0.794,-0.0375,-0.0014,1.055,1.259,0,NORMAL,0
76.3,69.53,28.69,398.77,37.64,9.63,74.01,0.901,50.05,6.78,0.75,-0.0085,0.4307,1.935,2.506,2,MECHANICAL_FAULT,1
99.76,101.25,39.14,387.61,71.05,2.63,107.9,0.919,49.93,-1.49,1.377,0.495,0.0667,2.641,5.726,1,THERMAL_OVERLOAD,1
62.29,55.05,25.16,402.42,38.65,1.66,64.76,0.98,50.06,7.24,0.778,-0.0044,0.0006,1.166,1.921,0,NORMAL,0
64.66,59.17,22.39,398.18,45.28,0.99,75.39,0.932,50.0,5.49,0.902,-0.0056,-0.0143,0.588,1.077,0,NORMAL,0
66.68,57.09,29.03,401.04,45.64,1.42,73.79,0.955,49.97,9.59,0.915,-0.0184,-0.0022,0.474,1.611,0,NORMAL,0
58.29,52.52,25.33,399.08,40.13,2.09,60.91,0.93,50.02,5.78,0.801,-0.0176,0.018,1.032,0.882,0,NORMAL,0
67.76,62.11,21.47,393.94,39.35,11.74,68.25,0.944,49.99,5.65,0.775,0.0088,0.1466,1.075,1.573,2,MECHANICAL_FAULT,1
62.53,57.64,24.38,400.47,31.98,2.11,52.02,0.948,49.97,4.89,0.64,-0.0673,0.0196,0.68,1.285,0,NORMAL,0
76.38,71.16,23.77,393.72,38.69,7.4,77.83,0.931,49.9,5.22,0.762,0.0865,0.527,1.727,1.739,2,MECHANICAL_FAULT,1
63.57,59.01,25.6,392.72,39.39,1.86,64.97,0.974,49.92,4.55,0.773,-0.0105,0.0055,0.973,1.372,0,NORMAL,0
59.98,54.57,24.39,394.3,29.73,1.71,45.93,0.95,49.96,5.41,0.586,0.0066,0.0158,1.199,0.817,0,NORMAL,0
66.79,60.0,23.97,401.15,43.82,2.17,74.61,0.971,49.99,6.79,0.879,-0.0062,-0.0149,0.271,0.816,0,NORMAL,0
67.64,58.42,25.96,401.02,42.52,1.19,69.97,0.96,50.01,9.23,0.853,-0.0268,0.0317,1.08,1.97,0,NORMAL,0
67.01,59.68,24.95,402.74,42.67,2.11,73.25,0.971,49.94,7.33,0.859,0.0398,0.0201,0.633,1.698,0,NORMAL,0
113.29,101.53,34.37,388.57,82.83,2.81,123.63,0.888,49.74,11.76,1.609,0.669,0.0813,3.763,4.052,1,THERMAL_OVERLOAD,1
105.01,84.2,33.88,393.32,86.05,3.4,131.63,0.927,49.63,20.81,1.692,0.2115,-0.0423,5.513,5.631,1,THERMAL_OVERLOAD,1
67.95,62.85,23.85,402.67,38.76,1.65,67.18,0.966,50.05,5.1,0.78,-0.0156,-0.032,0.758,1.365,0,NORMAL,0
64.25,56.57,23.5,399.13,36.84,1.43,60.28,0.96,49.99,7.67,0.735,-0.0512,-0.0289,1.02,0.545,0,NORMAL,0
105.27,93.43,35.57,402.27,71.97,2.44,106.69,0.913,49.97,11.84,1.448,0.6043,0.0746,6.213,4.523,1,THERMAL_OVERLOAD,1
64.31,58.36,27.66,399.17,33.03,0.97,55.72,0.973,49.99,5.95,0.659,-0.0402,-0.0097,0.574,0.999,0,NORMAL,0
60.62,55.05,26.99,399.57,35.94,2.11,56.22,0.939,49.98,5.57,0.718,0.0192,-0.0038,0.262,0.639,0,NORMAL,0
62.14,53.43,23.39,403.1,33.79,0.84,57.33,0.959,50.04,8.71,0.681,0.0047,-0.0201,0.64,1.035,0,NORMAL,0
66.69,60.33,25.45,393.91,37.84,2.03,61.91,0.936,50.01,6.36,0.745,-0.0176,0.0439,0.691,1.382,0,NORMAL,0
62.94,53.96,25.76,405.36,31.63,1.76,51.44,0.933,50.03,8.98,0.641,0.0003,-0.0003,0.433,1.033,0,NORMAL,0
61.98,55.25,29.34,399.51,39.83,2.14,63.34,0.963,50.03,6.73,0.796,0.0044,0.0199,0.827,0.605,0,NORMAL,0
80.48,77.9,6.14,382.3,41.73,2.1,73.93,0.681,49.46,2.58,0.798,0.1216,0.06,3.212,3.932,3,DIELECTRIC_FAULT,1
123.01,109.07,55.75,352.2,88.23,12.23,126.39,0.667,48.28,13.95,1.554,1.7636,0.7743,10.775,14.84,4,CRITICAL_FAILURE,1
89.55,88.18,25.71,395.0,77.28,2.33,121.07,0.931,50.01,1.38,1.526,0.8395,-0.0861,5.629,5.617,1,THERMAL_OVERLOAD,1
60.73,56.45,30.08,406.64,32.1,2.03,59.26,0.952,49.95,4.29,0.653,0.0078,-0.0116,1.109,0.823,0,NORMAL,0
82.03,89.07,54.78,339.77,42.88,3.64,81.53,0.82,49.93,-7.04,0.728,0.2416,0.0088,3.895,2.896,3,DIELECTRIC_FAULT,1
91.04,75.22,9.69,357.3,49.96,2.49,88.6,0.712,49.54,15.83,0.893,0.2658,0.0318,2.668,3.212,3,DIELECTRIC_FAULT,1
59.62,51.53,25.01,395.6,33.29,1.86,55.68,0.934,50.01,8.1,0.658,0.0087,0.0517,0.913,1.515,0,NORMAL,0
108.72,83.72,34.92,394.7,72.03,2.82,103.07,0.914,50.02,25.0,1.422,0.6874,0.061,2.832,6.676,1,THERMAL_OVERLOAD,1
62.52,54.69,22.84,393.4,38.66,8.58,72.1,0.922,50.02,7.82,0.76,0.0486,0.3822,1.306,2.638,2,MECHANICAL_FAULT,1
69.27,65.13,26.83,404.81,42.17,1.35,72.48,0.98,49.93,4.14,0.854,0.0351,-0.0156,0.602,0.79,0,NORMAL,0
90.28,94.74,47.21,383.51,37.38,3.23,70.26,0.712,49.62,-4.47,0.717,0.2928,0.0444,3.051,2.723,3,DIELECTRIC_FAULT,1
64.44,55.42,23.84,396.58,43.68,2.07,68.33,0.957,49.96,9.02,0.866,0.0501,-0.0277,0.665,1.83,0,NORMAL,0
69.38,60.74,25.24,400.03,45.98,1.78,77.75,0.937,50.06,8.64,0.92,0.0212,0.0186,0.477,0.863,0,NORMAL,0
64.87,59.59,24.51,411.03,38.0,1.55,66.35,0.935,50.03,5.28,0.781,0.0045,-0.0179,1.171,0.961,0,NORMAL,0
70.96,62.83,24.01,396.54,45.51,2.02,77.73,0.963,50.09,8.12,0.902,0.0154,-0.0146,0.31,0.612,0,NORMAL,0
89.5,98.15,27.58,391.67,81.53,3.49,125.64,0.907,50.06,-8.64,1.597,0.3378,0.0325,4.928,6.856,1,THERMAL_OVERLOAD,1
116.35,99.3,35.05,398.37,79.09,2.94,123.58,0.916,49.79,17.05,1.575,0.6632,-0.066,5.937,6.851,1,THERMAL_OVERLOAD,1
60.89,55.38,23.7,402.23,30.15,1.93,50.19,0.971,50.0,5.52,0.606,0.0124,0.0321,0.332,1.32,0,NORMAL,0
64.94,59.13,25.76,401.96,39.93,1.06,66.67,0.945,49.99,5.81,0.802,-0.0274,-0.0083,0.33,1.465,0,NORMAL,0
90.95,87.98,6.9,386.54,37.98,3.37,63.71,0.727,49.98,2.97,0.734,0.1627,0.0804,3.802,4.994,3,DIELECTRIC_FAULT,1
66.61,58.03,25.41,392.48,38.18,0.97,65.77,0.942,50.03,8.58,0.749,-0.0184,-0.0043,0.763,1.559,0,NORMAL,0
59.76,50.42,24.35,405.41,29.0,1.74,50.03,0.942,50.01,9.34,0.588,-0.0299,-0.0121,0.976,1.473,0,NORMAL,0
77.45,77.4,53.04,386.2,23.63,2.44,53.09,0.837,49.58,0.05,0.456,0.1875,0.0532,2.781,4.165,3,DIELECTRIC_FAULT,1
61.76,55.16,20.46,398.16,31.09,8.49,61.23,0.922,50.01,6.6,0.619,0.0578,0.422,1.039,1.06,2,MECHANICAL_FAULT,1
99.95,102.26,35.18,390.12,68.69,2.06,104.09,0.898,50.13,-2.3,1.34,0.1698,0.0081,4.143,4.377,1,THERMAL_OVERLOAD,1
117.96,92.63,32.0,393.9,83.79,3.22,126.94,0.899,49.84,25.33,1.65,0.2194,-0.0002,5.095,5.601,1,THERMAL_OVERLOAD,1
64.81,58.8,23.28,398.08,36.38,5.92,68.65,0.905,49.93,6.01,0.724,0.049,0.5465,1.801,2.47,2,MECHANICAL_FAULT,1
64.52,56.01,25.17,405.59,37.85,1.0,63.1,0.964,50.07,8.51,0.768,0.0421,0.014,0.37,0.792,0,NORMAL,0
60.14,52.7,24.67,405.4,29.17,2.01,48.99,0.956,49.99,7.43,0.591,-0.0268,0.029,0.732,1.966,0,NORMAL,0
60.25,52.75,26.92,401.28,33.48,1.98,54.48,0.939,49.99,7.5,0.672,-0.0086,0.0075,0.351,1.558,0,NORMAL,0
88.57,100.77,31.81,397.02,76.86,2.19,112.48,0.885,50.02,-12.2,1.526,0.6249,-0.0319,5.012,6.098,1,THERMAL_OVERLOAD,1
60.72,51.42,27.81,405.62,26.88,2.16,49.4,0.937,50.08,9.29,0.545,-0.0312,-0.0217,1.014,1.971,0,NORMAL,0
89.54,84.4,52.03,346.82,43.35,2.92,73.72,0.737,49.63,5.14,0.752,0.1933,-0.0033,2.942,3.763,3,DIELECTRIC_FAULT,1
67.77,62.46,26.78,395.62,45.0,6.6,75.34,0.904,50.04,5.31,0.89,0.0487,0.5459,1.48,1.857,2,MECHANICAL_FAULT,1
66.45,59.92,24.71,400.9,30.76,7.25,61.29,0.955,50.16,6.54,0.617,0.0681,0.4389,0.979,1.035,2,MECHANICAL_FAULT,1
64.8,59.02,23.55,391.53,38.82,0.89,67.26,0.979,50.02,5.77,0.76,-0.0239,0.0349,0.902,1.634,0,NORMAL,0
60.8,54.79,25.1,412.7,26.83,2.04,47.59,0.959,50.02,6.02,0.554,-0.0023,0.0203,0.443,0.834,0,NORMAL,0
64.29,58.61,24.62,397.36,39.03,1.0,65.12,0.954,50.02,5.67,0.775,0.0343,0.015,0.438,1.592,0,NORMAL,0
59.1,53.45,24.42,404.22,33.58,0.89,56.85,0.961,50.11,5.64,0.679,-0.0317,0.028,0.951,1.657,0,NORMAL,0
65.06,59.61,29.12,398.68,45.47,1.4,75.43,0.974,49.95,5.44,0.906,-0.0465,-0.019,1.108,1.29,0,NORMAL,0
59.22,52.51,18.24,404.97,41.49,6.35,75.07,0.914,49.97,6.7,0.84,0.035,0.3098,1.156,1.401,2,MECHANICAL_FAULT,1
64.54,56.85,25.97,393.92,39.41,1.3,67.84,0.971,49.92,7.68,0.776,-0.0028,0.0265,0.551,1.044,0,NORMAL,0
114.4,85.32,28.62,392.34,70.23,2.94,106.93,0.939,49.98,29.08,1.378,0.206,-0.0313,4.903,4.356,1,THERMAL_OVERLOAD,1
74.93,84.77,56.16,354.11,32.65,2.47,61.43,0.787,50.21,-9.84,0.578,0.2436,0.1069,1.839,2.186,3,DIELECTRIC_FAULT,1
59.25,52.14,24.23,406.79,32.6,1.67,53.37,0.934,50.08,7.11,0.663,0.0231,-0.0002,1.097,1.006,0,NORMAL,0
65.3,55.38,22.86,401.22,37.16,1.96,61.87,0.958,49.99,9.92,0.745,-0.021,-0.0051,0.459,1.083,0,NORMAL,0
63.17,57.65,26.66,398.62,41.34,1.68,68.4,0.968,50.0,5.52,0.824,0.0142,-0.0006,0.998,0.691,0,NORMAL,0
82.41,93.87,11.95,385.25,30.2,2.03,68.04,0.711,50.08,-11.45,0.582,0.2966,0.1016,3.508,2.074,3,DIELECTRIC_FAULT,1
67.45,62.57,20.93,392.91,41.14,1.35,66.5,0.949,50.04,4.88,0.808,0.0308,0.0048,0.515,1.675,0,NORMAL,0
67.78,61.79,26.38,404.57,40.79,7.95,66.91,0.903,50.14,5.99,0.825,-0.039,0.5393,1.416,2.864,2,MECHANICAL_FAULT,1
61.43,52.46,23.5,400.43,31.92,1.4,54.91,0.971,49.96,8.97,0.639,0.0034,0.0157,0.26,0.904,0,NORMAL,0
71.91,66.57,28.29,393.53,39.27,6.55,72.41,0.953,49.92,5.34,0.773,-0.013,0.1672,1.272,1.134,2,MECHANICAL_FAULT,1
98.98,90.37,26.7,389.43,66.61,2.29,100.98,0.919,49.95,8.61,1.297,0.1537,-0.0519,3.373,6.34,1,THERMAL_OVERLOAD,1
61.37,54.69,22.28,393.6,34.52,11.07,60.58,0.921,50.06,6.68,0.679,-0.0275,0.4242,1.828,1.812,2,MECHANICAL_FAULT,1
62.67,54.88,24.21,392.72,31.96,1.43,55.06,0.932,49.98,7.78,0.628,0.0234,-0.0008,0.212,1.047,0,NORMAL,0
60.81,56.18,26.92,403.52,29.45,0.93,51.91,0.976,50.06,4.63,0.594,-0.0584,0.0196,0.957,0.886,0,NORMAL,0
62.48,57.44,25.91,397.52,35.56,1.86,64.49,0.963,50.07,5.04,0.707,-0.0094,-0.0125,0.707,0.957,0,NORMAL,0
85.6,89.21,56.2,386.83,43.46,3.25,86.37,0.762,49.51,-3.61,0.841,0.2931,-0.0285,3.361,2.867,3,DIELECTRIC_FAULT,1
82.83,82.59,6.9,404.46,44.44,2.51,78.45,0.713,49.86,0.24,0.899,0.144,-0.104,2.184,3.94,3,DIELECTRIC_FAULT,1
63.53,54.1,27.88,396.9,34.57,1.91,60.1,0.943,50.02,9.43,0.686,0.017,0.0007,0.29,1.525,0,NORMAL,0
70.76,65.32,26.59,399.55,34.28,10.05,61.38,0.905,49.99,5.44,0.685,-0.0001,0.1323,0.992,2.452,2,MECHANICAL_FAULT,1
111.06,99.96,33.17,394.71,69.03,2.11,110.04,0.913,49.96,11.11,1.362,0.4188,0.0474,5.401,3.722,1,THERMAL_OVERLOAD,1
62.84,54.02,23.84,402.88,36.82,1.8,57.06,0.934,49.96,8.82,0.742,0.018,0.0171,0.93,0.65,0,NORMAL,0
59.75,54.34,21.0,397.85,31.11,1.58,51.77,0.947,49.99,5.41,0.619,-0.0168,-0.0024,0.44,0.653,0,NORMAL,0
61.52,55.84,25.22,393.41,30.68,0.92,49.71,0.938,49.97,5.67,0.604,0.0148,-0.0571,0.459,0.975,0,NORMAL,0
72.87,66.85,20.26,401.21,41.01,8.79,82.53,0.922,49.94,6.01,0.823,0.0083,0.3357,0.993,1.603,2,MECHANICAL_FAULT,1
68.68,63.25,26.92,397.58,41.79,1.82,69.49,0.948,50.08,5.43,0.831,-0.0405,0.023,0.962,1.179,0,NORMAL,0
64.97,58.74,25.5,398.87,40.96,1.9,71.54,0.972,49.98,6.24,0.817,0.0069,0.0532,0.463,1.483,0,NORMAL,0
67.63,62.23,23.83,399.99,44.21,1.79,75.1,0.932,49.97,5.41,0.884,0.004,-0.011,0.842,1.498,0,NORMAL,0
63.9,56.17,23.39,394.81,37.25,7.49,68.87,0.92,50.01,7.73,0.735,0.0187,0.1684,1.154,1.584,2,MECHANICAL_FAULT,1
63.57,57.09,25.29,399.45,37.96,1.57,66.8,0.952,50.04,6.48,0.758,0.016,0.0033,1.135,1.752,0,NORMAL,0
66.14,60.72,20.47,401.69,42.83,1.56,71.73,0.943,50.06,5.43,0.86,0.0707,-0.0009,0.281,1.614,0,NORMAL,0
63.15,58.14,23.84,397.5,44.31,2.07,71.88,0.951,50.0,5.01,0.881,0.0011,-0.0078,0.218,1.993,0,NORMAL,0
62.53,54.38,20.8,408.4,34.11,1.88,55.25,0.976,49.96,8.15,0.696,0.0031,0.0168,0.279,0.61,0,NORMAL,0
64.29,54.33,21.79,400.91,39.84,2.03,60.44,0.957,49.98,9.96,0.799,-0.04,-0.0243,0.96,1.376,0,NORMAL,0
65.95,57.99,26.36,390.55,41.23,0.83,70.78,0.964,49.96,7.96,0.805,-0.0678,0.0021,1.187,1.695,0,NORMAL,0
83.8,82.58,9.55,380.9,39.08,1.94,62.16,0.831,49.94,1.22,0.744,0.1207,0.0402,1.58,3.63,3,DIELECTRIC_FAULT,1
84.94,92.03,10.62,389.11,41.72,2.1,71.43,0.834,49.56,-7.09,0.812,0.2873,0.0522,3.058,3.223,3,DIELECTRIC_FAULT,1
58.39,50.9,24.61,401.25,29.64,0.86,50.14,0.951,50.03,7.49,0.595,0.0031,0.0226,0.333,1.15,0,NORMAL,0
63.49,54.32,25.02,399.26,31.78,1.66,53.29,0.976,50.05,9.17,0.635,0.0,-0.0348,1.116,1.082,0,NORMAL,0
64.82,55.88,26.54,396.97,47.68,0.82,72.63,0.97,49.96,8.94,0.946,0.0303,-0.0175,0.776,1.551,0,NORMAL,0
65.0,57.69,27.09,396.53,46.72,1.68,75.2,0.954,50.02,7.3,0.926,0.011,0.0072,0.688,1.072,0,NORMAL,0
125.84,99.7,51.14,353.13,124.13,11.16,148.45,0.768,48.53,26.14,2.192,1.8207,0.483,9.634,13.012,4,CRITICAL_FAILURE,1
110.33,92.69,26.67,390.71,60.94,2.37,96.95,0.937,49.82,17.64,1.19,0.8094,0.0879,4.171,5.274,1,THERMAL_OVERLOAD,1
64.4,56.2,24.9,400.64,42.87,1.16,70.29,0.946,49.97,8.2,0.859,-0.0293,0.0057,0.309,1.38,0,NORMAL,0
63.48,56.52,23.96,398.47,37.34,1.62,64.72,0.954,49.96,6.95,0.744,-0.0091,-0.0176,1.155,1.927,0,NORMAL,0
106.21,88.96,37.29,387.67,75.4,3.49,117.33,0.898,49.98,17.25,1.462,0.3346,0.1525,2.612,3.594,1,THERMAL_OVERLOAD,1
79.68,82.61,46.44,379.36,42.48,3.59,81.63,0.71,49.83,-2.93,0.806,0.3697,0.0171,2.458,2.014,3,DIELECTRIC_FAULT,1
62.41,54.71,28.14,405.72,39.69,9.08,69.53,0.946,49.99,7.7,0.805,0.0357,0.3331,1.243,2.738,2,MECHANICAL_FAULT,1
69.26,62.05,26.58,396.31,44.32,0.9,75.28,0.972,50.0,7.21,0.878,0.0145,0.0156,1.112,0.64,0,NORMAL,0
79.24,86.98,57.0,378.07,45.36,2.31,83.08,0.72,49.65,-7.74,0.858,0.098,0.1005,3.895,2.125,3,DIELECTRIC_FAULT,1
133.4,115.51,64.0,340.63,124.0,15.38,157.21,0.636,48.46,17.9,2.112,0.9909,0.4754,7.784,9.264,4,CRITICAL_FAILURE,1
67.85,62.41,27.62,399.72,40.81,0.91,72.65,0.933,50.04,5.44,0.816,-0.0045,-0.0029,0.621,0.736,0,NORMAL,0
63.25,55.31,24.8,401.58,38.4,1.17,65.14,0.942,49.99,7.94,0.771,-0.0068,0.0073,0.472,1.639,0,NORMAL,0
70.02,87.79,45.85,371.71,31.76,3.26,57.38,0.838,50.08,-17.77,0.59,0.3724,0.0679,3.034,4.294,3,DIELECTRIC_FAULT,1
73.11,65.7,24.99,400.11,32.86,8.51,62.34,0.937,49.91,7.41,0.657,-0.0019,0.4326,1.434,2.889,2,MECHANICAL_FAULT,1
59.9,50.68,23.94,400.17,30.14,0.9,49.61,0.974,49.88,9.22,0.603,0.0198,-0.0223,0.506,1.827,0,NORMAL,0
67.12,60.78,25.57,406.6,42.25,1.1,69.45,0.951,50.0,6.33,0.859,0.0296,-0.0155,0.964,0.939,0,NORMAL,0
70.41,95.73,54.03,393.33,26.15,2.35,56.44,0.811,49.91,-25.32,0.514,0.2254,0.0907,1.707,4.006,3,DIELECTRIC_FAULT,1
63.85,55.2,22.56,393.55,29.64,1.0,54.59,0.961,50.03,8.65,0.583,-0.0376,-0.0037,0.526,0.955,0,NORMAL,0
59.33,51.59,24.1,400.94,26.1,0.96,46.17,0.946,49.94,7.74,0.523,-0.0084,-0.0173,0.247,1.28,0,NORMAL,0
60.7,54.4,22.11,399.09,37.56,1.97,60.82,0.963,49.92,6.3,0.75,0.0324,0.0008,0.598,1.246,0,NORMAL,0
88.44,87.82,33.33,394.14,67.92,2.14,112.03,0.914,50.0,0.61,1.339,0.6628,-0.0097,4.374,5.242,1,THERMAL_OVERLOAD,1
62.48,54.76,24.39,401.11,33.89,1.39,53.6,0.961,50.06,7.72,0.68,-0.0099,0.0187,0.71,1.491,0,NORMAL,0
61.85,55.15,25.95,404.45,40.86,1.09,68.81,0.968,50.15,6.7,0.826,-0.0155,0.0021,0.403,1.075,0,NORMAL,0
62.84,57.59,26.0,400.61,31.47,1.34,52.07,0.962,50.02,5.25,0.63,0.0249,-0.0019,0.917,1.97,0,NORMAL,0
65.11,58.76,25.56,401.88,46.75,2.16,75.72,0.948,49.94,6.35,0.939,-0.0401,0.0089,0.263,0.948,0,NORMAL,0
63.95,58.17,23.69,397.37,41.29,1.26,63.86,0.978,49.97,5.78,0.82,-0.0284,0.0226,0.617,1.616,0,NORMAL,0
65.73,59.35,27.61,400.64,47.14,5.43,84.91,0.932,50.03,6.38,0.944,0.0134,0.5912,1.942,2.225,2,MECHANICAL_FAULT,1
65.3,56.13,25.4,400.7,46.5,1.75,76.14,0.934,50.0,9.17,0.932,0.0143,-0.0349,0.504,0.63,0,NORMAL,0
91.15,84.49,9.21,386.91,42.86,3.0,78.91,0.802,49.77,6.65,0.829,0.2671,0.0553,2.509,3.615,3,DIELECTRIC_FAULT,1
60.57,53.96,26.87,398.3,39.23,1.37,62.84,0.958,49.97,6.62,0.781,-0.0027,-0.0243,0.961,1.167,0,NORMAL,0
72.13,82.12,57.72,381.53,23.43,2.59,50.87,0.825,49.5,-10.0,0.447,0.3051,-0.0179,3.674,2.733,3,DIELECTRIC_FAULT,1
69.23,62.83,22.04,402.28,32.46,11.07,62.53,0.908,49.89,6.4,0.653,0.0615,0.3994,1.265,2.959,2,MECHANICAL_FAULT,1
76.64,68.89,22.26,395.08,34.76,8.88,62.48,0.952,49.9,7.75,0.687,0.0125,0.3844,1.917,2.072,2,MECHANICAL_FAULT,1
117.82,83.68,32.88,401.5,78.75,2.45,124.05,0.897,49.91,34.15,1.581,0.5532,-0.0136,5.847,3.964,1,THERMAL_OVERLOAD,1
67.31,60.67,22.84,404.2,44.61,1.12,75.22,0.935,50.1,6.64,0.901,-0.0247,0.0259,0.667,0.982,0,NORMAL,0
98.91,99.61,31.11,383.42,61.71,2.34,99.94,0.905,49.92,-0.7,1.183,0.3741,0.0478,4.929,5.578,1,THERMAL_OVERLOAD,1
65.41,57.83,22.7,400.73,43.84,2.02,70.81,0.945,49.99,7.58,0.878,-0.0817,-0.0039,0.747,0.8,0,NORMAL,0
64.42,58.33,25.5,397.64,38.15,2.1,62.71,0.974,49.88,6.09,0.759,-0.0055,-0.0041,0.558,0.936,0,NORMAL,0
106.37,103.08,32.45,385.01,84.19,2.63,132.1,0.897,49.98,3.29,1.621,0.4051,0.0467,4.611,6.094,1,THERMAL_OVERLOAD,1
63.32,57.84,24.83,407.35,36.55,0.89,61.79,0.966,49.96,5.48,0.744,-0.0074,0.011,0.652,0.871,0,NORMAL,0
89.1,77.35,7.58,380.51,34.83,3.79,54.16,0.747,50.13,11.75,0.663,0.2479,0.1156,1.666,2.995,3,DIELECTRIC_FAULT,1
66.12,58.77,24.02,400.98,43.86,1.22,74.85,0.973,49.98,7.35,0.879,0.0179,0.0237,0.29,1.932,0,NORMAL,0
63.2,54.34,23.57,407.17,40.19,1.5,65.56,0.965,49.92,8.87,0.818,-0.0084,0.0013,0.331,1.109,0,NORMAL,0
56.61,48.92,27.11,404.52,26.58,1.56,45.3,0.94,49.96,7.69,0.538,0.0082,0.036,0.749,1.619,0,NORMAL,0
68.02,58.66,23.72,405.18,42.97,0.92,70.14,0.966,49.94,9.36,0.871,-0.0092,0.0224,0.557,1.488,0,NORMAL,0
65.82,61.46,25.06,396.93,37.63,0.82,59.43,0.961,50.09,4.35,0.747,0.047,0.0124,0.271,0.534,0,NORMAL,0
65.32,56.54,23.22,400.81,45.5,1.62,77.06,0.961,50.0,8.79,0.912,0.0273,0.0159,0.971,1.495,0,NORMAL,0
67.17,60.67,25.09,400.42,45.33,1.1,74.66,0.956,49.93,6.51,0.908,0.0325,-0.0061,0.527,1.057,0,NORMAL,0
88.21,99.34,21.75,399.53,84.92,3.08,126.87,0.896,49.75,-11.12,1.696,0.6374,0.0455,3.048,5.7,1,THERMAL_OVERLOAD,1
66.14,59.69,25.24,397.89,43.49,1.73,70.72,0.953,49.96,6.45,0.865,0.0632,0.0007,0.729,1.716,0,NORMAL,0
66.68,57.81,25.16,400.84,41.69,0.91,67.14,0.94,49.96,8.87,0.836,0.0591,-0.013,0.645,1.866,0,NORMAL,0
59.91,55.76,25.32,407.45,34.46,1.19,54.45,0.933,50.07,4.15,0.702,-0.0331,0.0164,0.266,1.536,0,NORMAL,0
71.27,76.24,52.27,379.46,39.12,3.62,71.15,0.686,49.72,-4.97,0.742,0.0991,0.0042,3.046,2.629,3,DIELECTRIC_FAULT,1
63.01,54.76,23.49,406.83,36.62,0.88,60.8,0.933,49.94,8.25,0.745,-0.015,0.0026,0.487,1.557,0,NORMAL,0
67.82,61.84,25.59,396.77,41.55,1.37,72.89,0.975,49.99,5.97,0.824,0.045,0.0187,0.752,0.883,0,NORMAL,0
59.39,50.03,25.09,405.86,33.96,1.51,57.95,0.964,50.01,9.36,0.689,0.0088,0.0412,0.937,1.237,0,NORMAL,0
68.13,58.26,23.25,403.72,45.8,1.54,75.33,0.943,50.09,9.87,0.924,0.0204,0.0135,0.787,1.419,0,NORMAL,0
62.78,57.66,23.86,396.11,28.57,1.99,46.86,0.963,50.06,5.12,0.566,-0.0312,-0.0138,0.556,1.264,0,NORMAL,0
65.02,56.1,23.76,403.12,40.47,0.98,69.08,0.964,49.97,8.92,0.816,-0.0071,-0.0161,0.723,0.776,0,NORMAL,0
65.02,58.78,23.13,398.85,41.05,1.68,68.98,0.963,50.06,6.24,0.819,0.0148,0.0058,0.633,0.75,0,NORMAL,0
66.17,59.62,24.23,401.44,44.82,1.11,75.63,0.937,49.94,6.55,0.9,0.0158,-0.0075,0.306,1.959,0,NORMAL,0
63.92,55.07,23.98,398.53,42.45,1.4,72.11,0.949,49.98,8.86,0.846,-0.001,0.0076,1.061,1.832,0,NORMAL,0
58.58,50.91,27.24,404.84,30.87,1.29,48.89,0.96,50.03,7.67,0.625,-0.0157,-0.0182,0.22,1.652,0,NORMAL,0
90.9,92.1,56.27,380.6,37.48,3.65,68.46,0.695,49.66,-1.2,0.713,0.1888,0.0504,3.372,4.251,3,DIELECTRIC_FAULT,1
58.1,50.19,24.39,397.22,31.35,1.83,50.26,0.936,49.95,7.91,0.623,-0.0218,0.0269,0.914,1.494,0,NORMAL,0
63.59,57.06,21.32,399.18,34.23,1.49,54.75,0.949,50.0,6.53,0.683,0.004,0.0171,1.034,1.53,0,NORMAL,0
61.29,55.17,21.41,404.79,31.33,2.06,54.63,0.936,50.04,6.13,0.634,0.0447,0.0038,0.83,1.944,0,NORMAL,0
62.66,57.58,24.51,395.48,35.18,1.73,59.54,0.951,50.01,5.09,0.696,-0.001,0.0257,0.205,0.895,0,NORMAL,0
60.44,51.08,24.81,396.22,29.29,1.51,45.06,0.939,50.01,9.37,0.58,0.0049,0.0026,1.051,1.15,0,NORMAL,0
57.67,51.37,21.4,383.7,47.54,9.12,83.68,0.941,50.01,6.3,0.912,-0.0181,0.5277,1.183,1.939,2,MECHANICAL_FAULT,1
96.67,101.99,23.74,392.58,64.38,3.52,98.33,0.905,49.88,-5.31,1.264,0.6662,0.07,5.928,6.394,1,THERMAL_OVERLOAD,1
60.07,52.54,21.06,398.76,27.7,1.91,47.18,0.963,49.93,7.53,0.552,0.0526,-0.0502,1.042,0.845,0,NORMAL,0
121.59,116.93,63.6,354.75,94.26,9.02,127.54,0.775,48.92,4.66,1.672,1.8517,0.9043,7.136,11.395,4,CRITICAL_FAILURE,1
57.56,52.21,25.73,398.08,33.35,1.51,52.12,0.96,50.02,5.35,0.664,-0.0367,-0.0369,0.766,1.674,0,NORMAL,0
81.62,79.87,53.21,393.39,42.18,2.11,81.93,0.775,49.55,1.75,0.83,0.3157,0.0133,3.507,2.63,3,DIELECTRIC_FAULT,1
60.83,54.51,26.99,406.55,34.18,1.29,53.45,0.936,50.07,6.32,0.695,-0.0033,0.0109,0.698,1.812,0,NORMAL,0
65.53,57.67,24.37,395.47,46.27,1.74,76.54,0.963,50.08,7.85,0.915,0.0084,-0.0081,1.141,1.746,0,NORMAL,0
82.75,78.03,47.4,391.56,30.73,2.37,54.69,0.744,49.87,4.72,0.602,0.2321,-0.0782,3.127,2.642,3,DIELECTRIC_FAULT,1
74.92,68.65,25.96,404.24,36.05,8.33,60.88,0.902,49.97,6.28,0.729,0.0341,0.3469,1.989,2.835,2,MECHANICAL_FAULT,1
66.47,62.31,25.51,393.59,39.17,1.07,66.36,0.953,49.95,4.15,0.771,0.0149,0.0006,1.019,0.553,0,NORMAL,0
58.77,49.34,25.9,399.12,28.05,1.12,49.94,0.945,49.99,9.42,0.56,0.0351,-0.0001,0.285,1.978,0,NORMAL,0
61.06,52.28,28.92,391.85,31.86,1.7,56.03,0.939,49.98,8.78,0.624,-0.0062,0.0029,1.16,1.621,0,NORMAL,0
59.84,53.74,24.05,393.53,30.86,0.91,48.64,0.976,49.97,6.09,0.607,-0.0713,0.014,0.735,1.442,0,NORMAL,0
62.52,57.58,26.13,399.48,31.44,2.04,52.08,0.964,50.05,4.95,0.628,0.0543,-0.0093,0.333,1.309,0,NORMAL,0
69.09,62.22,19.67,404.2,45.14,1.89,75.84,0.954,49.99,6.87,0.912,-0.0043,0.0061,0.605,0.781,0,NORMAL,0
66.49,59.81,22.23,397.75,44.56,1.26,72.39,0.961,49.89,6.68,0.886,0.0009,-0.0224,0.843,1.936,0,NORMAL,0
90.06,100.06,38.45,390.72,72.64,2.99,109.99,0.899,49.91,-9.99,1.419,0.5359,-0.093,5.772,6.087,1,THERMAL_OVERLOAD,1
68.58,62.93,22.19,395.86,38.53,1.57,62.65,0.956,50.07,5.65,0.763,-0.039,-0.0002,0.986,0.871,0,NORMAL,0
57.02,50.1,24.47,397.52,37.17,11.2,74.5,0.939,50.01,6.93,0.739,-0.1026,0.3284,1.203,1.231,2,MECHANICAL_FAULT,1
65.49,59.34,27.59,399.34,38.31,1.27,60.55,0.939,50.0,6.15,0.765,0.0252,0.0109,0.301,0.86,0,NORMAL,0
62.06,54.47,21.71,409.49,43.26,1.17,68.92,0.979,49.88,7.59,0.886,0.0018,0.0181,0.235,0.753,0,NORMAL,0
61.6,56.17,21.98,408.37,42.08,9.06,82.6,0.952,49.86,5.42,0.859,-0.0768,0.5828,1.681,1.614,2,MECHANICAL_FAULT,1
59.42,51.98,23.92,401.25,30.46,1.51,49.0,0.956,50.03,7.44,0.611,0.0023,-0.0124,0.289,1.168,0,NORMAL,0
61.52,53.84,23.8,401.79,31.49,1.47,51.75,0.978,49.96,7.68,0.633,0.0249,-0.0181,0.639,0.947,0,NORMAL,0
61.59,56.14,24.15,397.23,30.62,1.16,54.26,0.977,50.02,5.44,0.608,0.0154,0.0118,1.065,1.624,0,NORMAL,0
64.77,55.95,25.55,404.44,42.2,1.37,68.36,0.964,50.01,8.82,0.853,-0.0375,0.0021,0.444,1.179,0,NORMAL,0
92.38,95.14,39.58,397.41,69.31,2.85,101.59,0.895,49.77,-2.77,1.377,0.3277,0.0001,3.579,3.496,1,THERMAL_OVERLOAD,1
112.69,92.13,33.6,402.43,66.33,2.45,100.65,0.903,49.76,20.56,1.335,0.1794,0.0321,6.275,4.932,1,THERMAL_OVERLOAD,1
69.91,62.98,26.05,397.61,44.8,1.3,73.61,0.98,49.94,6.93,0.891,-0.0605,-0.0566,0.766,1.875,0,NORMAL,0
131.88,99.9,48.44,353.69,91.02,15.67,145.55,0.767,49.12,31.98,1.61,2.0095,0.8001,11.838,14.031,4,CRITICAL_FAILURE,1
108.33,101.96,35.96,399.86,83.97,3.4,125.68,0.89,50.17,6.36,1.679,0.6939,0.0118,4.944,3.13,1,THERMAL_OVERLOAD,1
61.77,52.63,27.57,402.74,33.35,1.39,53.93,0.943,49.99,9.14,0.672,0.0114,-0.0107,1.136,1.268,0,NORMAL,0
125.78,100.64,63.93,330.33,124.64,10.2,155.35,0.663,49.18,25.14,2.059,1.9008,0.4378,5.328,13.37,4,CRITICAL_FAILURE,1
60.72,54.67,24.26,404.03,40.05,1.71,64.34,0.946,50.04,6.05,0.809,-0.0439,-0.0134,0.543,1.116,0,NORMAL,0
116.96,101.54,32.13,406.54,69.03,2.97,105.11,0.931,49.77,15.42,1.403,0.2544,0.125,6.281,6.597,1,THERMAL_OVERLOAD,1
88.54,84.18,47.66,358.07,27.96,2.96,63.04,0.823,49.8,4.36,0.501,0.2355,-0.0695,3.818,3.37,3,DIELECTRIC_FAULT,1
65.73,57.3,20.95,405.09,41.95,5.22,78.53,0.908,49.95,8.43,0.85,0.0563,0.2506,1.912,2.671,2,MECHANICAL_FAULT,1
63.5,55.81,23.51,396.23,45.41,1.88,73.64,0.952,49.97,7.69,0.9,-0.0016,0.0281,0.513,1.596,0,NORMAL,0
66.06,60.61,26.36,403.98,43.28,1.1,71.22,0.958,50.07,5.44,0.874,0.016,-0.0276,0.398,0.798,0,NORMAL,0
57.66,52.9,22.58,398.37,28.51,2.18,46.84,0.979,50.02,4.76,0.568,0.031,-0.0076,0.889,1.705,0,NORMAL,0
62.68,57.2,24.78,394.85,40.86,1.11,65.97,0.938,50.03,5.48,0.807,-0.0013,0.0197,1.181,1.311,0,NORMAL,0
61.91,55.32,28.59,397.4,31.5,1.01,50.54,0.934,50.01,6.58,0.626,0.0055,0.0041,0.723,1.494,0,NORMAL,0
104.31,99.64,32.71,383.86,83.03,3.14,128.31,0.901,49.92,4.66,1.594,0.5186,-0.0518,2.881,3.203,1,THERMAL_OVERLOAD,1
83.04,81.85,8.12,369.96,44.04,3.19,83.96,0.828,49.79,1.19,0.815,0.2967,0.0021,2.513,2.903,3,DIELECTRIC_FAULT,1
63.17,54.36,27.65,396.49,35.74,1.95,60.96,0.946,50.0,8.81,0.708,-0.0121,0.0054,0.902,0.53,0,NORMAL,0
123.72,107.66,55.45,357.81,93.34,14.24,136.7,0.632,48.62,16.05,1.67,0.6945,0.4639,8.684,9.427,4,CRITICAL_FAILURE,1
55.12,48.45,25.03,401.91,39.95,7.47,68.35,0.958,50.01,6.67,0.803,0.0391,0.4115,1.884,1.013,2,MECHANICAL_FAULT,1
59.8,54.59,24.98,396.09,27.47,1.86,46.7,0.933,50.05,5.2,0.544,0.0528,-0.0168,0.333,0.989,0,NORMAL,0
106.88,101.34,34.18,388.51,71.5,3.08,106.21,0.908,49.96,5.54,1.389,0.5998,0.008,4.668,5.551,1,THERMAL_OVERLOAD,1
65.7,56.27,30.77,400.68,38.78,1.91,61.51,0.975,50.01,9.43,0.777,-0.0451,-0.0111,1.008,1.418,0,NORMAL,0
59.42,53.23,25.25,403.74,31.02,1.02,51.61,0.956,50.09,6.19,0.626,0.0129,-0.0018,0.433,1.0,0,NORMAL,0
59.31,50.18,23.77,396.24,27.8,1.05,46.01,0.976,49.95,9.14,0.551,0.0243,0.0186,0.244,1.284,0,NORMAL,0
66.01,60.18,27.51,399.08,47.25,1.7,77.67,0.96,50.0,5.83,0.943,0.0043,0.0155,0.793,1.775,0,NORMAL,0
60.33,55.81,23.85,391.28,31.77,1.45,52.37,0.974,49.96,4.52,0.622,0.065,0.0045,0.626,1.805,0,NORMAL,0
59.08,54.91,23.62,397.0,29.0,2.08,48.33,0.975,50.02,4.17,0.576,0.0393,0.0234,0.205,1.977,0,NORMAL,0
59.31,51.33,24.75,399.34,32.46,1.43,56.2,0.943,50.03,7.99,0.648,0.014,0.0314,0.781,1.062,0,NORMAL,0
66.26,57.73,26.38,396.55,48.02,1.35,76.67,0.936,49.89,8.52,0.952,-0.0012,-0.0132,0.333,1.106,0,NORMAL,0
66.09,59.26,24.84,403.16,38.84,2.02,63.97,0.945,50.05,6.83,0.783,0.0063,-0.0471,0.826,1.69,0,NORMAL,0
64.23,56.02,25.66,399.2,47.35,1.72,77.22,0.979,50.04,8.21,0.945,-0.0356,0.0118,0.71,0.95,0,NORMAL,0
61.73,55.99,22.81,402.58,36.91,1.89,60.46,0.955,50.03,5.74,0.743,-0.0194,-0.0336,0.563,1.958,0,NORMAL,0
64.22,57.82,26.1,395.61,41.52,1.84,66.18,0.937,49.96,6.4,0.821,-0.0106,0.0425,0.411,0.54,0,NORMAL,0
62.5,56.86,26.17,402.99,32.63,1.04,56.37,0.966,50.0,5.64,0.657,0.0467,0.0199,0.551,0.971,0,NORMAL,0
67.94,61.06,24.43,401.17,43.88,1.49,72.0,0.973,49.98,6.88,0.88,-0.0006,0.0283,0.986,1.649,0,NORMAL,0
107.17,103.22,41.68,398.28,84.68,2.08,124.98,0.934,49.7,3.95,1.686,0.3336,0.0148,5.142,4.763,1,THERMAL_OVERLOAD,1
65.33,55.62,26.52,401.98,34.65,1.14,57.97,0.967,49.91,9.7,0.696,0.0047,0.0056,0.861,0.984,0,NORMAL,0
59.07,54.46,23.59,398.36,27.3,1.77,46.91,0.933,50.01,4.61,0.544,0.0001,0.0087,0.506,1.436,0,NORMAL,0
60.54,54.75,26.99,402.34,28.08,1.9,45.73,0.977,50.07,5.78,0.565,-0.0256,0.0095,0.443,1.763,0,NORMAL,0
64.29,60.1,25.76,395.32,35.0,2.05,61.85,0.954,49.93,4.2,0.692,0.0063,0.0028,0.389,1.232,0,NORMAL,0
64.94,59.45,25.36,401.51,36.53,1.65,63.24,0.938,50.05,5.5,0.733,0.0232,-0.0085,0.689,0.746,0,NORMAL,0
129.8,102.63,50.93,342.73,103.57,13.72,153.59,0.718,49.11,27.17,1.775,1.1014,0.5616,8.002,9.454,4,CRITICAL_FAILURE,1
109.28,101.72,31.35,401.29,77.31,3.77,115.15,0.883,49.81,7.56,1.551,0.8425,0.0573,5.614,3.015,1,THERMAL_OVERLOAD,1
64.9,60.46,24.52,408.12,33.84,1.93,59.5,0.939,50.06,4.44,0.691,0.038,-0.0054,0.309,1.797,0,NORMAL,0
90.76,78.47,44.46,381.93,39.76,2.17,82.45,0.724,49.54,12.3,0.759,0.2306,-0.0136,3.148,3.036,3,DIELECTRIC_FAULT,1
59.81,54.9,21.68,397.37,30.77,1.75,49.79,0.966,50.06,4.91,0.611,-0.0177,0.0157,0.93,1.953,0,NORMAL,0
63.34,55.34,21.67,398.32,42.45,0.89,72.61,0.95,49.9,8.01,0.845,0.0062,0.0027,0.613,1.135,0,NORMAL,0
67.44,60.13,23.64,394.24,43.95,0.86,76.12,0.968,49.9,7.31,0.866,0.0593,-0.0052,0.855,1.423,0,NORMAL,0
88.33,100.98,28.3,395.4,67.24,2.57,108.35,0.9,50.0,-12.64,1.329,0.43,0.0532,5.162,6.825,1,THERMAL_OVERLOAD,1
62.7,53.13,25.42,402.4,39.39,1.4,63.89,0.954,50.0,9.57,0.792,-0.0302,0.0111,1.102,1.702,0,NORMAL,0
114.88,94.49,32.63,405.37,75.23,2.33,113.07,0.931,50.05,20.39,1.525,0.6109,0.0417,2.744,3.676,1,THERMAL_OVERLOAD,1
64.37,54.64,24.9,398.39,33.02,0.98,56.37,0.971,49.98,9.73,0.658,0.0348,-0.0492,0.447,1.975,0,NORMAL,0
104.66,104.61,33.54,397.71,73.2,3.59,107.24,0.918,49.78,0.05,1.456,0.7779,0.079,3.203,4.048,1,THERMAL_OVERLOAD,1
58.18,50.72,23.81,402.69,32.19,1.95,51.75,0.969,49.98,7.45,0.648,-0.0449,0.0002,0.529,1.052,0,NORMAL,0
109.24,95.14,32.43,404.17,74.69,3.32,118.98,0.89,49.8,14.1,1.509,0.4001,0.0013,5.405,4.341,1,THERMAL_OVERLOAD,1
73.1,91.53,8.06,387.46,37.33,2.88,70.48,0.834,49.89,-18.43,0.723,0.3946,0.1459,2.334,2.835,3,DIELECTRIC_FAULT,1
70.58,78.03,7.78,382.36,32.82,2.68,65.01,0.683,49.67,-7.45,0.627,0.2652,-0.071,2.858,3.102,3,DIELECTRIC_FAULT,1
61.7,57.31,25.84,396.38,34.36,1.15,57.18,0.971,50.08,4.39,0.681,0.0506,-0.0171,0.799,1.812,0,NORMAL,0
62.12,53.78,23.92,394.2,35.08,1.3,55.74,0.941,50.0,8.35,0.691,-0.0447,0.0003,0.599,0.987,0,NORMAL,0
65.61,60.1,23.52,407.47,45.15,9.35,81.14,0.95,49.93,5.51,0.92,0.0379,0.6384,0.867,1.8,2,MECHANICAL_FAULT,1
89.45,89.04,32.57,396.17,62.07,2.01,98.15,0.897,49.93,0.41,1.23,0.1622,0.0715,5.539,6.216,1,THERMAL_OVERLOAD,1
68.22,62.64,23.51,401.25,45.21,1.82,75.38,0.972,49.96,5.59,0.907,0.0266,-0.0306,0.691,0.751,0,NORMAL,0
64.92,57.07,24.33,400.82,37.72,1.53,62.94,0.978,50.01,7.86,0.756,-0.0417,-0.0188,0.801,0.832,0,NORMAL,0
57.77,53.15,22.24,397.49,26.31,1.46,45.32,0.95,50.05,4.62,0.523,0.0097,0.0084,0.571,0.56,0,NORMAL,0
91.4,76.29,7.32,411.48,33.54,2.26,65.64,0.683,49.98,15.11,0.69,0.1461,0.1345,1.966,3.333,3,DIELECTRIC_FAULT,1
55.78,49.51,26.79,400.16,24.88,2.11,45.15,0.974,49.97,6.26,0.498,0.0306,0.0012,1.121,1.114,0,NORMAL,0
63.75,55.26,22.37,403.3,40.6,1.53,69.6,0.976,49.98,8.49,0.819,-0.0322,0.0092,0.883,1.141,0,NORMAL,0
64.16,58.71,29.14,393.02,47.41,1.59,77.96,0.935,49.93,5.45,0.932,-0.0164,-0.0173,1.149,0.824,0,NORMAL,0
63.46,57.32,27.19,396.42,44.0,1.59,73.26,0.952,49.94,6.14,0.872,-0.0418,0.0037,0.631,1.253,0,NORMAL,0
90.35,88.67,36.96,405.67,75.78,3.42,126.88,0.935,49.87,1.68,1.537,0.3827,0.0016,2.53,3.829,1,THERMAL_OVERLOAD,1
58.83,51.24,23.81,404.03,28.94,2.0,47.26,0.947,49.88,7.58,0.585,0.0161,0.0086,0.382,1.146,0,NORMAL,0
70.86,61.38,23.31,397.02,44.83,1.53,74.02,0.962,50.02,9.48,0.89,-0.0089,0.0107,0.994,1.7,0,NORMAL,0
62.06,58.01,23.1,394.62,34.57,1.39,58.45,0.972,49.98,4.06,0.682,0.0076,0.0084,0.253,0.619,0,NORMAL,0
116.07,88.03,35.34,395.36,79.41,2.17,118.61,0.928,49.89,28.04,1.57,0.2217,0.0712,2.669,3.25,1,THERMAL_OVERLOAD,1
67.87,58.88,24.86,404.13,45.19,1.5,74.12,0.965,50.1,8.98,0.913,0.0446,-0.009,0.278,1.036,0,NORMAL,0
57.28,48.56,23.33,401.42,23.45,2.13,46.56,0.966,50.05,8.72,0.471,-0.0361,-0.0198,0.724,0.619,0,NORMAL,0
64.24,55.8,24.76,396.85,45.61,1.95,70.07,0.932,50.05,8.44,0.905,-0.062,0.0276,0.893,1.95,0,NORMAL,0
63.3,54.48,25.15,408.25,41.5,2.02,63.19,0.93,50.01,8.81,0.847,-0.0445,0.0031,0.294,1.298,0,NORMAL,0
58.41,49.94,27.5,403.01,30.29,1.52,52.03,0.949,50.07,8.47,0.61,-0.0176,0.0223,0.43,0.965,0,NORMAL,0
64.78,59.27,27.47,395.66,42.43,2.17,73.78,0.958,50.04,5.51,0.839,0.0291,0.0072,0.701,1.63,0,NORMAL,0
60.99,56.92,23.49,404.34,35.91,0.98,57.82,0.944,49.98,4.07,0.726,-0.0635,0.0038,1.029,0.601,0,NORMAL,0
82.14,88.41,57.39,368.59,42.75,2.2,71.94,0.704,49.9,-6.27,0.788,0.2421,0.046,1.503,2.103,3,DIELECTRIC_FAULT,1
62.65,54.12,28.4,398.65,37.22,1.8,61.57,0.931,49.99,8.52,0.742,-0.0396,-0.0039,0.829,0.518,0,NORMAL,0
88.36,90.53,35.72,383.77,86.06,2.15,129.92,0.884,49.85,-2.17,1.651,0.4599,-0.0374,3.553,6.897,1,THERMAL_OVERLOAD,1
108.68,98.97,60.14,349.91,116.96,14.49,149.01,0.606,48.35,9.7,2.046,1.7854,1.1743,8.644,7.38,4,CRITICAL_FAILURE,1
70.99,94.63,48.92,383.82,24.96,2.6,50.23,0.731,49.8,-23.64,0.479,0.151,0.0475,2.918,3.407,3,DIELECTRIC_FAULT,1
65.34,60.94,24.07,395.09,43.33,1.06,67.28,0.979,50.02,4.4,0.856,-0.0291,0.0169,0.791,1.301,0,NORMAL,0
62.43,56.0,23.21,391.46,37.99,10.0,65.97,0.956,50.07,6.42,0.744,-0.0291,0.2403,1.901,2.549,2,MECHANICAL_FAULT,1
66.33,62.07,22.11,392.01,43.84,1.06,71.91,0.956,49.97,4.26,0.859,-0.0186,0.0477,0.587,0.752,0,NORMAL,0
60.54,55.94,27.24,403.69,28.41,2.06,49.16,0.956,50.0,4.6,0.573,-0.0297,0.0046,0.349,1.658,0,NORMAL,0
67.23,60.12,21.24,402.48,44.13,1.98,73.38,0.971,50.01,7.1,0.888,-0.0483,-0.0203,0.938,0.539,0,NORMAL,0
81.3,82.93,56.84,389.45,46.31,3.34,82.74,0.717,49.99,-1.64,0.902,0.1885,0.1263,2.046,3.688,3,DIELECTRIC_FAULT,1
89.64,92.54,7.42,399.3,32.87,2.31,63.85,0.714,49.48,-2.9,0.656,0.1002,0.012,1.803,3.97,3,DIELECTRIC_FAULT,1
65.2,57.0,21.52,404.61,39.8,1.2,62.78,0.967,49.98,8.2,0.805,0.0366,0.0362,0.853,1.662,0,NORMAL,0
55.41,48.39,24.76,403.4,46.29,11.47,82.84,0.916,50.0,7.02,0.934,-0.0212,0.1764,1.071,1.595,2,MECHANICAL_FAULT,1
62.43,54.42,22.92,396.36,41.52,1.19,69.28,0.964,50.0,8.01,0.823,0.0068,-0.0118,1.101,1.954,0,NORMAL,0
64.72,57.13,25.98,404.66,39.91,11.58,78.21,0.906,49.97,7.59,0.807,-0.0006,0.3173,0.876,1.865,2,MECHANICAL_FAULT,1
66.46,59.49,26.77,402.23,41.36,0.85,72.54,0.975,50.0,6.97,0.832,0.0179,-0.0404,0.468,1.362,0,NORMAL,0
67.15,61.07,25.53,390.97,45.28,6.5,79.15,0.918,50.11,6.07,0.885,-0.0164,0.2197,1.245,2.388,2,MECHANICAL_FAULT,1
87.84,78.61,10.63,391.56,30.09,3.05,60.47,0.708,49.71,9.23,0.589,0.2035,-0.0074,2.719,3.393,3,DIELECTRIC_FAULT,1
106.6,95.47,35.18,400.73,71.76,2.91,110.2,0.907,49.87,11.13,1.438,0.7382,0.0689,5.851,6.084,1,THERMAL_OVERLOAD,1
63.91,58.27,22.31,401.1,32.02,2.03,55.57,0.963,49.99,5.65,0.642,0.0296,0.0015,0.539,1.172,0,NORMAL,0
61.25,55.45,23.2,409.43,32.42,2.19,57.1,0.946,50.03,5.8,0.664,-0.0148,-0.0297,0.749,1.394,0,NORMAL,0
56.09,49.84,24.53,395.33,46.25,9.98,82.67,0.906,50.09,6.25,0.914,0.068,0.5468,1.327,2.808,2,MECHANICAL_FAULT,1
61.55,53.57,26.36,396.31,42.38,1.07,69.26,0.953,49.91,7.99,0.84,0.0659,0.0296,0.856,1.459,0,NORMAL,0
58.89,49.1,23.68,400.59,29.11,1.11,48.05,0.942,50.0,9.8,0.583,-0.0101,-0.0024,1.105,1.273,0,NORMAL,0
100.1,103.96,35.11,395.17,82.38,3.93,127.33,0.891,50.03,-3.86,1.628,0.7256,0.0265,5.24,4.886,1,THERMAL_OVERLOAD,1
66.48,60.25,25.91,399.25,36.64,0.9,60.97,0.944,50.02,6.23,0.732,-0.06,0.0017,0.984,0.672,0,NORMAL,0
66.13,57.22,27.62,401.48,40.76,1.94,71.06,0.934,49.98,8.9,0.818,0.0733,-0.0023,0.406,1.846,0,NORMAL,0
63.48,54.04,24.98,401.79,38.52,1.84,61.93,0.957,49.89,9.44,0.774,0.0124,0.0427,0.618,1.571,0,NORMAL,0
67.79,63.78,22.88,402.59,42.62,2.1,69.64,0.958,50.08,4.0,0.858,0.0335,0.0224,0.81,1.862,0,NORMAL,0
66.64,59.57,25.18,403.12,44.63,10.1,80.31,0.953,50.05,7.07,0.9,0.0268,0.2433,1.909,1.443,2,MECHANICAL_FAULT,1
91.66,82.2,34.3,396.75,75.08,2.27,112.98,0.905,50.04,9.46,1.489,0.6507,0.0075,6.499,3.559,1,THERMAL_OVERLOAD,1
87.81,76.9,7.88,383.1,39.48,2.31,68.07,0.752,49.72,10.91,0.756,0.1272,-0.0711,3.88,3.992,3,DIELECTRIC_FAULT,1
60.51,53.16,26.88,402.62,29.83,0.86,48.17,0.964,50.12,7.36,0.601,0.0169,-0.0037,0.387,0.953,0,NORMAL,0
59.19,52.31,23.95,398.82,33.35,8.85,60.49,0.9,50.03,6.87,0.665,-0.0103,0.3252,1.436,1.29,2,MECHANICAL_FAULT,1
116.36,91.41,35.16,403.39,64.89,3.41,104.39,0.93,50.01,24.95,1.309,0.7204,0.0288,5.745,4.407,1,THERMAL_OVERLOAD,1
64.01,58.11,27.91,392.13,43.13,1.13,70.36,0.969,49.91,5.91,0.846,-0.0217,-0.0166,0.46,1.378,0,NORMAL,0
58.7,52.67,25.56,397.88,29.03,1.47,46.33,0.944,49.87,6.03,0.578,0.0025,-0.0074,0.596,0.948,0,NORMAL,0
71.96,94.53,7.86,356.94,37.39,2.16,68.32,0.813,50.0,-22.57,0.667,0.2489,-0.0322,1.763,4.786,3,DIELECTRIC_FAULT,1
75.75,68.79,20.36,407.21,40.8,7.48,79.77,0.944,50.01,6.96,0.831,0.0601,0.2018,1.343,1.847,2,MECHANICAL_FAULT,1
60.65,54.12,26.96,401.42,27.21,1.14,49.18,0.949,49.94,6.54,0.546,0.006,0.0177,0.295,0.995,0,NORMAL,0
60.13,51.9,25.47,395.19,27.6,1.74,45.28,0.95,50.1,8.23,0.545,0.0118,0.0318,0.722,0.611,0,NORMAL,0
65.83,57.34,24.01,396.17,43.91,9.03,84.56,0.931,49.9,8.48,0.87,-0.0185,0.3382,1.297,1.917,2,MECHANICAL_FAULT,1
62.95,53.16,23.08,400.07,34.53,1.9,59.91,0.965,50.0,9.79,0.691,0.0244,-0.0061,1.176,1.337,0,NORMAL,0
63.64,56.87,26.82,399.05,32.93,1.75,54.86,0.957,50.06,6.76,0.657,0.0511,-0.0215,0.469,1.16,0,NORMAL,0
59.75,52.09,23.92,407.81,30.22,1.07,46.89,0.944,49.98,7.66,0.616,0.0653,-0.008,0.467,1.977,0,NORMAL,0
62.81,54.27,24.25,394.44,40.28,1.29,68.66,0.945,49.98,8.54,0.794,0.0294,0.0101,0.392,1.344,0,NORMAL,0
65.33,58.6,22.64,394.78,40.56,2.2,69.19,0.961,49.97,6.73,0.801,0.0333,0.0078,0.897,0.942,0,NORMAL,0
62.86,53.34,25.84,402.39,40.83,1.31,66.86,0.978,49.95,9.51,0.821,-0.0089,0.0043,0.986,0.634,0,NORMAL,0
64.24,59.41,23.41,399.94,34.65,1.55,58.73,0.941,50.0,4.82,0.693,0.0174,0.0024,0.654,1.767,0,NORMAL,0
66.18,56.46,26.35,402.22,44.66,1.78,73.87,0.932,50.0,9.72,0.898,0.0272,0.0469,0.349,1.204,0,NORMAL,0
133.84,105.16,52.43,356.9,117.69,11.8,134.45,0.7,48.89,28.68,2.1,1.6378,0.4933,9.283,7.511,4,CRITICAL_FAILURE,1
61.36,53.61,27.05,407.07,34.53,6.85,60.11,0.943,50.09,7.75,0.703,0.0138,0.4087,1.022,2.644,2,MECHANICAL_FAULT,1
64.92,58.11,25.74,396.39,34.39,1.11,56.41,0.971,49.96,6.82,0.682,0.0607,0.0359,1.112,0.751,0,NORMAL,0
62.72,53.31,28.63,399.0,35.05,1.24,57.21,0.959,49.8,9.41,0.699,0.0085,-0.0285,0.956,1.177,0,NORMAL,0
59.91,51.49,29.03,395.23,28.77,0.86,47.2,0.934,50.01,8.42,0.569,-0.011,0.0037,0.271,0.518,0,NORMAL,0
61.58,53.23,30.8,397.5,32.69,10.64,60.16,0.919,49.95,8.35,0.65,0.0188,0.422,1.713,1.23,2,MECHANICAL_FAULT,1
131.01,109.06,53.59,353.31,113.59,13.19,123.36,0.711,48.23,21.95,2.007,2.0082,0.914,5.045,14.637,4,CRITICAL_FAILURE,1
81.23,86.61,54.89,379.08,25.97,2.74,53.11,0.746,49.6,-5.38,0.492,0.1375,0.1253,3.672,2.551,3,DIELECTRIC_FAULT,1
110.21,109.97,57.4,337.55,116.49,12.03,123.6,0.762,48.44,0.25,1.966,1.5038,0.7279,11.116,7.195,4,CRITICAL_FAILURE,1
62.94,56.49,25.4,396.54,38.07,1.08,63.48,0.955,49.92,6.44,0.755,0.0138,-0.0185,0.954,0.666,0,NORMAL,0
114.44,93.49,34.71,384.03,71.57,3.6,103.4,0.935,49.98,20.96,1.374,0.6584,0.0027,2.933,3.416,1,THERMAL_OVERLOAD,1
108.68,99.31,34.26,396.26,82.44,2.59,129.71,0.917,49.88,9.37,1.633,0.5123,0.0401,2.668,6.54,1,THERMAL_OVERLOAD,1
111.73,94.86,40.28,391.13,81.36,2.25,127.63,0.901,50.06,16.86,1.591,0.5512,0.0213,4.728,6.771,1,THERMAL_OVERLOAD,1
59.89,55.88,22.79,391.68,30.49,1.35,45.56,0.937,49.95,4.01,0.597,0.0586,0.0016,0.83,1.706,0,NORMAL,0
64.62,60.43,26.23,400.37,45.98,1.95,77.96,0.944,49.97,4.19,0.92,0.0275,0.0245,0.81,1.341,0,NORMAL,0
72.25,65.06,23.32,394.06,38.12,10.98,62.9,0.929,49.94,7.19,0.751,0.0754,0.4391,1.567,2.519,2,MECHANICAL_FAULT,1
88.88,76.09,47.28,407.89,32.88,2.34,58.45,0.748,50.11,12.79,0.671,0.2258,0.1166,2.187,2.169,3,DIELECTRIC_FAULT,1
79.03,93.7,6.72,383.97,46.25,3.14,76.72,0.722,49.7,-14.68,0.888,0.2599,0.0397,2.093,2.226,3,DIELECTRIC_FAULT,1
62.02,57.58,26.51,403.55,30.66,1.3,49.65,0.936,50.02,4.44,0.619,0.0293,-0.0096,0.511,0.988,0,NORMAL,0
61.26,52.84,23.69,399.4,29.58,2.07,55.5,0.962,49.95,8.42,0.591,0.0511,0.048,0.913,1.819,0,NORMAL,0
67.44,62.34,24.04,395.33,45.98,1.12,76.01,0.949,49.98,5.09,0.909,0.0628,-0.0019,0.399,1.304,0,NORMAL,0
62.64,53.27,23.6,393.95,41.11,1.34,67.68,0.944,50.04,9.37,0.81,0.0377,-0.0206,0.696,1.917,0,NORMAL,0
67.29,61.15,26.46,404.46,47.79,1.69,77.59,0.972,50.06,6.14,0.966,0.0098,0.0051,0.403,0.979,0,NORMAL,0
68.21,61.22,30.43,396.37,40.29,8.04,65.78,0.929,49.87,6.99,0.798,0.0495,0.4978,1.856,1.593,2,MECHANICAL_FAULT,1
63.78,55.89,21.91,396.79,40.62,1.07,68.26,0.955,50.02,7.88,0.806,0.0169,0.0145,0.599,1.639,0,NORMAL,0
70.3,61.32,25.29,399.07,46.89,8.38,83.09,0.92,49.87,8.98,0.936,-0.0381,0.3324,1.862,2.184,2,MECHANICAL_FAULT,1
66.39,58.85,23.88,391.69,36.44,7.27,71.45,0.929,50.01,7.54,0.714,-0.0594,0.5372,0.872,2.036,2,MECHANICAL_FAULT,1
69.71,60.9,21.78,393.04,47.22,1.09,76.62,0.95,50.01,8.81,0.928,0.0089,-0.0043,0.322,1.444,0,NORMAL,0
61.43,52.63,25.21,397.1,36.41,1.48,62.94,0.959,49.98,8.8,0.723,-0.0262,0.0256,0.97,0.834,0,NORMAL,0
66.35,57.64,26.32,403.27,44.59,1.74,75.64,0.938,49.99,8.72,0.899,-0.004,-0.009,0.987,1.427,0,NORMAL,0
69.17,61.04,26.87,397.65,43.83,1.25,75.23,0.943,50.06,8.13,0.871,-0.0044,-0.0444,0.357,1.14,0,NORMAL,0
67.09,58.89,25.35,398.48,42.83,1.78,76.13,0.979,49.98,8.21,0.853,-0.0274,-0.0081,0.292,0.608,0,NORMAL,0
61.16,54.58,25.24,402.82,31.78,1.38,49.6,0.947,49.98,6.59,0.64,-0.0302,0.0001,1.047,0.982,0,NORMAL,0
113.62,95.11,22.96,389.74,68.01,2.13,105.01,0.926,49.93,18.52,1.325,0.5495,0.0142,4.106,6.897,1,THERMAL_OVERLOAD,1
63.29,57.32,24.39,399.18,32.0,1.73,50.97,0.958,49.98,5.97,0.639,0.0037,-0.0043,0.912,0.588,0,NORMAL,0
61.25,56.24,20.77,397.47,28.44,1.93,51.53,0.937,50.08,5.01,0.565,-0.0039,-0.0449,0.675,1.773,0,NORMAL,0
66.96,59.74,22.94,404.17,45.54,2.12,74.21,0.965,49.96,7.22,0.92,-0.015,-0.0027,0.853,1.348,0,NORMAL,0
60.96,54.73,22.56,402.34,47.33,8.5,84.01,0.954,49.95,6.23,0.952,0.0823,0.3077,1.38,2.751,2,MECHANICAL_FAULT,1
75.76,70.4,28.02,404.15,34.41,7.76,63.8,0.953,49.95,5.36,0.695,0.0553,0.5917,1.617,1.529,2,MECHANICAL_FAULT,1
64.88,54.99,27.74,396.78,43.59,1.33,70.72,0.962,50.05,9.89,0.865,0.0247,0.014,0.492,1.235,0,NORMAL,0
63.09,57.0,21.64,399.92,41.67,1.96,70.93,0.953,49.94,6.09,0.833,0.0111,0.0004,0.26,1.232,0,NORMAL,0
61.6,52.4,26.07,400.32,28.18,1.38,51.17,0.939,49.97,9.21,0.564,0.0233,0.0155,1.196,1.671,0,NORMAL,0
111.7,102.07,33.34,394.22,65.74,2.93,101.85,0.893,49.85,9.63,1.296,0.6355,0.0826,4.655,4.579,1,THERMAL_OVERLOAD,1
60.84,52.35,25.87,395.56,28.87,2.02,51.93,0.967,50.13,8.49,0.571,-0.0076,-0.0224,0.521,1.703,0,NORMAL,0
62.88,55.06,25.44,396.2,29.85,1.14,52.74,0.973,49.94,7.82,0.591,0.0176,0.024,0.939,1.365,0,NORMAL,0
108.35,95.89,36.61,396.77,84.81,3.74,131.18,0.918,49.88,12.46,1.682,0.7567,0.0296,6.472,5.646,1,THERMAL_OVERLOAD,1
57.13,51.2,25.49,399.23,40.04,11.66,78.01,0.95,50.14,5.93,0.799,0.005,0.2725,1.17,1.694,2,MECHANICAL_FAULT,1
114.3,87.74,30.62,398.61,71.06,3.2,114.83,0.932,49.67,26.56,1.416,0.6055,0.0332,3.19,3.647,1,THERMAL_OVERLOAD,1
60.98,52.05,25.47,397.32,39.36,0.88,65.84,0.973,49.98,8.92,0.782,0.0515,0.0043,1.131,1.209,0,NORMAL,0
66.02,58.28,27.54,396.91,38.85,1.2,65.26,0.949,50.02,7.75,0.771,-0.0164,0.0374,0.449,0.987,0,NORMAL,0
61.75,55.82,20.84,401.68,35.4,1.9,56.37,0.933,50.1,5.92,0.711,0.0398,0.0129,0.672,0.658,0,NORMAL,0
73.66,65.44,27.32,401.21,32.59,9.57,71.91,0.951,49.91,8.21,0.654,0.0002,0.5863,1.909,1.219,2,MECHANICAL_FAULT,1
60.68,54.67,25.87,398.33,29.94,1.7,49.51,0.974,50.03,6.01,0.596,0.0051,0.0371,1.18,1.542,0,NORMAL,0
63.48,54.04,22.58,395.84,35.45,2.09,58.87,0.968,50.0,9.44,0.702,0.0276,0.0204,0.4,0.817,0,NORMAL,0
66.27,60.69,22.7,402.43,42.82,1.45,71.41,0.961,49.99,5.58,0.862,-0.0036,0.0197,0.258,0.679,0,NORMAL,0
87.57,91.65,46.88,370.11,29.55,3.02,52.6,0.734,49.73,-4.08,0.547,0.277,0.1169,3.637,3.276,3,DIELECTRIC_FAULT,1
102.43,85.71,33.19,382.63,65.99,3.02,105.06,0.883,49.94,16.72,1.263,0.809,0.0729,4.899,3.729,1,THERMAL_OVERLOAD,1
57.84,52.94,24.09,401.94,29.16,2.13,49.57,0.978,49.95,4.9,0.586,0.0146,0.017,0.921,1.204,0,NORMAL,0
65.46,57.54,27.39,399.77,44.72,1.19,76.27,0.959,49.96,7.92,0.894,-0.0364,0.0156,1.101,0.635,0,NORMAL,0
93.6,88.02,26.06,406.83,72.94,2.99,107.12,0.903,49.94,5.58,1.484,0.3852,0.042,4.303,6.906,1,THERMAL_OVERLOAD,1
63.37,54.31,23.37,395.54,32.65,1.51,53.51,0.94,49.97,9.06,0.646,-0.0232,0.0157,0.907,1.368,0,NORMAL,0
62.76,53.26,24.51,405.61,36.04,1.22,60.1,0.98,49.97,9.5,0.731,0.0304,0.0032,0.626,1.584,0,NORMAL,0
62.08,54.37,24.61,399.28,37.72,0.96,61.92,0.947,50.05,7.7,0.753,0.0006,0.038,1.193,0.697,0,NORMAL,0
65.02,57.0,22.33,398.71,30.96,1.67,51.29,0.948,49.96,8.01,0.617,0.0324,0.0148,0.387,1.88,0,NORMAL,0
60.78,51.07,24.37,403.38,30.61,0.91,50.48,0.959,49.98,9.71,0.617,0.0678,0.0246,0.253,1.63,0,NORMAL,0
60.66,53.59,26.26,393.08,31.42,2.16,49.8,0.951,49.98,7.06,0.618,0.0062,-0.0108,0.577,1.979,0,NORMAL,0
105.44,99.6,62.57,334.24,92.51,14.45,155.98,0.618,48.98,5.85,1.546,1.5616,0.71,5.589,11.421,4,CRITICAL_FAILURE,1
66.89,58.94,24.82,398.15,35.32,10.52,64.32,0.956,49.99,7.95,0.703,0.0124,0.4106,0.955,1.185,2,MECHANICAL_FAULT,1
61.45,55.72,25.16,391.99,32.28,1.17,53.4,0.944,50.02,5.74,0.633,0.0041,0.0022,0.879,1.147,0,NORMAL,0
61.45,54.93,22.66,400.97,29.71,1.1,49.46,0.944,50.01,6.53,0.596,0.0222,-0.0041,0.568,1.286,0,NORMAL,0
60.82,51.92,23.6,397.28,27.58,0.97,45.36,0.946,49.98,8.9,0.548,0.0004,-0.0112,0.414,1.279,0,NORMAL,0
70.07,86.16,10.39,388.98,42.29,3.7,68.52,0.727,50.11,-16.09,0.823,0.2054,-0.0319,3.522,2.545,3,DIELECTRIC_FAULT,1
64.06,55.93,27.21,395.03,42.64,0.96,66.58,0.969,50.01,8.13,0.842,-0.0225,0.0068,0.895,1.162,0,NORMAL,0
63.8,55.27,26.83,394.12,32.99,0.85,54.53,0.95,50.01,8.53,0.65,0.0051,-0.0114,0.597,0.611,0,NORMAL,0
61.39,52.75,23.89,398.46,36.2,1.73,63.9,0.935,50.03,8.64,0.721,0.0013,-0.0082,0.424,0.618,0,NORMAL,0
63.54,58.64,26.44,394.2,41.15,2.19,70.11,0.948,49.98,4.89,0.811,0.0518,-0.008,1.086,1.39,0,NORMAL,0
60.84,52.7,26.83,399.06,34.52,1.05,50.89,0.966,49.94,8.15,0.689,0.0186,-0.0219,0.794,1.503,0,NORMAL,0
62.23,55.06,24.24,401.13,30.18,1.65,50.99,0.971,49.99,7.18,0.605,-0.0282,0.0111,0.49,1.32,0,NORMAL,0
122.82,103.1,51.64,332.25,121.01,9.24,127.31,0.776,48.26,19.73,2.01,0.8216,0.6921,8.191,14.557,4,CRITICAL_FAILURE,1
64.19,59.65,24.84,393.11,42.22,1.29,70.69,0.958,49.97,4.54,0.83,0.0341,-0.0002,0.655,1.282,0,NORMAL,0
67.83,60.55,25.83,398.63,43.76,1.11,70.97,0.957,50.07,7.28,0.872,-0.0284,0.0251,0.878,1.527,0,NORMAL,0
61.92,52.32,24.19,405.24,37.76,1.4,60.55,0.976,49.97,9.6,0.765,-0.0115,0.0154,1.045,1.078,0,NORMAL,0
68.97,63.47,23.82,402.35,45.34,1.59,75.31,0.948,49.94,5.51,0.912,0.0219,0.0003,0.421,0.558,0,NORMAL,0
58.86,50.89,23.51,401.54,33.32,1.94,57.46,0.964,50.02,7.97,0.669,-0.0038,0.0195,1.094,1.799,0,NORMAL,0
56.06,47.31,24.62,392.49,46.03,11.28,83.04,0.957,49.95,8.75,0.903,-0.0311,0.4572,1.289,1.649,2,MECHANICAL_FAULT,1
67.49,60.22,29.41,408.39,44.33,1.5,73.65,0.955,50.0,7.27,0.905,-0.0162,-0.016,0.359,0.793,0,NORMAL,0
110.54,119.5,60.95,356.67,123.0,13.31,158.11,0.77,48.58,-8.96,2.193,1.9971,0.8845,9.055,11.814,4,CRITICAL_FAILURE,1
64.08,56.19,23.46,405.37,34.82,1.69,55.85,0.958,50.03,7.89,0.706,-0.0047,0.0069,0.452,0.806,0,NORMAL,0
105.57,99.6,33.49,402.19,67.71,2.9,100.32,0.9,49.84,5.97,1.362,0.7658,0.023,5.638,5.213,1,THERMAL_OVERLOAD,1
59.86,52.48,26.76,404.82,29.3,1.59,51.93,0.97,49.95,7.38,0.593,0.0206,0.0293,0.688,0.7,0,NORMAL,0
65.02,56.27,24.03,402.13,42.82,1.49,69.51,0.965,50.02,8.75,0.861,0.0001,-0.0028,0.586,1.147,0,NORMAL,0
109.41,118.98,61.83,333.45,120.19,15.57,157.24,0.66,48.31,-9.57,2.004,1.5231,1.1734,5.91,13.37,4,CRITICAL_FAILURE,1
58.37,52.73,25.29,401.55,28.82,1.22,47.26,0.958,49.99,5.64,0.579,-0.004,-0.0184,0.652,0.691,0,NORMAL,0
67.79,59.74,25.42,400.65,42.06,0.81,69.02,0.975,49.96,8.05,0.842,-0.051,-0.0015,0.594,1.776,0,NORMAL,0
113.91,100.23,53.85,357.24,121.15,9.0,140.92,0.741,48.35,13.68,2.164,1.8995,0.7323,6.95,10.514,4,CRITICAL_FAILURE,1
62.45,53.71,21.79,400.34,37.06,1.73,62.75,0.948,50.03,8.75,0.742,-0.0247,0.0594,0.581,1.578,0,NORMAL,0
59.08,51.46,27.07,396.9,31.76,1.89,52.45,0.947,49.94,7.62,0.63,0.0025,-0.0213,1.173,1.592,0,NORMAL,0
64.44,56.51,25.67,402.68,33.2,2.1,58.5,0.958,50.03,7.93,0.668,0.0146,-0.0011,0.664,1.462,0,NORMAL,0
58.65,50.62,21.03,400.34,31.45,1.8,52.55,0.956,49.97,8.04,0.63,0.0309,-0.0184,0.98,1.945,0,NORMAL,0
64.66,58.76,24.32,403.11,34.8,1.04,59.13,0.958,50.01,5.9,0.701,0.0116,-0.0177,0.815,1.985,0,NORMAL,0
58.62,53.9,23.53,404.73,31.46,1.39,53.87,0.931,50.09,4.73,0.637,-0.0102,-0.001,0.37,0.675,0,NORMAL,0
134.08,108.4,48.5,331.89,105.82,12.99,127.83,0.618,48.99,25.67,1.756,2.03,1.1332,7.994,12.413,4,CRITICAL_FAILURE,1
59.05,51.31,26.12,402.81,47.25,5.64,83.25,0.959,50.08,7.74,0.952,-0.0434,0.1649,1.001,1.542,2,MECHANICAL_FAULT,1
69.08,64.06,26.4,400.8,40.26,7.99,77.84,0.912,49.94,5.02,0.807,-0.1405,0.456,0.887,2.639,2,MECHANICAL_FAULT,1
62.88,57.95,27.93,399.26,34.69,1.57,64.67,0.942,49.93,4.92,0.692,0.0345,-0.0315,1.061,1.63,0,NORMAL,0
58.16,53.88,23.3,400.47,28.19,1.7,49.1,0.944,50.11,4.28,0.565,-0.0079,0.0093,0.838,1.918,0,NORMAL,0
106.55,100.33,62.6,340.79,108.95,13.77,139.93,0.738,48.32,6.21,1.856,0.6739,0.4138,8.653,10.508,4,CRITICAL_FAILURE,1
84.32,76.2,45.93,362.81,36.43,2.17,75.96,0.829,49.79,8.12,0.661,0.0896,0.0901,3.761,4.888,3,DIELECTRIC_FAULT,1
58.48,48.72,25.44,396.85,27.89,1.32,49.56,0.953,50.0,9.77,0.553,-0.0298,-0.011,0.343,1.918,0,NORMAL,0
70.01,64.47,26.7,389.98,36.53,6.23,64.23,0.941,50.02,5.54,0.712,0.1105,0.5672,1.267,2.943,2,MECHANICAL_FAULT,1
60.6,54.05,25.03,396.97,32.89,1.06,55.36,0.934,50.05,6.55,0.653,-0.0272,0.0304,1.022,1.489,0,NORMAL,0
62.57,55.01,28.15,399.9,35.2,0.95,62.19,0.962,49.93,7.57,0.704,-0.034,-0.001,0.878,1.442,0,NORMAL,0
61.56,51.77,24.8,396.06,40.69,1.36,65.46,0.935,49.99,9.8,0.806,0.0662,0.026,0.951,1.964,0,NORMAL,0
67.82,63.52,25.93,397.96,43.01,1.99,71.77,0.957,49.97,4.3,0.856,-0.0302,0.0051,0.252,0.738,0,NORMAL,0
63.56,57.37,22.32,390.7,39.55,1.2,61.18,0.959,50.01,6.19,0.773,0.0155,0.0188,0.802,1.087,0,NORMAL,0
63.07,57.05,27.23,399.94,36.45,1.33,62.36,0.93,50.07,6.02,0.729,0.0216,-0.0267,0.272,0.661,0,NORMAL,0
67.95,59.54,23.32,408.27,39.46,2.02,67.47,0.945,49.93,8.41,0.806,0.0548,0.0083,1.2,1.153,0,NORMAL,0
68.15,61.85,24.19,399.28,42.96,1.59,75.05,0.977,50.07,6.3,0.858,0.0343,0.0158,0.594,1.867,0,NORMAL,0
116.59,88.18,27.14,402.22,73.53,3.91,118.15,0.932,50.04,28.41,1.479,0.7554,0.0492,5.714,4.307,1,THERMAL_OVERLOAD,1
65.39,56.43,27.33,406.13,41.34,1.94,70.04,0.976,50.01,8.96,0.84,-0.0029,0.0247,0.673,1.744,0,NORMAL,0
116.91,113.58,49.29,346.03,123.33,10.68,136.98,0.641,48.88,3.33,2.134,1.5059,1.0075,7.987,7.565,4,CRITICAL_FAILURE,1
59.58,53.84,26.79,398.13,31.72,1.05,53.3,0.947,50.02,5.74,0.631,-0.0122,-0.0337,1.095,1.329,0,NORMAL,0
123.16,106.87,64.44,349.8,88.08,13.7,132.16,0.644,48.58,16.3,1.541,1.3737,0.8363,6.929,8.245,4,CRITICAL_FAILURE,1
64.57,56.73,26.67,394.42,36.06,7.5,66.92,0.951,49.98,7.84,0.711,0.0389,0.3534,1.318,1.82,2,MECHANICAL_FAULT,1
117.18,102.19,53.17,334.73,105.84,15.43,131.35,0.627,48.67,14.99,1.771,1.5913,1.1344,11.461,8.225,4,CRITICAL_FAILURE,1
63.1,54.71,27.22,397.84,35.87,1.94,55.52,0.969,49.97,8.39,0.714,0.0557,0.0009,0.403,0.939,0,NORMAL,0
74.56,92.66,11.17,379.25,47.28,3.04,84.87,0.811,49.72,-18.1,0.896,0.1911,0.0497,2.042,3.129,3,DIELECTRIC_FAULT,1
84.42,79.93,43.5,379.68,52.36,2.8,84.98,0.834,49.95,4.49,0.994,0.2658,0.0922,2.517,4.891,3,DIELECTRIC_FAULT,1
67.84,63.79,23.66,399.58,45.07,0.81,72.93,0.97,50.05,4.05,0.901,0.0594,0.0037,1.115,1.312,0,NORMAL,0
93.22,86.82,31.85,390.62,71.08,2.93,105.42,0.929,49.77,6.4,1.388,0.3607,-0.0564,3.782,4.614,1,THERMAL_OVERLOAD,1
115.03,98.25,59.06,354.37,98.96,9.85,126.22,0.635,48.22,16.78,1.754,1.467,0.8495,5.675,6.454,4,CRITICAL_FAILURE,1
66.93,61.3,26.45,400.0,45.53,1.01,68.89,0.945,49.89,5.63,0.911,0.0031,-0.0126,0.71,1.052,0,NORMAL,0
120.45,109.76,52.09,354.43,110.58,11.94,122.77,0.646,48.47,10.68,1.96,1.1867,0.438,11.685,14.228,4,CRITICAL_FAILURE,1
60.54,55.53,27.96,403.12,36.73,1.4,57.25,0.937,49.98,5.0,0.74,0.0234,0.0262,0.541,0.608,0,NORMAL,0
95.94,83.8,34.65,388.7,66.74,2.97,98.49,0.882,49.92,12.14,1.297,0.7919,-0.0074,6.068,3.335,1,THERMAL_OVERLOAD,1
65.55,57.42,28.92,404.08,46.81,0.9,74.48,0.973,49.96,8.14,0.946,0.0235,0.0142,1.014,0.507,0,NORMAL,0
63.87,55.69,30.03,395.58,39.98,1.71,69.14,0.958,49.97,8.17,0.791,0.0266,0.0052,1.068,0.724,0,NORMAL,0
63.66,58.03,22.88,395.62,30.78,1.2,53.89,0.959,49.97,5.62,0.609,-0.0347,0.0172,0.73,0.842,0,NORMAL,0
68.33,60.57,22.87,399.61,41.65,0.96,73.25,0.931,50.03,7.76,0.832,-0.0075,0.0133,0.286,1.199,0,NORMAL,0
65.0,55.99,24.89,397.58,42.41,0.83,69.66,0.935,50.06,9.01,0.843,0.0033,0.0006,1.039,1.697,0,NORMAL,0
103.98,85.56,33.98,401.6,68.01,2.75,102.51,0.933,49.81,18.42,1.366,0.219,-0.0244,5.893,3.638,1,THERMAL_OVERLOAD,1
73.96,66.4,25.25,398.86,43.39,6.49,78.15,0.936,49.88,7.56,0.865,0.0017,0.5435,0.979,2.261,2,MECHANICAL_FAULT,1
61.31,51.55,28.87,396.9,33.43,1.92,48.56,0.942,49.96,9.76,0.663,-0.0007,0.0007,1.066,1.269,0,NORMAL,0
61.32,55.21,27.02,399.35,39.21,1.76,66.99,0.953,49.97,6.11,0.783,0.0434,-0.0026,1.151,1.702,0,NORMAL,0
62.15,55.46,28.11,393.43,35.86,1.13,62.97,0.949,50.08,6.69,0.705,0.0303,-0.0138,0.58,1.795,0,NORMAL,0
114.56,119.13,52.65,353.84,116.33,13.45,133.41,0.758,48.75,-4.56,2.058,1.2187,0.5691,6.375,7.43,4,CRITICAL_FAILURE,1
65.61,60.27,27.19,398.25,41.93,2.05,68.17,0.972,50.01,5.34,0.835,0.0313,-0.0478,0.433,1.275,0,NORMAL,0
60.3,53.1,23.09,393.98,27.4,1.64,45.76,0.957,49.94,7.2,0.54,-0.0264,-0.0047,1.169,0.762,0,NORMAL,0
66.14,56.75,21.69,407.64,40.2,0.82,66.74,0.971,49.95,9.39,0.819,-0.0037,0.0019,0.777,1.196,0,NORMAL,0
103.76,104.69,26.23,406.42,84.95,3.59,129.6,0.916,49.76,-0.93,1.726,0.6643,0.0504,6.431,3.518,1,THERMAL_OVERLOAD,1
102.82,85.44,31.69,389.33,75.74,3.6,114.84,0.937,49.87,17.38,1.474,0.1517,0.0862,2.647,4.98,1,THERMAL_OVERLOAD,1
65.08,60.02,23.07,405.58,43.17,0.99,73.12,0.961,49.99,5.05,0.875,-0.0394,0.0098,0.674,1.795,0,NORMAL,0
84.78,83.78,11.6,399.48,51.2,3.33,85.75,0.688,49.5,1.0,1.023,0.1718,0.051,1.719,2.693,3,DIELECTRIC_FAULT,1
66.87,62.61,21.25,404.91,46.5,1.07,75.83,0.951,50.0,4.25,0.941,0.0379,0.0201,0.509,1.551,0,NORMAL,0
71.72,63.0,23.64,401.98,34.53,8.77,62.31,0.941,50.16,8.72,0.694,-0.0493,0.3038,1.234,1.578,2,MECHANICAL_FAULT,1
68.9,62.98,24.71,392.31,38.57,9.24,64.38,0.957,49.96,5.92,0.757,0.0547,0.2705,1.071,2.68,2,MECHANICAL_FAULT,1
98.75,101.59,33.77,393.53,84.4,2.98,130.73,0.897,49.77,-2.84,1.661,0.4659,0.1167,2.924,4.029,1,THERMAL_OVERLOAD,1
59.47,52.23,22.3,399.25,29.06,1.12,50.54,0.941,50.06,7.24,0.58,-0.0334,0.0045,0.873,1.704,0,NORMAL,0
61.69,57.15,24.27,400.91,32.61,1.22,51.9,0.961,50.04,4.54,0.654,0.0398,0.0475,0.455,1.94,0,NORMAL,0
111.93,90.89,26.68,395.58,81.48,2.05,125.61,0.912,49.82,21.04,1.612,0.2109,-0.0479,2.886,5.458,1,THERMAL_OVERLOAD,1
65.98,61.5,22.98,402.73,42.43,1.77,69.44,0.949,49.92,4.48,0.854,0.037,0.0008,1.123,1.395,0,NORMAL,0
63.35,55.31,28.82,399.17,41.82,1.59,67.83,0.97,50.06,8.04,0.835,0.0351,-0.0202,1.191,1.085,0,NORMAL,0
64.15,56.32,22.96,409.57,46.92,1.55,76.67,0.96,49.91,7.82,0.961,-0.0067,-0.0034,0.713,0.663,0,NORMAL,0
65.28,55.73,28.16,401.05,38.1,1.51,63.91,0.944,49.93,9.55,0.764,-0.016,-0.0032,1.093,0.788,0,NORMAL,0
64.55,55.64,23.24,401.65,42.32,1.94,71.78,0.955,50.06,8.91,0.85,0.0091,-0.0059,0.683,1.871,0,NORMAL,0
106.02,92.43,28.07,392.34,84.62,3.09,131.77,0.903,50.0,13.58,1.66,0.3469,0.0625,3.816,5.492,1,THERMAL_OVERLOAD,1
129.2,105.51,61.18,332.89,97.27,15.49,128.87,0.656,48.65,23.69,1.619,0.7313,0.6359,8.824,7.622,4,CRITICAL_FAILURE,1
59.59,52.72,22.15,396.01,31.25,1.12,51.16,0.97,49.99,6.88,0.619,0.0203,-0.0073,0.677,1.289,0,NORMAL,0
105.79,104.4,26.54,396.71,69.99,3.7,103.81,0.899,50.01,1.39,1.388,0.8301,0.0511,3.234,3.046,1,THERMAL_OVERLOAD,1
65.91,60.08,25.71,395.33,46.02,1.01,72.43,0.942,50.03,5.84,0.91,0.0138,-0.0225,0.599,0.572,0,NORMAL,0
83.34,87.25,44.36,393.16,33.5,1.8,60.94,0.756,49.38,-3.91,0.659,0.235,0.0399,1.752,4.766,3,DIELECTRIC_FAULT,1
62.2,54.93,23.63,398.54,25.56,1.85,45.55,0.952,50.06,7.27,0.509,-0.0454,-0.0222,1.165,1.658,0,NORMAL,0
63.41,57.08,23.14,397.39,39.16,8.64,77.26,0.929,49.89,6.33,0.778,-0.0092,0.2694,1.405,1.096,2,MECHANICAL_FAULT,1
60.22,54.65,27.4,398.57,32.27,1.79,51.03,0.935,49.96,5.57,0.643,0.0069,-0.0082,0.436,0.609,0,NORMAL,0
107.71,115.16,56.3,331.07,106.9,13.08,144.31,0.71,48.58,-7.44,1.77,0.6441,1.0295,8.279,7.25,4,CRITICAL_FAILURE,1
65.27,60.67,28.93,399.68,41.44,1.27,69.24,0.965,50.0,4.6,0.828,0.0323,0.0209,0.693,1.872,0,NORMAL,0
67.43,61.47,21.47,389.34,47.24,0.85,72.86,0.944,50.0,5.95,0.92,0.0126,-0.0173,0.871,1.708,0,NORMAL,0
107.66,118.1,59.18,359.42,104.46,15.32,150.17,0.666,49.03,-10.45,1.877,1.524,1.0649,7.275,14.256,4,CRITICAL_FAILURE,1
65.52,59.08,25.36,405.55,43.38,1.01,72.73,0.976,49.98,6.44,0.88,-0.0236,-0.0031,0.428,1.794,0,NORMAL,0
90.93,92.7,36.49,399.71,77.25,3.3,123.13,0.894,50.0,-1.78,1.544,0.3425,0.0472,3.298,6.533,1,THERMAL_OVERLOAD,1
80.41,76.4,56.12,372.72,42.09,2.43,82.32,0.805,49.68,4.0,0.784,0.1251,0.055,2.445,3.706,3,DIELECTRIC_FAULT,1
63.83,57.47,26.18,400.09,33.84,1.03,54.25,0.952,50.04,6.36,0.677,0.0207,-0.0127,1.121,0.566,0,NORMAL,0
77.61,69.74,25.88,404.68,42.07,7.68,72.55,0.949,49.99,7.88,0.851,0.0012,0.5089,1.22,1.678,2,MECHANICAL_FAULT,1
125.62,104.51,63.5,343.85,92.33,14.87,140.55,0.702,48.25,21.11,1.587,1.4749,0.7325,10.068,8.403,4,CRITICAL_FAILURE,1
68.29,61.3,25.54,406.24,42.0,1.33,72.26,0.942,50.03,6.99,0.853,0.0156,-0.0017,0.291,1.391,0,NORMAL,0
61.94,54.08,24.53,400.17,31.9,1.39,50.07,0.956,50.05,7.86,0.638,-0.0001,-0.0079,0.491,1.892,0,NORMAL,0
62.98,54.22,24.63,399.0,35.31,1.19,61.06,0.977,50.03,8.76,0.705,0.0294,0.0133,0.239,0.937,0,NORMAL,0
65.28,58.01,24.85,399.9,43.77,1.27,73.36,0.954,50.05,7.26,0.875,0.009,-0.0155,1.019,1.858,0,NORMAL,0
60.84,52.55,22.86,398.88,35.1,0.96,55.5,0.963,50.03,8.29,0.7,-0.0327,0.0288,1.043,1.967,0,NORMAL,0
66.26,59.27,26.07,397.48,40.04,1.54,69.21,0.965,49.87,6.99,0.796,0.0089,0.0187,0.887,1.821,0,NORMAL,0
62.29,52.94,26.16,399.09,42.81,1.02,71.22,0.932,50.03,9.35,0.854,-0.0439,0.0346,1.109,1.024,0,NORMAL,0
63.76,56.07,23.25,393.57,39.39,1.22,67.66,0.962,50.04,7.7,0.775,0.021,0.0053,0.662,0.975,0,NORMAL,0
62.46,53.01,26.67,402.67,41.02,1.74,66.55,0.958,49.99,9.44,0.826,-0.0292,0.0221,0.747,1.071,0,NORMAL,0
85.06,93.21,8.4,377.02,26.6,2.06,57.17,0.682,49.89,-8.15,0.502,0.3196,-0.0199,1.615,2.464,3,DIELECTRIC_FAULT,1
58.71,48.84,25.51,402.53,29.1,1.44,49.87,0.971,50.04,9.87,0.586,0.0288,-0.0231,0.986,1.935,0,NORMAL,0
63.81,56.8,22.51,402.91,32.61,1.91,52.38,0.977,50.03,7.01,0.657,-0.0097,0.0141,0.606,1.713,0,NORMAL,0
62.07,57.14,23.63,401.02,35.05,1.73,57.63,0.934,50.06,4.93,0.703,-0.0178,-0.0336,1.057,1.345,0,NORMAL,0
66.2,60.16,24.4,402.2,47.02,1.91,77.54,0.953,49.94,6.03,0.946,0.005,0.0003,0.599,1.423,0,NORMAL,0
63.66,55.65,21.23,397.03,37.45,1.66,66.74,0.977,49.86,8.01,0.743,0.0538,0.0137,0.341,1.237,0,NORMAL,0
59.65,52.05,25.36,402.33,26.51,1.31,45.07,0.954,50.06,7.6,0.533,0.0056,0.0036,1.046,1.396,0,NORMAL,0
62.82,57.63,23.54,398.18,32.47,0.89,55.48,0.966,50.06,5.2,0.646,0.0009,0.0043,0.464,1.059,0,NORMAL,0
99.8,104.29,27.71,377.59,82.0,2.06,125.71,0.926,49.89,-4.49,1.548,0.5334,0.0249,5.253,5.468,1,THERMAL_OVERLOAD,1
65.99,57.02,26.44,400.93,43.31,1.4,68.98,0.975,50.07,8.97,0.868,-0.0337,0.0334,0.283,0.936,0,NORMAL,0
61.48,55.19,25.27,394.57,30.61,2.04,54.79,0.931,50.09,6.29,0.604,-0.0292,0.0005,0.297,1.78,0,NORMAL,0
62.1,57.79,24.55,402.48,34.37,1.15,61.44,0.934,50.01,4.31,0.692,-0.0089,0.0127,0.685,0.958,0,NORMAL,0
63.55,57.14,26.03,396.73,38.69,2.01,65.91,0.962,50.05,6.41,0.767,-0.041,-0.0077,0.772,1.982,0,NORMAL,0
65.93,56.1,23.64,395.26,43.48,0.86,69.05,0.935,49.99,9.83,0.859,-0.0305,0.018,0.674,1.227,0,NORMAL,0
63.77,54.17,26.07,390.76,35.68,1.8,61.96,0.953,50.04,9.6,0.697,0.0069,0.01,0.929,1.793,0,NORMAL,0
61.83,56.72,24.04,399.93,31.24,1.58,52.64,0.936,49.95,5.12,0.625,0.0271,0.0092,0.772,0.945,0,NORMAL,0
61.99,53.77,26.24,406.27,28.36,2.03,49.31,0.978,50.0,8.22,0.576,0.0281,-0.0055,0.963,1.01,0,NORMAL,0
97.5,104.07,29.69,395.73,67.9,3.23,106.29,0.914,50.06,-6.57,1.343,0.2075,0.1333,6.228,5.801,1,THERMAL_OVERLOAD,1
66.53,60.14,30.38,401.5,41.71,0.97,72.71,0.951,49.91,6.39,0.837,-0.022,-0.0039,0.958,1.295,0,NORMAL,0
112.34,82.65,33.64,392.22,67.34,2.67,99.95,0.919,49.84,29.69,1.321,0.5439,-0.0029,6.224,3.084,1,THERMAL_OVERLOAD,1
102.93,90.01,31.95,399.99,70.62,3.55,109.01,0.937,49.82,12.92,1.412,0.2036,-0.0126,5.791,4.368,1,THERMAL_OVERLOAD,1
67.51,61.69,21.3,402.03,45.04,0.87,77.44,0.971,49.93,5.83,0.905,-0.0286,-0.0261,1.165,1.492,0,NORMAL,0
64.03,57.43,26.86,399.39,40.48,1.76,69.18,0.947,49.99,6.6,0.808,-0.0164,0.0032,0.871,1.448,0,NORMAL,0
62.13,55.19,25.18,402.05,32.59,0.95,55.87,0.959,49.97,6.95,0.655,0.0258,0.0097,1.187,1.737,0,NORMAL,0
68.84,63.19,22.4,393.55,41.02,8.23,69.57,0.938,49.97,5.66,0.807,0.0669,0.2889,1.241,2.002,2,MECHANICAL_FAULT,1
89.4,87.44,52.9,408.32,37.51,2.05,67.07,0.796,49.87,1.96,0.766,0.3512,0.0776,3.326,2.9,3,DIELECTRIC_FAULT,1
65.69,59.33,24.01,398.42,42.56,2.01,67.95,0.955,50.03,6.35,0.848,0.0431,-0.0237,0.541,1.021,0,NORMAL,0
61.14,53.05,25.53,396.22,36.04,1.97,58.17,0.969,50.02,8.08,0.714,0.0188,-0.0125,0.522,1.994,0,NORMAL,0
60.12,53.6,29.43,406.15,32.66,0.88,57.06,0.965,50.01,6.52,0.663,-0.028,0.0275,0.42,1.873,0,NORMAL,0
66.43,57.51,26.8,395.27,44.13,8.65,80.02,0.932,49.87,8.92,0.872,0.0442,0.1237,1.812,1.402,2,MECHANICAL_FAULT,1
76.38,82.0,10.4,378.87,41.0,2.77,78.45,0.694,49.6,-5.63,0.777,0.2189,0.0349,1.72,3.767,3,DIELECTRIC_FAULT,1
132.43,113.89,60.1,335.17,96.55,11.02,155.42,0.713,48.93,18.54,1.618,1.5004,0.989,9.13,14.838,4,CRITICAL_FAILURE,1
61.37,56.23,22.0,401.87,31.17,1.76,52.5,0.956,50.05,5.14,0.626,-0.0152,0.0099,0.963,1.882,0,NORMAL,0
64.34,58.51,27.47,402.26,38.51,1.1,63.49,0.946,49.94,5.84,0.774,0.013,-0.0045,0.433,1.383,0,NORMAL,0
86.58,94.69,10.98,416.89,43.69,2.07,74.87,0.835,49.62,-8.12,0.911,0.2645,0.0265,2.942,2.116,3,DIELECTRIC_FAULT,1
64.3,56.01,24.13,394.25,42.57,6.09,77.9,0.933,50.12,8.3,0.839,-0.0385,0.2657,1.335,1.983,2,MECHANICAL_FAULT,1
90.49,85.79,34.65,394.37,64.57,2.65,102.24,0.913,49.8,4.69,1.273,0.8203,0.0754,5.541,6.303,1,THERMAL_OVERLOAD,1
59.32,53.22,22.99,402.75,38.99,1.94,66.52,0.935,49.92,6.09,0.785,-0.0561,0.0226,0.418,0.654,0,NORMAL,0
69.93,61.27,25.11,399.89,44.76,1.9,77.92,0.965,50.03,8.66,0.895,-0.0123,-0.0014,0.33,1.963,0,NORMAL,0
114.56,112.04,49.67,348.27,113.53,15.64,123.98,0.612,48.53,2.52,1.977,2.0558,0.7187,11.199,7.358,4,CRITICAL_FAILURE,1
61.36,54.15,22.49,406.63,29.35,2.03,49.95,0.977,50.0,7.21,0.597,-0.0485,-0.0167,0.479,1.79,0,NORMAL,0
65.31,58.1,25.03,405.46,41.2,1.63,70.58,0.974,50.03,7.21,0.835,-0.0149,0.0188,0.594,1.051,0,NORMAL,0
67.27,63.02,22.6,402.11,44.86,0.9,72.87,0.966,50.0,4.24,0.902,-0.0113,-0.0076,0.245,1.571,0,NORMAL,0
65.38,59.86,25.46,404.23,38.42,1.41,62.87,0.956,50.0,5.52,0.777,-0.0542,0.0276,0.245,1.044,0,NORMAL,0
70.32,63.98,24.9,394.21,45.3,0.85,76.83,0.944,50.07,6.34,0.893,0.0361,-0.0122,0.634,1.684,0,NORMAL,0
57.1,50.4,25.23,397.82,28.91,0.86,46.45,0.95,50.04,6.7,0.575,0.0139,-0.0017,0.799,1.453,0,NORMAL,0
66.79,59.69,21.94,396.0,44.7,7.51,75.94,0.931,49.97,7.09,0.885,0.1205,0.3592,1.762,2.514,2,MECHANICAL_FAULT,1
89.33,95.8,47.34,371.08,42.18,3.74,73.89,0.759,49.99,-6.47,0.783,0.2477,0.0422,1.679,4.215,3,DIELECTRIC_FAULT,1
65.52,58.1,26.59,395.65,36.42,1.43,63.26,0.967,50.03,7.42,0.72,-0.0296,-0.0136,0.387,1.038,0,NORMAL,0
77.57,89.0,51.91,371.61,28.03,3.08,55.57,0.803,49.77,-11.43,0.521,0.3537,-0.0565,3.264,4.64,3,DIELECTRIC_FAULT,1
65.31,56.7,26.47,399.74,42.48,1.52,70.03,0.93,49.99,8.62,0.849,0.0039,0.0383,0.517,0.531,0,NORMAL,0
57.98,49.8,23.32,398.22,29.92,2.17,53.34,0.94,49.96,8.18,0.596,-0.0357,0.0377,0.552,0.656,0,NORMAL,0
117.2,102.83,51.57,357.78,100.75,13.65,150.26,0.666,48.44,14.37,1.802,1.6408,0.7371,10.922,10.941,4,CRITICAL_FAILURE,1
129.81,101.24,63.63,335.32,122.46,13.7,143.24,0.62,48.4,28.57,2.053,1.9904,0.8061,8.174,6.524,4,CRITICAL_FAILURE,1
62.35,52.39,28.66,396.65,28.34,1.71,45.48,0.941,50.04,9.96,0.562,-0.0451,-0.0013,0.709,0.546,0,NORMAL,0
62.31,56.86,25.37,396.66,31.22,1.29,52.61,0.956,50.05,5.44,0.619,0.0228,-0.027,0.816,0.62,0,NORMAL,0
64.18,58.13,25.03,402.46,39.02,1.28,63.61,0.937,50.06,6.05,0.785,0.0407,-0.0015,0.867,1.24,0,NORMAL,0
62.29,53.54,30.2,399.89,38.49,1.88,67.39,0.963,49.91,8.75,0.77,0.0267,-0.0041,0.363,1.993,0,NORMAL,0
61.52,55.89,17.68,395.27,37.65,8.13,67.93,0.954,49.94,5.63,0.744,-0.0461,0.5216,0.899,2.65,2,MECHANICAL_FAULT,1
84.34,91.78,9.37,384.86,27.69,3.0,58.0,0.781,50.1,-7.44,0.533,0.2349,0.0864,1.709,4.104,3,DIELECTRIC_FAULT,1
63.13,55.43,24.26,397.42,34.27,1.35,56.0,0.961,49.96,7.7,0.681,-0.013,0.0014,0.207,0.965,0,NORMAL,0
115.12,104.11,31.79,391.68,79.79,3.81,120.2,0.892,49.93,11.01,1.563,0.2245,0.0141,4.833,4.942,1,THERMAL_OVERLOAD,1
63.59,55.06,24.48,404.46,40.56,8.59,73.19,0.959,50.05,8.53,0.82,-0.0078,0.3471,0.921,1.544,2,MECHANICAL_FAULT,1
86.31,89.86,9.85,393.56,52.84,2.63,88.89,0.82,50.0,-3.56,1.04,0.2557,0.0219,2.16,3.459,3,DIELECTRIC_FAULT,1
86.54,85.61,57.17,405.33,40.39,2.47,68.66,0.825,49.46,0.93,0.819,0.3965,-0.0172,2.604,4.223,3,DIELECTRIC_FAULT,1
68.44,63.49,20.98,398.36,47.02,1.61,76.45,0.959,49.93,4.96,0.937,0.002,0.0333,0.305,1.787,0,NORMAL,0
61.11,55.33,24.93,400.62,31.07,1.14,50.04,0.962,50.07,5.78,0.622,-0.0426,0.0183,0.476,0.576,0,NORMAL,0
60.84,52.28,26.18,405.2,37.58,8.17,66.35,0.908,50.02,8.56,0.761,0.0286,0.4412,1.501,1.945,2,MECHANICAL_FAULT,1
56.94,51.17,22.24,398.64,29.38,1.88,51.18,0.955,50.04,5.77,0.586,0.0067,-0.0145,0.769,1.008,0,NORMAL,0
116.3,96.56,30.3,391.28,74.89,2.21,121.39,0.918,49.97,19.74,1.465,0.2894,-0.0105,4.733,6.649,1,THERMAL_OVERLOAD,1
64.24,54.75,24.43,393.37,35.83,1.39,61.87,0.963,49.99,9.49,0.705,-0.0365,-0.027,0.558,0.501,0,NORMAL,0
86.8,85.9,10.48,391.0,47.65,2.26,79.46,0.772,50.21,0.9,0.932,0.3118,0.0104,1.705,2.461,3,DIELECTRIC_FAULT,1
91.53,88.07,10.15,409.18,41.9,2.55,69.88,0.688,49.78,3.46,0.857,0.0966,0.0758,2.21,4.567,3,DIELECTRIC_FAULT,1
64.94,59.4,26.05,396.53,39.91,1.28,70.83,0.973,49.92,5.54,0.791,0.0297,0.0258,0.394,1.877,0,NORMAL,0
57.65,49.31,25.7,398.77,28.87,2.11,52.02,0.965,50.06,8.34,0.576,-0.0504,-0.0065,0.318,0.696,0,NORMAL,0
74.78,78.55,44.7,370.1,45.09,2.89,79.24,0.732,49.51,-3.78,0.834,0.2984,-0.0069,1.696,2.101,3,DIELECTRIC_FAULT,1
56.8,50.96,25.36,400.41,27.78,1.45,47.3,0.976,50.02,5.84,0.556,0.0046,0.0088,0.843,1.972,0,NORMAL,0
63.56,55.07,27.1,403.29,30.02,1.15,50.26,0.967,50.02,8.49,0.605,-0.0147,0.0269,0.584,1.487,0,NORMAL,0
60.29,54.23,23.73,399.41,30.07,1.8,47.54,0.974,49.92,6.06,0.6,0.0168,-0.0191,0.553,1.971,0,NORMAL,0
70.62,76.33,10.04,388.08,37.58,2.73,77.29,0.757,49.8,-5.71,0.729,0.1076,0.2328,2.309,2.202,3,DIELECTRIC_FAULT,1
134.74,98.01,51.82,358.37,104.0,12.26,128.69,0.725,48.86,36.73,1.864,0.9773,0.558,5.1,13.586,4,CRITICAL_FAILURE,1
123.79,104.42,50.04,353.23,107.97,13.3,146.03,0.638,48.52,19.37,1.907,1.7928,0.5759,8.765,6.853,4,CRITICAL_FAILURE,1
66.01,61.26,25.48,401.83,39.81,1.1,67.06,0.961,50.0,4.75,0.8,-0.0608,0.0238,1.155,1.035,0,NORMAL,0
126.73,103.41,63.24,359.33,117.36,14.45,126.87,0.681,48.77,23.32,2.109,1.6829,0.4996,11.489,14.887,4,CRITICAL_FAILURE,1
73.28,65.49,26.77,406.06,38.44,9.99,72.58,0.957,50.01,7.79,0.78,0.0047,0.3611,1.541,2.373,2,MECHANICAL_FAULT,1
76.11,71.02,22.23,397.42,44.92,7.08,76.0,0.917,49.95,5.09,0.893,0.0183,0.5433,1.696,2.443,2,MECHANICAL_FAULT,1
63.29,56.07,24.32,399.63,37.58,1.42,65.97,0.945,50.01,7.22,0.751,0.0313,-0.0141,0.205,1.624,0,NORMAL,0
65.92,61.55,21.61,396.79,41.4,1.87,69.7,0.935,50.04,4.37,0.821,-0.0213,0.003,1.124,1.426,0,NORMAL,0
64.91,60.03,22.92,402.29,31.27,1.35,55.98,0.956,49.96,4.87,0.629,0.0493,0.0009,0.389,1.92,0,NORMAL,0
60.5,53.22,21.04,395.37,29.52,1.52,53.24,0.948,49.99,7.27,0.584,-0.0377,-0.0168,0.74,1.166,0,NORMAL,0
66.77,58.74,25.05,395.83,44.77,0.93,74.25,0.959,49.94,8.03,0.886,0.0278,-0.0102,1.0,1.998,0,NORMAL,0
61.53,52.14,24.28,400.48,36.08,1.36,61.77,0.978,50.06,9.39,0.722,-0.023,-0.0051,0.353,1.566,0,NORMAL,0
64.1,58.58,25.74,397.66,44.14,1.9,73.58,0.958,50.05,5.52,0.878,-0.0227,-0.0156,0.689,1.497,0,NORMAL,0
60.49,54.18,30.27,402.08,37.3,1.07,60.29,0.937,49.99,6.31,0.75,0.0434,0.0135,0.394,1.265,0,NORMAL,0
82.97,78.27,47.55,388.68,27.83,2.29,58.5,0.718,49.76,4.71,0.541,0.3458,0.0274,2.425,2.203,3,DIELECTRIC_FAULT,1
59.9,55.58,28.05,398.33,33.07,1.32,49.65,0.964,50.04,4.32,0.659,0.0095,0.0031,0.265,0.788,0,NORMAL,0
76.23,69.38,26.75,391.09,45.52,10.2,83.74,0.933,50.0,6.85,0.89,0.0541,0.1247,1.185,2.892,2,MECHANICAL_FAULT,1
59.09,52.91,21.58,397.37,33.22,1.03,52.73,0.947,50.0,6.19,0.66,0.0424,-0.0241,0.378,0.564,0,NORMAL,0
63.96,54.43,24.34,403.13,34.45,1.55,56.05,0.941,49.99,9.52,0.694,-0.0103,0.0071,0.837,1.928,0,NORMAL,0
60.26,52.67,24.55,408.87,26.99,1.4,48.93,0.942,50.01,7.6,0.552,0.0153,0.0071,0.481,0.643,0,NORMAL,0
104.46,89.59,34.58,390.23,76.28,3.95,115.88,0.908,49.96,14.87,1.488,0.216,0.0916,4.672,5.161,1,THERMAL_OVERLOAD,1
55.05,48.79,24.5,402.58,47.93,7.48,84.6,0.932,50.05,6.25,0.965,0.0761,0.1633,1.59,2.394,2,MECHANICAL_FAULT,1
65.05,58.33,28.19,398.54,40.4,1.43,71.82,0.969,50.01,6.72,0.805,-0.0264,0.0054,0.356,1.156,0,NORMAL,0
60.32,51.07,23.74,402.55,33.82,1.58,54.84,0.932,49.98,9.25,0.681,0.0235,0.0248,0.861,1.03,0,NORMAL,0
67.1,61.85,26.01,391.76,43.08,1.46,73.94,0.941,50.06,5.25,0.844,0.0085,-0.002,0.72,1.101,0,NORMAL,0
69.73,63.0,26.01,396.19,44.26,1.68,77.06,0.966,50.03,6.73,0.877,0.0496,0.0384,0.596,0.689,0,NORMAL,0
55.58,49.31,23.67,397.7,36.55,9.73,66.63,0.958,50.08,6.27,0.727,0.0848,0.6382,1.659,1.504,2,MECHANICAL_FAULT,1
61.44,53.92,25.55,393.85,34.18,1.78,55.33,0.964,49.99,7.53,0.673,-0.0013,-0.0306,0.65,1.936,0,NORMAL,0
106.84,100.15,37.33,399.81,73.82,2.13,109.44,0.906,49.67,6.69,1.476,0.4528,-0.0577,3.454,3.95,1,THERMAL_OVERLOAD,1
61.96,53.58,22.0,403.03,34.88,1.67,58.89,0.942,50.04,8.38,0.703,0.0002,-0.0112,1.182,1.563,0,NORMAL,0
92.29,100.62,34.6,406.36,82.54,2.51,125.63,0.921,50.07,-8.33,1.677,0.1852,0.0724,5.467,6.181,1,THERMAL_OVERLOAD,1
61.33,55.96,25.44,399.28,30.6,1.19,54.45,0.936,49.97,5.37,0.611,0.0062,0.0072,0.54,1.562,0,NORMAL,0
58.15,50.4,24.22,399.96,29.53,1.75,49.5,0.954,50.01,7.75,0.591,-0.0098,0.0098,1.03,0.801,0,NORMAL,0
63.97,58.81,26.23,394.8,42.21,1.39,72.7,0.933,49.93,5.16,0.833,-0.0076,-0.0187,0.598,0.61,0,NORMAL,0
58.84,52.11,23.3,397.82,28.74,1.51,49.17,0.945,50.01,6.73,0.572,0.0264,-0.0051,0.633,1.032,0,NORMAL,0
76.52,78.01,10.0,356.16,35.32,3.28,68.38,0.692,49.43,-1.49,0.629,0.2195,0.0586,3.734,4.01,3,DIELECTRIC_FAULT,1
67.8,60.78,24.0,402.75,36.28,10.51,65.01,0.917,50.02,7.02,0.731,0.0232,0.3279,0.941,2.186,2,MECHANICAL_FAULT,1
68.16,58.41,25.9,403.33,45.23,1.49,75.0,0.958,49.96,9.75,0.912,-0.0043,0.0276,1.005,1.839,0,NORMAL,0
66.68,58.01,25.34,404.21,41.76,1.4,73.12,0.956,50.03,8.67,0.844,0.0272,0.016,0.52,1.201,0,NORMAL,0
60.3,55.82,24.35,400.74,28.64,1.96,47.97,0.943,49.96,4.48,0.574,0.0235,-0.0228,0.297,1.04,0,NORMAL,0
64.94,55.37,28.07,399.17,39.77,1.4,66.59,0.973,50.02,9.57,0.794,-0.0012,-0.0019,1.086,1.771,0,NORMAL,0
118.84,118.83,57.9,354.31,118.72,11.82,126.17,0.602,49.15,0.01,2.103,0.7926,0.637,10.106,6.048,4,CRITICAL_FAILURE,1
58.35,49.0,24.13,395.31,26.86,1.47,45.81,0.978,50.04,9.35,0.531,0.0359,0.0017,1.026,1.912,0,NORMAL,0
61.46,56.19,23.36,398.57,35.78,1.83,60.2,0.971,49.94,5.27,0.713,-0.0322,0.0076,0.493,1.57,0,NORMAL,0
114.52,91.16,30.8,392.59,82.61,2.24,118.83,0.894,49.94,23.36,1.622,0.2946,0.0192,5.106,5.784,1,THERMAL_OVERLOAD,1
58.72,52.51,26.41,399.2,31.98,1.91,51.98,0.955,50.02,6.21,0.638,0.0305,-0.007,0.95,1.967,0,NORMAL,0
55.75,48.93,26.29,394.77,36.63,8.94,74.09,0.917,50.18,6.82,0.723,-0.0169,0.6358,1.522,1.898,2,MECHANICAL_FAULT,1
65.62,59.24,27.77,401.08,40.87,0.98,68.71,0.973,49.98,6.38,0.82,-0.0259,0.0139,0.873,1.695,0,NORMAL,0
59.8,52.0,26.59,401.37,29.31,1.31,45.94,0.935,50.03,7.79,0.588,-0.0435,-0.006,1.092,1.563,0,NORMAL,0
65.21,60.95,25.67,401.47,35.84,1.38,64.03,0.96,49.98,4.26,0.719,0.0016,0.0385,0.36,1.0,0,NORMAL,0
61.51,53.07,26.32,399.74,36.03,1.36,54.7,0.951,49.97,8.44,0.72,-0.0097,0.0084,0.39,1.978,0,NORMAL,0
91.13,86.36,34.98,389.79,80.64,2.64,126.08,0.931,49.93,4.77,1.572,0.3872,0.0265,6.434,6.309,1,THERMAL_OVERLOAD,1
88.99,91.35,33.38,398.4,86.59,3.36,131.43,0.886,49.87,-2.36,1.725,0.4017,0.0258,4.173,3.937,1,THERMAL_OVERLOAD,1
126.05,112.3,59.16,336.59,111.75,11.0,137.94,0.708,48.4,13.76,1.881,0.8845,1.0148,7.657,10.901,4,CRITICAL_FAILURE,1
65.37,56.98,24.08,407.1,42.21,1.69,72.82,0.934,49.95,8.39,0.859,0.0164,-0.0434,1.196,1.212,0,NORMAL,0
76.7,95.01,6.52,377.17,31.85,3.4,61.92,0.688,49.73,-18.31,0.601,0.1914,0.0262,2.26,2.747,3,DIELECTRIC_FAULT,1
91.63,88.14,11.32,412.0,36.35,2.62,71.34,0.752,49.66,3.49,0.749,0.2921,0.0292,3.334,2.412,3,DIELECTRIC_FAULT,1
65.7,59.09,22.73,403.13,44.95,1.46,77.51,0.979,50.03,6.61,0.906,0.0156,-0.0232,0.776,1.348,0,NORMAL,0
64.25,60.06,28.5,393.3,41.81,1.22,74.47,0.953,49.99,4.19,0.822,0.0207,-0.0142,0.261,1.558,0,NORMAL,0
62.06,55.27,25.03,397.02,37.55,2.13,61.46,0.938,49.99,6.79,0.745,0.0153,0.0016,1.061,1.776,0,NORMAL,0
80.69,77.41,45.96,372.19,34.48,2.32,63.34,0.723,49.64,3.28,0.642,0.2115,0.0998,2.816,4.735,3,DIELECTRIC_FAULT,1
76.27,91.59,8.99,371.61,35.17,2.92,71.64,0.774,49.41,-15.32,0.653,0.1473,0.0979,2.796,3.485,3,DIELECTRIC_FAULT,1
65.79,59.1,22.33,400.24,42.18,2.09,69.85,0.931,50.0,6.69,0.844,0.0087,-0.0294,1.053,1.343,0,NORMAL,0
61.39,57.11,20.26,403.23,30.24,1.03,50.79,0.967,50.01,4.28,0.61,-0.0227,-0.0122,0.489,1.034,0,NORMAL,0
68.95,61.17,29.16,406.65,44.12,1.61,77.75,0.937,49.95,7.78,0.897,0.0418,-0.0454,0.222,1.815,0,NORMAL,0
59.77,52.66,25.07,397.43,25.48,1.4,45.93,0.948,50.0,7.11,0.506,0.0154,0.0036,0.219,1.623,0,NORMAL,0
87.51,85.39,7.62,393.81,46.94,3.65,86.28,0.782,49.94,2.11,0.924,0.3386,-0.0633,3.465,4.655,3,DIELECTRIC_FAULT,1
61.17,52.12,24.89,401.12,35.75,1.81,51.86,0.934,50.0,9.05,0.717,-0.0293,-0.0009,0.564,1.459,0,NORMAL,0
63.03,54.11,22.69,400.38,37.89,1.63,64.4,0.944,49.93,8.92,0.759,0.0357,0.037,0.942,1.513,0,NORMAL,0
74.59,67.43,25.94,394.8,37.69,10.97,70.18,0.948,49.94,7.17,0.744,0.0073,0.608,1.214,1.747,2,MECHANICAL_FAULT,1
110.22,86.33,30.91,392.87,89.06,3.16,133.93,0.912,50.1,23.89,1.749,0.7456,0.0595,3.587,5.221,1,THERMAL_OVERLOAD,1
66.01,58.7,31.11,400.04,39.14,5.46,72.4,0.911,49.96,7.31,0.783,-0.0443,0.3503,1.688,1.331,2,MECHANICAL_FAULT,1
60.74,51.49,25.15,399.27,28.32,2.03,47.44,0.939,49.98,9.25,0.565,-0.0052,-0.0317,0.443,1.986,0,NORMAL,0
59.7,55.68,26.48,394.86,32.31,1.28,54.01,0.978,49.96,4.02,0.638,0.0487,-0.0106,0.37,0.659,0,NORMAL,0
67.27,62.95,23.78,393.24,48.25,1.22,75.7,0.957,50.02,4.32,0.949,0.0605,0.0258,0.366,1.07,0,NORMAL,0
59.7,51.66,25.02,397.54,30.11,1.39,48.88,0.956,50.01,8.04,0.599,-0.0435,-0.0193,0.449,1.068,0,NORMAL,0
68.09,63.62,23.02,396.81,43.68,0.95,69.93,0.975,49.99,4.46,0.867,0.0205,0.0027,0.546,1.516,0,NORMAL,0
65.35,57.48,21.76,408.27,39.64,1.8,64.39,0.944,49.96,7.87,0.809,0.0097,0.0165,0.459,1.891,0,NORMAL,0
107.82,95.14,28.21,390.88,65.24,3.53,112.78,0.924,49.97,12.68,1.275,0.6866,0.0381,3.471,6.491,1,THERMAL_OVERLOAD,1
60.04,51.45,24.97,400.13,37.44,0.98,58.24,0.951,50.07,8.59,0.749,0.0293,-0.0163,1.182,0.768,0,NORMAL,0
55.97,48.5,24.09,394.87,35.65,11.33,63.58,0.908,49.96,7.46,0.704,0.082,0.4476,1.716,2.42,2,MECHANICAL_FAULT,1
63.76,56.11,24.0,403.41,33.1,1.61,57.68,0.953,50.03,7.64,0.668,0.0281,-0.0039,0.637,0.613,0,NORMAL,0
58.66,50.58,25.93,400.96,33.02,1.65,53.14,0.951,50.02,8.07,0.662,0.0144,0.0145,0.78,0.98,0,NORMAL,0
111.61,104.84,20.6,395.04,75.08,3.66,121.37,0.89,49.85,6.76,1.483,0.6535,-0.0502,4.537,6.607,1,THERMAL_OVERLOAD,1
60.5,52.86,22.53,404.44,37.2,2.18,58.52,0.953,49.97,7.63,0.752,-0.0243,0.0085,0.686,0.541,0,NORMAL,0
83.07,84.83,10.28,368.04,41.9,2.77,63.34,0.817,49.99,-1.76,0.771,0.3501,0.0066,3.009,3.034,3,DIELECTRIC_FAULT,1
70.62,63.58,21.16,396.17,34.95,9.64,66.57,0.91,50.07,7.04,0.692,-0.0118,0.3321,1.532,2.711,2,MECHANICAL_FAULT,1
67.4,61.99,23.77,401.48,44.78,1.22,77.22,0.942,50.04,5.41,0.899,0.0604,0.001,0.991,0.622,0,NORMAL,0
63.45,54.27,27.19,397.3,33.99,2.1,60.77,0.966,49.94,9.19,0.675,0.0851,-0.0064,0.889,0.675,0,NORMAL,0
85.29,80.17,49.11,404.89,50.55,2.73,85.55,0.682,50.07,5.12,1.023,0.1452,0.0566,2.268,2.396,3,DIELECTRIC_FAULT,1
67.22,62.91,25.06,405.89,44.85,2.2,75.86,0.974,49.98,4.31,0.91,-0.0278,-0.031,0.588,1.601,0,NORMAL,0
63.72,58.53,23.84,400.82,30.88,1.68,52.89,0.946,49.99,5.19,0.619,-0.0029,0.0011,0.57,0.663,0,NORMAL,0
67.94,58.95,22.74,405.55,43.16,1.69,71.41,0.945,50.12,8.99,0.875,0.0129,-0.0235,0.434,0.62,0,NORMAL,0
62.14,53.04,28.87,393.96,34.57,1.66,58.62,0.96,49.94,9.1,0.681,0.0383,0.0047,1.013,1.126,0,NORMAL,0
92.14,95.04,32.54,394.8,82.41,3.89,128.58,0.92,49.74,-2.9,1.627,0.5744,0.0632,6.039,4.502,1,THERMAL_OVERLOAD,1
63.17,56.97,25.07,402.5,35.01,1.14,60.22,0.94,50.02,6.2,0.705,-0.0045,-0.0226,0.222,1.168,0,NORMAL,0
66.05,58.79,24.14,399.56,43.42,1.0,69.27,0.944,50.05,7.26,0.868,-0.0125,-0.0402,1.047,1.907,0,NORMAL,0
64.79,59.21,26.41,398.02,39.55,1.8,63.6,0.952,49.93,5.58,0.787,0.0307,0.0181,0.846,0.788,0,NORMAL,0
60.15,53.87,22.81,398.87,27.78,2.16,46.49,0.972,49.99,6.29,0.554,0.0371,-0.0319,0.256,1.797,0,NORMAL,0
108.75,102.88,30.7,392.93,63.13,2.47,100.09,0.896,49.97,5.88,1.24,0.3511,0.0243,4.977,6.782,1,THERMAL_OVERLOAD,1
64.85,56.77,27.44,403.33,35.72,2.01,63.09,0.971,50.1,8.07,0.72,-0.0457,-0.0106,1.07,1.148,0,NORMAL,0
62.51,55.73,26.61,405.37,39.96,1.34,67.81,0.939,49.85,6.78,0.81,0.0192,-0.0275,0.415,1.722,0,NORMAL,0
63.84,56.32,26.57,396.35,37.58,1.44,64.34,0.949,50.04,7.52,0.745,-0.0317,-0.0196,0.989,1.782,0,NORMAL,0
91.95,76.73,51.34,383.8,46.42,2.24,75.35,0.747,49.72,15.22,0.891,0.2669,0.0129,3.877,3.116,3,DIELECTRIC_FAULT,1
60.59,52.04,28.35,397.38,35.54,1.11,53.05,0.963,50.07,8.55,0.706,-0.0202,0.0251,1.001,1.023,0,NORMAL,0
65.47,56.37,22.23,395.47,37.91,1.69,64.25,0.957,50.0,9.1,0.75,0.0006,-0.0053,0.732,0.672,0,NORMAL,0
63.62,58.17,24.66,398.03,46.47,1.36,73.75,0.936,50.0,5.45,0.925,-0.0398,0.0019,0.608,0.864,0,NORMAL,0
61.55,56.48,23.32,402.75,34.79,1.08,60.9,0.968,49.99,5.07,0.701,0.0195,0.0111,1.041,1.131,0,NORMAL,0
63.04,55.62,23.82,396.43,34.13,1.11,57.28,0.939,49.96,7.43,0.677,-0.0164,0.0167,1.127,1.955,0,NORMAL,0
60.91,56.16,26.19,402.58,33.98,0.99,58.58,0.939,50.01,4.74,0.684,-0.0251,-0.0163,0.511,1.363,0,NORMAL,0
64.72,58.71,24.86,398.85,44.42,2.2,73.61,0.967,50.06,6.01,0.886,-0.0177,-0.008,0.664,1.577,0,NORMAL,0
61.31,56.47,24.99,398.0,32.73,1.25,55.26,0.959,50.04,4.84,0.651,-0.007,0.0141,0.807,1.44,0,NORMAL,0
67.37,60.65,28.84,406.66,42.38,1.94,74.57,0.963,50.01,6.72,0.862,0.0163,0.0087,0.481,1.148,0,NORMAL,0
77.52,79.65,9.05,368.22,38.91,2.2,71.45,0.797,50.01,-2.14,0.716,0.3848,0.0335,1.68,4.373,3,DIELECTRIC_FAULT,1
62.3,52.55,26.76,397.16,32.43,1.28,55.39,0.95,50.03,9.75,0.644,0.0494,0.0507,0.784,1.649,0,NORMAL,0
64.82,56.36,23.13,397.9,34.75,0.87,58.27,0.941,50.02,8.46,0.691,-0.0516,-0.0072,0.556,1.687,0,NORMAL,0
60.92,53.31,26.03,404.33,32.24,1.36,57.54,0.955,49.97,7.6,0.652,0.0032,0.0351,0.233,1.247,0,NORMAL,0
59.18,51.67,25.13,403.91,25.9,0.95,45.1,0.95,50.01,7.51,0.523,0.0277,-0.021,1.123,1.435,0,NORMAL,0
67.83,60.28,19.78,402.38,40.94,1.95,72.4,0.95,50.05,7.55,0.824,0.0148,-0.0095,0.55,1.392,0,NORMAL,0
62.97,57.99,27.81,395.62,35.44,0.93,61.61,0.954,50.1,4.98,0.701,-0.0144,-0.0231,0.708,1.86,0,NORMAL,0
64.92,58.06,24.72,396.17,39.55,2.09,66.29,0.954,49.89,6.86,0.783,-0.0011,-0.0057,1.021,1.67,0,NORMAL,0
60.62,54.52,21.31,402.51,33.68,1.78,55.78,0.972,49.99,6.1,0.678,-0.0292,-0.0162,0.881,0.793,0,NORMAL,0
58.9,52.12,26.34,404.19,41.61,8.94,69.5,0.935,50.01,6.78,0.841,-0.0025,0.3234,1.509,2.567,2,MECHANICAL_FAULT,1
60.84,54.09,26.94,393.1,35.74,0.89,60.14,0.97,49.92,6.75,0.703,0.0134,-0.0218,0.65,1.66,0,NORMAL,0
61.73,52.39,24.83,406.57,30.84,1.72,50.35,0.976,50.06,9.34,0.627,0.0074,-0.016,1.194,0.748,0,NORMAL,0
61.91,53.94,24.28,399.92,34.81,1.36,59.15,0.976,49.97,7.97,0.696,-0.0195,0.0264,0.592,1.631,0,NORMAL,0
60.75,51.3,21.63,409.47,32.97,1.4,52.89,0.961,49.94,9.46,0.675,-0.0199,-0.014,0.446,1.146,0,NORMAL,0
67.51,62.19,23.81,395.42,46.67,1.45,77.52,0.951,50.0,5.32,0.923,-0.0188,0.0242,1.183,0.771,0,NORMAL,0
66.56,62.19,24.68,403.88,44.53,1.02,74.33,0.964,50.04,4.38,0.899,-0.0264,-0.009,0.593,0.831,0,NORMAL,0
63.6,56.58,26.84,399.04,35.19,1.12,64.04,0.935,50.04,7.01,0.702,0.0218,-0.004,0.745,0.98,0,NORMAL,0
64.95,60.7,28.56,398.17,40.68,1.81,74.24,0.944,50.0,4.25,0.81,0.0037,0.0124,0.668,0.618,0,NORMAL,0
60.68,56.28,23.9,393.3,39.25,1.15,63.67,0.94,50.11,4.4,0.772,0.0282,-0.031,0.621,1.751,0,NORMAL,0
63.58,56.06,21.74,396.32,35.25,1.42,57.65,0.972,49.98,7.52,0.699,-0.0501,0.0407,0.984,1.092,0,NORMAL,0
65.41,59.33,23.8,404.65,44.79,2.16,75.67,0.979,50.01,6.08,0.906,-0.0024,0.0158,0.412,1.74,0,NORMAL,0
61.86,56.17,26.01,406.96,39.67,11.64,75.92,0.926,50.03,5.7,0.807,0.0193,0.2981,0.92,2.174,2,MECHANICAL_FAULT,1
103.44,99.04,35.67,401.37,76.94,3.06,112.0,0.886,49.99,4.4,1.544,0.5078,-0.0147,2.996,4.592,1,THERMAL_OVERLOAD,1
66.45,61.57,23.58,394.33,36.71,1.69,65.13,0.963,50.02,4.88,0.724,-0.013,0.0251,0.222,1.717,0,NORMAL,0
94.17,89.44,29.79,383.06,71.54,2.38,108.94,0.933,49.94,4.72,1.37,0.8096,-0.0362,6.311,5.402,1,THERMAL_OVERLOAD,1
61.0,52.74,25.91,393.92,33.58,0.89,54.98,0.976,49.85,8.26,0.661,-0.0157,-0.0173,0.706,1.294,0,NORMAL,0
61.14,53.89,24.21,400.15,35.36,10.52,63.41,0.921,49.85,7.25,0.708,0.1227,0.5229,1.374,2.134,2,MECHANICAL_FAULT,1
84.87,90.19,8.1,396.03,39.83,2.24,70.48,0.767,49.76,-5.33,0.789,0.1142,0.042,2.794,2.566,3,DIELECTRIC_FAULT,1
61.75,56.58,24.32,403.31,35.93,1.5,59.66,0.956,49.86,5.16,0.725,0.0027,-0.0308,0.682,0.813,0,NORMAL,0
79.61,81.55,11.91,372.3,41.22,2.36,75.25,0.748,50.16,-1.94,0.767,0.1042,0.072,3.026,2.178,3,DIELECTRIC_FAULT,1
65.79,56.28,27.94,400.77,36.44,1.37,61.69,0.952,50.0,9.51,0.73,0.05,0.0096,0.95,1.387,0,NORMAL,0
60.81,54.42,21.51,398.92,31.8,2.07,50.75,0.973,49.97,6.4,0.634,-0.0055,-0.0023,0.827,1.005,0,NORMAL,0
66.93,57.59,22.65,409.53,39.85,1.44,65.46,0.94,49.97,9.34,0.816,0.0278,-0.0001,0.817,1.783,0,NORMAL,0
61.36,56.04,24.73,396.46,35.07,1.64,59.53,0.967,49.95,5.32,0.695,0.0556,0.0244,0.318,1.115,0,NORMAL,0
59.17,51.88,23.14,395.92,28.41,2.12,50.06,0.938,49.92,7.29,0.562,-0.0431,-0.0132,0.749,1.605,0,NORMAL,0
63.28,53.5,24.16,398.33,30.44,0.93,54.5,0.98,49.92,9.77,0.606,-0.0033,0.0149,0.882,1.989,0,NORMAL,0
66.05,61.97,24.14,396.04,36.95,0.81,58.75,0.958,49.95,4.08,0.732,0.0157,-0.0103,1.081,0.966,0,NORMAL,0
90.47,85.84,8.04,384.0,48.31,3.36,73.96,0.77,50.04,4.63,0.928,0.3805,0.0086,2.812,3.706,3,DIELECTRIC_FAULT,1
106.57,96.0,29.97,394.13,67.31,2.33,101.87,0.889,50.11,10.56,1.326,0.6311,0.0025,4.514,6.969,1,THERMAL_OVERLOAD,1
83.36,88.65,10.08,357.69,44.18,2.43,65.5,0.831,50.1,-5.29,0.79,0.1912,0.0803,2.103,3.336,3,DIELECTRIC_FAULT,1
61.94,52.47,22.75,396.18,34.19,1.66,58.73,0.951,50.02,9.47,0.677,-0.0422,-0.0088,0.603,1.474,0,NORMAL,0
128.44,104.46,55.71,349.9,114.41,9.15,153.62,0.612,48.53,23.98,2.002,1.8341,0.8781,7.972,14.703,4,CRITICAL_FAILURE,1
63.08,54.0,24.9,403.34,38.29,1.71,60.51,0.952,49.93,9.08,0.772,-0.0736,0.0147,0.768,1.226,0,NORMAL,0
63.26,56.77,23.64,400.89,41.3,0.81,68.12,0.974,50.01,6.49,0.828,-0.0523,0.0249,0.45,1.576,0,NORMAL,0
61.96,56.92,23.83,402.31,42.26,6.23,79.2,0.931,50.04,5.04,0.85,0.0604,0.1383,0.928,1.151,2,MECHANICAL_FAULT,1
91.35,95.66,51.3,388.69,44.8,3.13,74.63,0.817,50.06,-4.31,0.871,0.0855,-0.0628,2.687,2.025,3,DIELECTRIC_FAULT,1
89.4,93.14,6.0,412.27,44.51,2.37,86.4,0.692,49.57,-3.74,0.917,0.2949,0.064,3.528,3.481,3,DIELECTRIC_FAULT,1
65.6,58.02,20.95,402.63,42.38,1.2,71.96,0.96,49.99,7.58,0.853,-0.0038,0.0095,0.347,1.327,0,NORMAL,0
